subject	session	release_relative_path	replacement_file	audit_status	release_present	size_match_defaced	size_differs_from_original	hash_match_defaced	status	notes
sub-001	ses-01	sub-001/ses-01/anat/sub-001_ses-01_run-01_T1w.nii.gz	/lustre07/scratch/alexrees/derivatives/defacing/sub-001/ses-01/anat/sub-001_ses-01_run-01_T1w.nii.gz	REPLACED	yes	yes	yes	yes	OK	
sub-001	ses-01	sub-001/ses-01/anat/sub-001_ses-01_run-02_T1w.nii.gz	/lustre07/scratch/alexrees/derivatives/defacing/sub-001/ses-01/anat/sub-001_ses-01_run-02_T1w.nii.gz	REPLACED	yes	yes	yes	yes	OK	
sub-001	ses-01	sub-001/ses-01/anat/sub-001_ses-01_run-03_T1w.nii.gz	/lustre07/scratch/alexrees/derivatives/defacing/sub-001/ses-01/anat/sub-001_ses-01_run-03_T1w.nii.gz	REPLACED	yes	yes	yes	yes	OK	
sub-001	ses-02	sub-001/ses-02/anat/sub-001_ses-02_run-01_T1w.nii.gz	/lustre07/scratch/alexrees/derivatives/defacing/sub-001/ses-02/anat/sub-001_ses-02_run-01_T1w.nii.gz	REPLACED	yes	yes	yes	yes	OK	
sub-001	ses-02	sub-001/ses-02/anat/sub-001_ses-02_run-02_T1w.nii.gz	/lustre07/scratch/alexrees/derivatives/defacing/sub-001/ses-02/anat/sub-001_ses-02_run-02_T1w.nii.gz	REPLACED	yes	yes	yes	yes	OK	
sub-001	ses-02	sub-001/ses-02/anat/sub-001_ses-02_run-03_T1w.nii.gz	/lustre07/scratch/alexrees/derivatives/defacing/sub-001/ses-02/anat/sub-001_ses-02_run-03_T1w.nii.gz	REPLACED	yes	yes	yes	yes	OK	
sub-002	ses-01	sub-002/ses-01/anat/sub-002_ses-01_run-01_T1w.nii.gz	/lustre07/scratch/alexrees/derivatives/defacing/sub-002/ses-01/anat/sub-002_ses-01_run-01_T1w.nii.gz	REPLACED	yes	yes	yes	yes	OK	
sub-002	ses-01	sub-002/ses-01/anat/sub-002_ses-01_run-02_T1w.nii.gz	/lustre07/scratch/alexrees/derivatives/defacing/sub-002/ses-01/anat/sub-002_ses-01_run-02_T1w.nii.gz	REPLACED	yes	yes	yes	yes	OK	
sub-002	ses-01	sub-002/ses-01/anat/sub-002_ses-01_run-03_T1w.nii.gz	/lustre07/scratch/alexrees/derivatives/defacing/sub-002/ses-01/anat/sub-002_ses-01_run-03_T1w.nii.gz	REPLACED	yes	yes	yes	yes	OK	
sub-002	ses-02	sub-002/ses-02/anat/sub-002_ses-02_run-01_T1w.nii.gz	/lustre07/scratch/alexrees/derivatives/defacing/sub-002/ses-02/anat/sub-002_ses-02_run-01_T1w.nii.gz	REPLACED	yes	yes	yes	yes	OK	
sub-002	ses-02	sub-002/ses-02/anat/sub-002_ses-02_run-02_T1w.nii.gz	/lustre07/scratch/alexrees/derivatives/defacing/sub-002/ses-02/anat/sub-002_ses-02_run-02_T1w.nii.gz	REPLACED	yes	yes	yes	yes	OK	
sub-002	ses-02	sub-002/ses-02/anat/sub-002_ses-02_run-03_T1w.nii.gz	/lustre07/scratch/alexrees/derivatives/defacing/sub-002/ses-02/anat/sub-002_ses-02_run-03_T1w.nii.gz	REPLACED	yes	yes	yes	yes	OK	
sub-003	ses-01	sub-003/ses-01/anat/sub-003_ses-01_run-01_T1w.nii.gz	/lustre07/scratch/alexrees/derivatives/defacing/sub-003/ses-01/anat/sub-003_ses-01_run-01_T1w.nii.gz	REPLACED	yes	yes	yes	yes	OK	
sub-003	ses-01	sub-003/ses-01/anat/sub-003_ses-01_run-02_T1w.nii.gz	/lustre07/scratch/alexrees/derivatives/defacing/sub-003/ses-01/anat/sub-003_ses-01_run-02_T1w.nii.gz	REPLACED	yes	yes	yes	yes	OK	
sub-003	ses-01	sub-003/ses-01/anat/sub-003_ses-01_run-03_T1w.nii.gz	/lustre07/scratch/alexrees/derivatives/defacing/sub-003/ses-01/anat/sub-003_ses-01_run-03_T1w.nii.gz	REPLACED	yes	yes	yes	yes	OK	
sub-003	ses-02	sub-003/ses-02/anat/sub-003_ses-02_run-01_T1w.nii.gz	/lustre07/scratch/alexrees/derivatives/defacing/sub-003/ses-02/anat/sub-003_ses-02_run-01_T1w.nii.gz	REPLACED	yes	yes	yes	yes	OK	
sub-003	ses-02	sub-003/ses-02/anat/sub-003_ses-02_run-02_T1w.nii.gz	/lustre07/scratch/alexrees/derivatives/defacing/sub-003/ses-02/anat/sub-003_ses-02_run-02_T1w.nii.gz	REPLACED	yes	yes	yes	yes	OK	
sub-003	ses-02	sub-003/ses-02/anat/sub-003_ses-02_run-03_T1w.nii.gz	/lustre07/scratch/alexrees/derivatives/defacing/sub-003/ses-02/anat/sub-003_ses-02_run-03_T1w.nii.gz	REPLACED	yes	yes	yes	yes	OK	
sub-004	ses-01	sub-004/ses-01/anat/sub-004_ses-01_run-01_T1w.nii.gz	/lustre07/scratch/alexrees/derivatives/defacing/sub-004/ses-01/anat/sub-004_ses-01_run-01_T1w.nii.gz	REPLACED	yes	yes	yes	yes	OK	
sub-004	ses-01	sub-004/ses-01/anat/sub-004_ses-01_run-02_T1w.nii.gz	/lustre07/scratch/alexrees/derivatives/defacing/sub-004/ses-01/anat/sub-004_ses-01_run-02_T1w.nii.gz	REPLACED	yes	yes	yes	yes	OK	
sub-004	ses-01	sub-004/ses-01/anat/sub-004_ses-01_run-03_T1w.nii.gz	/lustre07/scratch/alexrees/derivatives/defacing/sub-004/ses-01/anat/sub-004_ses-01_run-03_T1w.nii.gz	REPLACED	yes	yes	yes	yes	OK	
sub-004	ses-02	sub-004/ses-02/anat/sub-004_ses-02_run-01_T1w.nii.gz	/lustre07/scratch/alexrees/derivatives/defacing/sub-004/ses-02/anat/sub-004_ses-02_run-01_T1w.nii.gz	REPLACED	yes	yes	yes	yes	OK	
sub-004	ses-02	sub-004/ses-02/anat/sub-004_ses-02_run-02_T1w.nii.gz	/lustre07/scratch/alexrees/derivatives/defacing/sub-004/ses-02/anat/sub-004_ses-02_run-02_T1w.nii.gz	REPLACED	yes	yes	yes	yes	OK	
sub-004	ses-02	sub-004/ses-02/anat/sub-004_ses-02_run-03_T1w.nii.gz	/lustre07/scratch/alexrees/derivatives/defacing/sub-004/ses-02/anat/sub-004_ses-02_run-03_T1w.nii.gz	REPLACED	yes	yes	yes	yes	OK	
sub-005	ses-01	sub-005/ses-01/anat/sub-005_ses-01_run-01_T1w.nii.gz	/lustre07/scratch/alexrees/derivatives/defacing/sub-005/ses-01/anat/sub-005_ses-01_run-01_T1w.nii.gz	REPLACED	yes	yes	yes	yes	OK	
sub-005	ses-01	sub-005/ses-01/anat/sub-005_ses-01_run-02_T1w.nii.gz	/lustre07/scratch/alexrees/derivatives/defacing/sub-005/ses-01/anat/sub-005_ses-01_run-02_T1w.nii.gz	REPLACED	yes	yes	yes	yes	OK	
sub-005	ses-01	sub-005/ses-01/anat/sub-005_ses-01_run-03_T1w.nii.gz	/lustre07/scratch/alexrees/derivatives/defacing/sub-005/ses-01/anat/sub-005_ses-01_run-03_T1w.nii.gz	REPLACED	yes	yes	yes	yes	OK	
sub-005	ses-02	sub-005/ses-02/anat/sub-005_ses-02_run-01_T1w.nii.gz	/lustre07/scratch/alexrees/derivatives/defacing/sub-005/ses-02/anat/sub-005_ses-02_run-01_T1w.nii.gz	REPLACED	yes	yes	yes	yes	OK	
sub-005	ses-02	sub-005/ses-02/anat/sub-005_ses-02_run-02_T1w.nii.gz	/lustre07/scratch/alexrees/derivatives/defacing/sub-005/ses-02/anat/sub-005_ses-02_run-02_T1w.nii.gz	REPLACED	yes	yes	yes	yes	OK	
sub-005	ses-02	sub-005/ses-02/anat/sub-005_ses-02_run-03_T1w.nii.gz	/lustre07/scratch/alexrees/derivatives/defacing/sub-005/ses-02/anat/sub-005_ses-02_run-03_T1w.nii.gz	REPLACED	yes	yes	yes	yes	OK	
sub-006	ses-01	sub-006/ses-01/anat/sub-006_ses-01_run-01_T1w.nii.gz	/lustre07/scratch/alexrees/derivatives/defacing/sub-006/ses-01/anat/sub-006_ses-01_run-01_T1w.nii.gz	REPLACED	yes	yes	yes	yes	OK	
sub-006	ses-01	sub-006/ses-01/anat/sub-006_ses-01_run-02_T1w.nii.gz	/lustre07/scratch/alexrees/derivatives/defacing/sub-006/ses-01/anat/sub-006_ses-01_run-02_T1w.nii.gz	REPLACED	yes	yes	yes	yes	OK	
sub-006	ses-01	sub-006/ses-01/anat/sub-006_ses-01_run-03_T1w.nii.gz	/lustre07/scratch/alexrees/derivatives/defacing/sub-006/ses-01/anat/sub-006_ses-01_run-03_T1w.nii.gz	REPLACED	yes	yes	yes	yes	OK	
sub-006	ses-02	sub-006/ses-02/anat/sub-006_ses-02_run-01_T1w.nii.gz	/lustre07/scratch/alexrees/derivatives/defacing/sub-006/ses-02/anat/sub-006_ses-02_run-01_T1w.nii.gz	REPLACED	yes	yes	yes	yes	OK	
sub-006	ses-02	sub-006/ses-02/anat/sub-006_ses-02_run-02_T1w.nii.gz	/lustre07/scratch/alexrees/derivatives/defacing/sub-006/ses-02/anat/sub-006_ses-02_run-02_T1w.nii.gz	REPLACED	yes	yes	yes	yes	OK	
sub-006	ses-02	sub-006/ses-02/anat/sub-006_ses-02_run-03_T1w.nii.gz	/lustre07/scratch/alexrees/derivatives/defacing/sub-006/ses-02/anat/sub-006_ses-02_run-03_T1w.nii.gz	REPLACED	yes	yes	yes	yes	OK	
sub-007	ses-01	sub-007/ses-01/anat/sub-007_ses-01_run-01_T1w.nii.gz	/lustre07/scratch/alexrees/derivatives/defacing/sub-007/ses-01/anat/sub-007_ses-01_run-01_T1w.nii.gz	REPLACED	yes	yes	yes	yes	OK	
sub-007	ses-01	sub-007/ses-01/anat/sub-007_ses-01_run-02_T1w.nii.gz	/lustre07/scratch/alexrees/derivatives/defacing/sub-007/ses-01/anat/sub-007_ses-01_run-02_T1w.nii.gz	REPLACED	yes	yes	yes	yes	OK	
sub-007	ses-01	sub-007/ses-01/anat/sub-007_ses-01_run-03_T1w.nii.gz	/lustre07/scratch/alexrees/derivatives/defacing/sub-007/ses-01/anat/sub-007_ses-01_run-03_T1w.nii.gz	REPLACED	yes	yes	yes	yes	OK	
sub-007	ses-02	sub-007/ses-02/anat/sub-007_ses-02_run-01_T1w.nii.gz	/lustre07/scratch/alexrees/derivatives/defacing/sub-007/ses-02/anat/sub-007_ses-02_run-01_T1w.nii.gz	REPLACED	yes	yes	yes	yes	OK	
sub-007	ses-02	sub-007/ses-02/anat/sub-007_ses-02_run-02_T1w.nii.gz	/lustre07/scratch/alexrees/derivatives/defacing/sub-007/ses-02/anat/sub-007_ses-02_run-02_T1w.nii.gz	REPLACED	yes	yes	yes	yes	OK	
sub-007	ses-02	sub-007/ses-02/anat/sub-007_ses-02_run-03_T1w.nii.gz	/lustre07/scratch/alexrees/derivatives/defacing/sub-007/ses-02/anat/sub-007_ses-02_run-03_T1w.nii.gz	REPLACED	yes	yes	yes	yes	OK	
sub-008	ses-01	sub-008/ses-01/anat/sub-008_ses-01_run-01_T1w.nii.gz	/lustre07/scratch/alexrees/derivatives/defacing/sub-008/ses-01/anat/sub-008_ses-01_run-01_T1w.nii.gz	REPLACED	yes	yes	yes	yes	OK	
sub-008	ses-01	sub-008/ses-01/anat/sub-008_ses-01_run-02_T1w.nii.gz	/lustre07/scratch/alexrees/derivatives/defacing/sub-008/ses-01/anat/sub-008_ses-01_run-02_T1w.nii.gz	REPLACED	yes	yes	yes	yes	OK	
sub-008	ses-01	sub-008/ses-01/anat/sub-008_ses-01_run-03_T1w.nii.gz	/lustre07/scratch/alexrees/derivatives/defacing/sub-008/ses-01/anat/sub-008_ses-01_run-03_T1w.nii.gz	REPLACED	yes	yes	yes	yes	OK	
sub-008	ses-02	sub-008/ses-02/anat/sub-008_ses-02_run-01_T1w.nii.gz	/lustre07/scratch/alexrees/derivatives/defacing/sub-008/ses-02/anat/sub-008_ses-02_run-01_T1w.nii.gz	REPLACED	yes	yes	yes	yes	OK	
sub-008	ses-02	sub-008/ses-02/anat/sub-008_ses-02_run-02_T1w.nii.gz	/lustre07/scratch/alexrees/derivatives/defacing/sub-008/ses-02/anat/sub-008_ses-02_run-02_T1w.nii.gz	REPLACED	yes	yes	yes	yes	OK	
sub-008	ses-02	sub-008/ses-02/anat/sub-008_ses-02_run-03_T1w.nii.gz	/lustre07/scratch/alexrees/derivatives/defacing/sub-008/ses-02/anat/sub-008_ses-02_run-03_T1w.nii.gz	REPLACED	yes	yes	yes	yes	OK	
sub-009	ses-01	sub-009/ses-01/anat/sub-009_ses-01_run-01_T1w.nii.gz	/lustre07/scratch/alexrees/derivatives/defacing/sub-009/ses-01/anat/sub-009_ses-01_run-01_T1w.nii.gz	REPLACED	yes	yes	yes	yes	OK	
sub-009	ses-01	sub-009/ses-01/anat/sub-009_ses-01_run-02_T1w.nii.gz	/lustre07/scratch/alexrees/derivatives/defacing/sub-009/ses-01/anat/sub-009_ses-01_run-02_T1w.nii.gz	REPLACED	yes	yes	yes	yes	OK	
sub-009	ses-01	sub-009/ses-01/anat/sub-009_ses-01_run-03_T1w.nii.gz	/lustre07/scratch/alexrees/derivatives/defacing/sub-009/ses-01/anat/sub-009_ses-01_run-03_T1w.nii.gz	REPLACED	yes	yes	yes	yes	OK	
sub-009	ses-02	sub-009/ses-02/anat/sub-009_ses-02_run-01_T1w.nii.gz	/lustre07/scratch/alexrees/derivatives/defacing/sub-009/ses-02/anat/sub-009_ses-02_run-01_T1w.nii.gz	REPLACED	yes	yes	yes	yes	OK	
sub-009	ses-02	sub-009/ses-02/anat/sub-009_ses-02_run-02_T1w.nii.gz	/lustre07/scratch/alexrees/derivatives/defacing/sub-009/ses-02/anat/sub-009_ses-02_run-02_T1w.nii.gz	REPLACED	yes	yes	yes	yes	OK	
sub-009	ses-02	sub-009/ses-02/anat/sub-009_ses-02_run-03_T1w.nii.gz	/lustre07/scratch/alexrees/derivatives/defacing/sub-009/ses-02/anat/sub-009_ses-02_run-03_T1w.nii.gz	REPLACED	yes	yes	yes	yes	OK	
sub-010	ses-01	sub-010/ses-01/anat/sub-010_ses-01_run-01_T1w.nii.gz	/lustre07/scratch/alexrees/derivatives/defacing/sub-010/ses-01/anat/sub-010_ses-01_run-01_T1w.nii.gz	REPLACED	yes	yes	yes	yes	OK	
sub-010	ses-01	sub-010/ses-01/anat/sub-010_ses-01_run-02_T1w.nii.gz	/lustre07/scratch/alexrees/derivatives/defacing/sub-010/ses-01/anat/sub-010_ses-01_run-02_T1w.nii.gz	REPLACED	yes	yes	yes	yes	OK	
sub-010	ses-01	sub-010/ses-01/anat/sub-010_ses-01_run-03_T1w.nii.gz	/lustre07/scratch/alexrees/derivatives/defacing/sub-010/ses-01/anat/sub-010_ses-01_run-03_T1w.nii.gz	REPLACED	yes	yes	yes	yes	OK	
sub-011	ses-01	sub-011/ses-01/anat/sub-011_ses-01_run-01_T1w.nii.gz	/lustre07/scratch/alexrees/derivatives/defacing/sub-011/ses-01/anat/sub-011_ses-01_run-01_T1w.nii.gz	REPLACED	yes	yes	yes	yes	OK	
sub-011	ses-01	sub-011/ses-01/anat/sub-011_ses-01_run-02_T1w.nii.gz	/lustre07/scratch/alexrees/derivatives/defacing/sub-011/ses-01/anat/sub-011_ses-01_run-02_T1w.nii.gz	REPLACED	yes	yes	yes	yes	OK	
sub-011	ses-01	sub-011/ses-01/anat/sub-011_ses-01_run-03_T1w.nii.gz	/lustre07/scratch/alexrees/derivatives/defacing/sub-011/ses-01/anat/sub-011_ses-01_run-03_T1w.nii.gz	REPLACED	yes	yes	yes	yes	OK	
sub-011	ses-02	sub-011/ses-02/anat/sub-011_ses-02_run-01_T1w.nii.gz	/lustre07/scratch/alexrees/derivatives/defacing/sub-011/ses-02/anat/sub-011_ses-02_run-01_T1w.nii.gz	REPLACED	yes	yes	yes	yes	OK	
sub-011	ses-02	sub-011/ses-02/anat/sub-011_ses-02_run-02_T1w.nii.gz	/lustre07/scratch/alexrees/derivatives/defacing/sub-011/ses-02/anat/sub-011_ses-02_run-02_T1w.nii.gz	REPLACED	yes	yes	yes	yes	OK	
sub-011	ses-02	sub-011/ses-02/anat/sub-011_ses-02_run-03_T1w.nii.gz	/lustre07/scratch/alexrees/derivatives/defacing/sub-011/ses-02/anat/sub-011_ses-02_run-03_T1w.nii.gz	REPLACED	yes	yes	yes	yes	OK	
sub-012	ses-01	sub-012/ses-01/anat/sub-012_ses-01_run-01_T1w.nii.gz	/lustre07/scratch/alexrees/derivatives/defacing/sub-012/ses-01/anat/sub-012_ses-01_run-01_T1w.nii.gz	REPLACED	yes	yes	yes	yes	OK	
sub-012	ses-01	sub-012/ses-01/anat/sub-012_ses-01_run-02_T1w.nii.gz	/lustre07/scratch/alexrees/derivatives/defacing/sub-012/ses-01/anat/sub-012_ses-01_run-02_T1w.nii.gz	REPLACED	yes	yes	yes	yes	OK	
sub-012	ses-01	sub-012/ses-01/anat/sub-012_ses-01_run-03_T1w.nii.gz	/lustre07/scratch/alexrees/derivatives/defacing/sub-012/ses-01/anat/sub-012_ses-01_run-03_T1w.nii.gz	REPLACED	yes	yes	yes	yes	OK	
sub-012	ses-02	sub-012/ses-02/anat/sub-012_ses-02_run-01_T1w.nii.gz	/lustre07/scratch/alexrees/derivatives/defacing/sub-012/ses-02/anat/sub-012_ses-02_run-01_T1w.nii.gz	REPLACED	yes	yes	yes	yes	OK	
sub-012	ses-02	sub-012/ses-02/anat/sub-012_ses-02_run-02_T1w.nii.gz	/lustre07/scratch/alexrees/derivatives/defacing/sub-012/ses-02/anat/sub-012_ses-02_run-02_T1w.nii.gz	REPLACED	yes	yes	yes	yes	OK	
sub-012	ses-02	sub-012/ses-02/anat/sub-012_ses-02_run-03_T1w.nii.gz	/lustre07/scratch/alexrees/derivatives/defacing/sub-012/ses-02/anat/sub-012_ses-02_run-03_T1w.nii.gz	REPLACED	yes	yes	yes	yes	OK	
sub-013	ses-01	sub-013/ses-01/anat/sub-013_ses-01_run-01_T1w.nii.gz	/lustre07/scratch/alexrees/derivatives/defacing/sub-013/ses-01/anat/sub-013_ses-01_run-01_T1w.nii.gz	REPLACED	yes	yes	yes	yes	OK	
sub-013	ses-01	sub-013/ses-01/anat/sub-013_ses-01_run-02_T1w.nii.gz	/lustre07/scratch/alexrees/derivatives/defacing/sub-013/ses-01/anat/sub-013_ses-01_run-02_T1w.nii.gz	REPLACED	yes	yes	yes	yes	OK	
sub-013	ses-01	sub-013/ses-01/anat/sub-013_ses-01_run-03_T1w.nii.gz	/lustre07/scratch/alexrees/derivatives/defacing/sub-013/ses-01/anat/sub-013_ses-01_run-03_T1w.nii.gz	REPLACED	yes	yes	yes	yes	OK	
sub-014	ses-01	sub-014/ses-01/anat/sub-014_ses-01_run-01_T1w.nii.gz	/lustre07/scratch/alexrees/derivatives/defacing/sub-014/ses-01/anat/sub-014_ses-01_run-01_T1w.nii.gz	REPLACED	yes	yes	yes	yes	OK	
sub-014	ses-01	sub-014/ses-01/anat/sub-014_ses-01_run-02_T1w.nii.gz	/lustre07/scratch/alexrees/derivatives/defacing/sub-014/ses-01/anat/sub-014_ses-01_run-02_T1w.nii.gz	REPLACED	yes	yes	yes	yes	OK	
sub-014	ses-01	sub-014/ses-01/anat/sub-014_ses-01_run-03_T1w.nii.gz	/lustre07/scratch/alexrees/derivatives/defacing/sub-014/ses-01/anat/sub-014_ses-01_run-03_T1w.nii.gz	REPLACED	yes	yes	yes	yes	OK	
sub-015	ses-01	sub-015/ses-01/anat/sub-015_ses-01_run-01_T1w.nii.gz	/lustre07/scratch/alexrees/derivatives/defacing/sub-015/ses-01/anat/sub-015_ses-01_run-01_T1w.nii.gz	REPLACED	yes	yes	yes	yes	OK	
sub-015	ses-01	sub-015/ses-01/anat/sub-015_ses-01_run-02_T1w.nii.gz	/lustre07/scratch/alexrees/derivatives/defacing/sub-015/ses-01/anat/sub-015_ses-01_run-02_T1w.nii.gz	REPLACED	yes	yes	yes	yes	OK	
sub-015	ses-01	sub-015/ses-01/anat/sub-015_ses-01_run-03_T1w.nii.gz	/lustre07/scratch/alexrees/derivatives/defacing/sub-015/ses-01/anat/sub-015_ses-01_run-03_T1w.nii.gz	REPLACED	yes	yes	yes	yes	OK	
sub-015	ses-02	sub-015/ses-02/anat/sub-015_ses-02_run-01_T1w.nii.gz	/lustre07/scratch/alexrees/derivatives/defacing/sub-015/ses-02/anat/sub-015_ses-02_run-01_T1w.nii.gz	REPLACED	yes	yes	yes	yes	OK	
sub-015	ses-02	sub-015/ses-02/anat/sub-015_ses-02_run-02_T1w.nii.gz	/lustre07/scratch/alexrees/derivatives/defacing/sub-015/ses-02/anat/sub-015_ses-02_run-02_T1w.nii.gz	REPLACED	yes	yes	yes	yes	OK	
sub-015	ses-02	sub-015/ses-02/anat/sub-015_ses-02_run-03_T1w.nii.gz	/lustre07/scratch/alexrees/derivatives/defacing/sub-015/ses-02/anat/sub-015_ses-02_run-03_T1w.nii.gz	REPLACED	yes	yes	yes	yes	OK	
sub-016	ses-01	sub-016/ses-01/anat/sub-016_ses-01_run-01_T1w.nii.gz	/lustre07/scratch/alexrees/derivatives/defacing/sub-016/ses-01/anat/sub-016_ses-01_run-01_T1w.nii.gz	REPLACED	yes	yes	yes	yes	OK	
sub-016	ses-01	sub-016/ses-01/anat/sub-016_ses-01_run-02_T1w.nii.gz	/lustre07/scratch/alexrees/derivatives/defacing/sub-016/ses-01/anat/sub-016_ses-01_run-02_T1w.nii.gz	REPLACED	yes	yes	yes	yes	OK	
sub-016	ses-01	sub-016/ses-01/anat/sub-016_ses-01_run-03_T1w.nii.gz	/lustre07/scratch/alexrees/derivatives/defacing/sub-016/ses-01/anat/sub-016_ses-01_run-03_T1w.nii.gz	REPLACED	yes	yes	yes	yes	OK	
sub-016	ses-02	sub-016/ses-02/anat/sub-016_ses-02_run-01_T1w.nii.gz	/lustre07/scratch/alexrees/derivatives/defacing/sub-016/ses-02/anat/sub-016_ses-02_run-01_T1w.nii.gz	REPLACED	yes	yes	yes	yes	OK	
sub-016	ses-02	sub-016/ses-02/anat/sub-016_ses-02_run-02_T1w.nii.gz	/lustre07/scratch/alexrees/derivatives/defacing/sub-016/ses-02/anat/sub-016_ses-02_run-02_T1w.nii.gz	REPLACED	yes	yes	yes	yes	OK	
sub-016	ses-02	sub-016/ses-02/anat/sub-016_ses-02_run-03_T1w.nii.gz	/lustre07/scratch/alexrees/derivatives/defacing/sub-016/ses-02/anat/sub-016_ses-02_run-03_T1w.nii.gz	REPLACED	yes	yes	yes	yes	OK	
sub-017	ses-01	sub-017/ses-01/anat/sub-017_ses-01_run-01_T1w.nii.gz	/lustre07/scratch/alexrees/derivatives/defacing/sub-017/ses-01/anat/sub-017_ses-01_run-01_T1w.nii.gz	REPLACED	yes	yes	yes	yes	OK	
sub-017	ses-01	sub-017/ses-01/anat/sub-017_ses-01_run-02_T1w.nii.gz	/lustre07/scratch/alexrees/derivatives/defacing/sub-017/ses-01/anat/sub-017_ses-01_run-02_T1w.nii.gz	REPLACED	yes	yes	yes	yes	OK	
sub-017	ses-01	sub-017/ses-01/anat/sub-017_ses-01_run-03_T1w.nii.gz	/lustre07/scratch/alexrees/derivatives/defacing/sub-017/ses-01/anat/sub-017_ses-01_run-03_T1w.nii.gz	REPLACED	yes	yes	yes	yes	OK	
sub-017	ses-02	sub-017/ses-02/anat/sub-017_ses-02_run-01_T1w.nii.gz	/lustre07/scratch/alexrees/derivatives/defacing/sub-017/ses-02/anat/sub-017_ses-02_run-01_T1w.nii.gz	REPLACED	yes	yes	yes	yes	OK	
sub-017	ses-02	sub-017/ses-02/anat/sub-017_ses-02_run-02_T1w.nii.gz	/lustre07/scratch/alexrees/derivatives/defacing/sub-017/ses-02/anat/sub-017_ses-02_run-02_T1w.nii.gz	REPLACED	yes	yes	yes	yes	OK	
sub-017	ses-02	sub-017/ses-02/anat/sub-017_ses-02_run-03_T1w.nii.gz	/lustre07/scratch/alexrees/derivatives/defacing/sub-017/ses-02/anat/sub-017_ses-02_run-03_T1w.nii.gz	REPLACED	yes	yes	yes	yes	OK	
sub-018	ses-01	sub-018/ses-01/anat/sub-018_ses-01_run-01_T1w.nii.gz	/lustre07/scratch/alexrees/derivatives/defacing/sub-018/ses-01/anat/sub-018_ses-01_run-01_T1w.nii.gz	REPLACED	yes	yes	yes	yes	OK	
sub-018	ses-01	sub-018/ses-01/anat/sub-018_ses-01_run-02_T1w.nii.gz	/lustre07/scratch/alexrees/derivatives/defacing/sub-018/ses-01/anat/sub-018_ses-01_run-02_T1w.nii.gz	REPLACED	yes	yes	yes	yes	OK	
sub-019	ses-01	sub-019/ses-01/anat/sub-019_ses-01_run-01_T1w.nii.gz	/lustre07/scratch/alexrees/derivatives/defacing/sub-019/ses-01/anat/sub-019_ses-01_run-01_T1w.nii.gz	REPLACED	yes	yes	yes	yes	OK	
sub-019	ses-01	sub-019/ses-01/anat/sub-019_ses-01_run-02_T1w.nii.gz	/lustre07/scratch/alexrees/derivatives/defacing/sub-019/ses-01/anat/sub-019_ses-01_run-02_T1w.nii.gz	REPLACED	yes	yes	yes	yes	OK	
sub-019	ses-01	sub-019/ses-01/anat/sub-019_ses-01_run-03_T1w.nii.gz	/lustre07/scratch/alexrees/derivatives/defacing/sub-019/ses-01/anat/sub-019_ses-01_run-03_T1w.nii.gz	REPLACED	yes	yes	yes	yes	OK	
sub-019	ses-02	sub-019/ses-02/anat/sub-019_ses-02_run-01_T1w.nii.gz	/lustre07/scratch/alexrees/derivatives/defacing/sub-019/ses-02/anat/sub-019_ses-02_run-01_T1w.nii.gz	REPLACED	yes	yes	yes	yes	OK	
sub-019	ses-02	sub-019/ses-02/anat/sub-019_ses-02_run-02_T1w.nii.gz	/lustre07/scratch/alexrees/derivatives/defacing/sub-019/ses-02/anat/sub-019_ses-02_run-02_T1w.nii.gz	REPLACED	yes	yes	yes	yes	OK	
sub-019	ses-02	sub-019/ses-02/anat/sub-019_ses-02_run-03_T1w.nii.gz	/lustre07/scratch/alexrees/derivatives/defacing/sub-019/ses-02/anat/sub-019_ses-02_run-03_T1w.nii.gz	REPLACED	yes	yes	yes	yes	OK	
sub-020	ses-01	sub-020/ses-01/anat/sub-020_ses-01_run-01_T1w.nii.gz	/lustre07/scratch/alexrees/derivatives/defacing/sub-020/ses-01/anat/sub-020_ses-01_run-01_T1w.nii.gz	REPLACED	yes	yes	yes	yes	OK	
sub-020	ses-01	sub-020/ses-01/anat/sub-020_ses-01_run-02_T1w.nii.gz	/lustre07/scratch/alexrees/derivatives/defacing/sub-020/ses-01/anat/sub-020_ses-01_run-02_T1w.nii.gz	REPLACED	yes	yes	yes	yes	OK	
sub-020	ses-01	sub-020/ses-01/anat/sub-020_ses-01_run-03_T1w.nii.gz	/lustre07/scratch/alexrees/derivatives/defacing/sub-020/ses-01/anat/sub-020_ses-01_run-03_T1w.nii.gz	REPLACED	yes	yes	yes	yes	OK	
sub-021	ses-01	sub-021/ses-01/anat/sub-021_ses-01_run-01_T1w.nii.gz	/lustre07/scratch/alexrees/derivatives/defacing/sub-021/ses-01/anat/sub-021_ses-01_run-01_T1w.nii.gz	REPLACED	yes	yes	yes	yes	OK	
sub-021	ses-01	sub-021/ses-01/anat/sub-021_ses-01_run-02_T1w.nii.gz	/lustre07/scratch/alexrees/derivatives/defacing/sub-021/ses-01/anat/sub-021_ses-01_run-02_T1w.nii.gz	REPLACED	yes	yes	yes	yes	OK	
sub-021	ses-01	sub-021/ses-01/anat/sub-021_ses-01_run-03_T1w.nii.gz	/lustre07/scratch/alexrees/derivatives/defacing/sub-021/ses-01/anat/sub-021_ses-01_run-03_T1w.nii.gz	REPLACED	yes	yes	yes	yes	OK	
sub-021	ses-02	sub-021/ses-02/anat/sub-021_ses-02_run-01_T1w.nii.gz	/lustre07/scratch/alexrees/derivatives/defacing/sub-021/ses-02/anat/sub-021_ses-02_run-01_T1w.nii.gz	REPLACED	yes	yes	yes	yes	OK	
sub-021	ses-02	sub-021/ses-02/anat/sub-021_ses-02_run-02_T1w.nii.gz	/lustre07/scratch/alexrees/derivatives/defacing/sub-021/ses-02/anat/sub-021_ses-02_run-02_T1w.nii.gz	REPLACED	yes	yes	yes	yes	OK	
sub-021	ses-02	sub-021/ses-02/anat/sub-021_ses-02_run-03_T1w.nii.gz	/lustre07/scratch/alexrees/derivatives/defacing/sub-021/ses-02/anat/sub-021_ses-02_run-03_T1w.nii.gz	REPLACED	yes	yes	yes	yes	OK	
sub-022	ses-01	sub-022/ses-01/anat/sub-022_ses-01_run-01_T1w.nii.gz	/lustre07/scratch/alexrees/derivatives/defacing/sub-022/ses-01/anat/sub-022_ses-01_run-01_T1w.nii.gz	REPLACED	yes	yes	yes	yes	OK	
sub-022	ses-01	sub-022/ses-01/anat/sub-022_ses-01_run-02_T1w.nii.gz	/lustre07/scratch/alexrees/derivatives/defacing/sub-022/ses-01/anat/sub-022_ses-01_run-02_T1w.nii.gz	REPLACED	yes	yes	yes	yes	OK	
sub-022	ses-02	sub-022/ses-02/anat/sub-022_ses-02_run-01_T1w.nii.gz	/lustre07/scratch/alexrees/derivatives/defacing/sub-022/ses-02/anat/sub-022_ses-02_run-01_T1w.nii.gz	REPLACED	yes	yes	yes	yes	OK	
sub-022	ses-02	sub-022/ses-02/anat/sub-022_ses-02_run-02_T1w.nii.gz	/lustre07/scratch/alexrees/derivatives/defacing/sub-022/ses-02/anat/sub-022_ses-02_run-02_T1w.nii.gz	REPLACED	yes	yes	yes	yes	OK	
sub-022	ses-02	sub-022/ses-02/anat/sub-022_ses-02_run-03_T1w.nii.gz	/lustre07/scratch/alexrees/derivatives/defacing/sub-022/ses-02/anat/sub-022_ses-02_run-03_T1w.nii.gz	REPLACED	yes	yes	yes	yes	OK	
sub-023	ses-01	sub-023/ses-01/anat/sub-023_ses-01_run-01_T1w.nii.gz	/lustre07/scratch/alexrees/derivatives/defacing/sub-023/ses-01/anat/sub-023_ses-01_run-01_T1w.nii.gz	REPLACED	yes	yes	yes	yes	OK	
sub-023	ses-01	sub-023/ses-01/anat/sub-023_ses-01_run-02_T1w.nii.gz	/lustre07/scratch/alexrees/derivatives/defacing/sub-023/ses-01/anat/sub-023_ses-01_run-02_T1w.nii.gz	REPLACED	yes	yes	yes	yes	OK	
sub-023	ses-01	sub-023/ses-01/anat/sub-023_ses-01_run-03_T1w.nii.gz	/lustre07/scratch/alexrees/derivatives/defacing/sub-023/ses-01/anat/sub-023_ses-01_run-03_T1w.nii.gz	REPLACED	yes	yes	yes	yes	OK	
sub-023	ses-02	sub-023/ses-02/anat/sub-023_ses-02_run-01_T1w.nii.gz	/lustre07/scratch/alexrees/derivatives/defacing/sub-023/ses-02/anat/sub-023_ses-02_run-01_T1w.nii.gz	REPLACED	yes	yes	yes	yes	OK	
sub-023	ses-02	sub-023/ses-02/anat/sub-023_ses-02_run-02_T1w.nii.gz	/lustre07/scratch/alexrees/derivatives/defacing/sub-023/ses-02/anat/sub-023_ses-02_run-02_T1w.nii.gz	REPLACED	yes	yes	yes	yes	OK	
sub-023	ses-02	sub-023/ses-02/anat/sub-023_ses-02_run-03_T1w.nii.gz	/lustre07/scratch/alexrees/derivatives/defacing/sub-023/ses-02/anat/sub-023_ses-02_run-03_T1w.nii.gz	REPLACED	yes	yes	yes	yes	OK	
sub-024	ses-01	sub-024/ses-01/anat/sub-024_ses-01_run-01_T1w.nii.gz	/lustre07/scratch/alexrees/derivatives/defacing/sub-024/ses-01/anat/sub-024_ses-01_run-01_T1w.nii.gz	REPLACED	yes	yes	yes	yes	OK	
sub-024	ses-02	sub-024/ses-02/anat/sub-024_ses-02_run-01_T1w.nii.gz	/lustre07/scratch/alexrees/derivatives/defacing/sub-024/ses-02/anat/sub-024_ses-02_run-01_T1w.nii.gz	REPLACED	yes	yes	yes	yes	OK	
sub-024	ses-02	sub-024/ses-02/anat/sub-024_ses-02_run-02_T1w.nii.gz	/lustre07/scratch/alexrees/derivatives/defacing/sub-024/ses-02/anat/sub-024_ses-02_run-02_T1w.nii.gz	REPLACED	yes	yes	yes	yes	OK	
sub-024	ses-02	sub-024/ses-02/anat/sub-024_ses-02_run-03_T1w.nii.gz	/lustre07/scratch/alexrees/derivatives/defacing/sub-024/ses-02/anat/sub-024_ses-02_run-03_T1w.nii.gz	REPLACED	yes	yes	yes	yes	OK	
sub-025	ses-01	sub-025/ses-01/anat/sub-025_ses-01_run-01_T1w.nii.gz	/lustre07/scratch/alexrees/derivatives/defacing/sub-025/ses-01/anat/sub-025_ses-01_run-01_T1w.nii.gz	REPLACED	yes	yes	yes	yes	OK	
sub-025	ses-01	sub-025/ses-01/anat/sub-025_ses-01_run-02_T1w.nii.gz	/lustre07/scratch/alexrees/derivatives/defacing/sub-025/ses-01/anat/sub-025_ses-01_run-02_T1w.nii.gz	REPLACED	yes	yes	yes	yes	OK	
sub-025	ses-01	sub-025/ses-01/anat/sub-025_ses-01_run-03_T1w.nii.gz	/lustre07/scratch/alexrees/derivatives/defacing/sub-025/ses-01/anat/sub-025_ses-01_run-03_T1w.nii.gz	REPLACED	yes	yes	yes	yes	OK	
sub-025	ses-02	sub-025/ses-02/anat/sub-025_ses-02_run-01_T1w.nii.gz	/lustre07/scratch/alexrees/derivatives/defacing/sub-025/ses-02/anat/sub-025_ses-02_run-01_T1w.nii.gz	REPLACED	yes	yes	yes	yes	OK	
sub-025	ses-02	sub-025/ses-02/anat/sub-025_ses-02_run-02_T1w.nii.gz	/lustre07/scratch/alexrees/derivatives/defacing/sub-025/ses-02/anat/sub-025_ses-02_run-02_T1w.nii.gz	REPLACED	yes	yes	yes	yes	OK	
sub-025	ses-02	sub-025/ses-02/anat/sub-025_ses-02_run-03_T1w.nii.gz	/lustre07/scratch/alexrees/derivatives/defacing/sub-025/ses-02/anat/sub-025_ses-02_run-03_T1w.nii.gz	REPLACED	yes	yes	yes	yes	OK	
sub-026	ses-01	sub-026/ses-01/anat/sub-026_ses-01_run-01_T1w.nii.gz	/lustre07/scratch/alexrees/derivatives/defacing/sub-026/ses-01/anat/sub-026_ses-01_run-01_T1w.nii.gz	REPLACED	yes	yes	yes	yes	OK	
sub-026	ses-01	sub-026/ses-01/anat/sub-026_ses-01_run-02_T1w.nii.gz	/lustre07/scratch/alexrees/derivatives/defacing/sub-026/ses-01/anat/sub-026_ses-01_run-02_T1w.nii.gz	REPLACED	yes	yes	yes	yes	OK	
sub-026	ses-01	sub-026/ses-01/anat/sub-026_ses-01_run-03_T1w.nii.gz	/lustre07/scratch/alexrees/derivatives/defacing/sub-026/ses-01/anat/sub-026_ses-01_run-03_T1w.nii.gz	REPLACED	yes	yes	yes	yes	OK	
sub-026	ses-02	sub-026/ses-02/anat/sub-026_ses-02_run-01_T1w.nii.gz	/lustre07/scratch/alexrees/derivatives/defacing/sub-026/ses-02/anat/sub-026_ses-02_run-01_T1w.nii.gz	REPLACED	yes	yes	yes	yes	OK	
sub-026	ses-02	sub-026/ses-02/anat/sub-026_ses-02_run-02_T1w.nii.gz	/lustre07/scratch/alexrees/derivatives/defacing/sub-026/ses-02/anat/sub-026_ses-02_run-02_T1w.nii.gz	REPLACED	yes	yes	yes	yes	OK	
sub-026	ses-02	sub-026/ses-02/anat/sub-026_ses-02_run-03_T1w.nii.gz	/lustre07/scratch/alexrees/derivatives/defacing/sub-026/ses-02/anat/sub-026_ses-02_run-03_T1w.nii.gz	REPLACED	yes	yes	yes	yes	OK	
sub-027	ses-01	sub-027/ses-01/anat/sub-027_ses-01_run-01_T1w.nii.gz	/lustre07/scratch/alexrees/derivatives/defacing/sub-027/ses-01/anat/sub-027_ses-01_run-01_T1w.nii.gz	REPLACED	yes	yes	yes	yes	OK	
sub-027	ses-01	sub-027/ses-01/anat/sub-027_ses-01_run-02_T1w.nii.gz	/lustre07/scratch/alexrees/derivatives/defacing/sub-027/ses-01/anat/sub-027_ses-01_run-02_T1w.nii.gz	REPLACED	yes	yes	yes	yes	OK	
sub-027	ses-01	sub-027/ses-01/anat/sub-027_ses-01_run-03_T1w.nii.gz	/lustre07/scratch/alexrees/derivatives/defacing/sub-027/ses-01/anat/sub-027_ses-01_run-03_T1w.nii.gz	REPLACED	yes	yes	yes	yes	OK	
sub-027	ses-02	sub-027/ses-02/anat/sub-027_ses-02_run-01_T1w.nii.gz	/lustre07/scratch/alexrees/derivatives/defacing/sub-027/ses-02/anat/sub-027_ses-02_run-01_T1w.nii.gz	REPLACED	yes	yes	yes	yes	OK	
sub-027	ses-02	sub-027/ses-02/anat/sub-027_ses-02_run-02_T1w.nii.gz	/lustre07/scratch/alexrees/derivatives/defacing/sub-027/ses-02/anat/sub-027_ses-02_run-02_T1w.nii.gz	REPLACED	yes	yes	yes	yes	OK	
sub-027	ses-02	sub-027/ses-02/anat/sub-027_ses-02_run-03_T1w.nii.gz	/lustre07/scratch/alexrees/derivatives/defacing/sub-027/ses-02/anat/sub-027_ses-02_run-03_T1w.nii.gz	REPLACED	yes	yes	yes	yes	OK	
sub-028	ses-01	sub-028/ses-01/anat/sub-028_ses-01_run-01_T1w.nii.gz	/lustre07/scratch/alexrees/derivatives/defacing/sub-028/ses-01/anat/sub-028_ses-01_run-01_T1w.nii.gz	REPLACED	yes	yes	yes	yes	OK	
sub-028	ses-01	sub-028/ses-01/anat/sub-028_ses-01_run-02_T1w.nii.gz	/lustre07/scratch/alexrees/derivatives/defacing/sub-028/ses-01/anat/sub-028_ses-01_run-02_T1w.nii.gz	REPLACED	yes	yes	yes	yes	OK	
sub-028	ses-01	sub-028/ses-01/anat/sub-028_ses-01_run-03_T1w.nii.gz	/lustre07/scratch/alexrees/derivatives/defacing/sub-028/ses-01/anat/sub-028_ses-01_run-03_T1w.nii.gz	REPLACED	yes	yes	yes	yes	OK	
sub-028	ses-02	sub-028/ses-02/anat/sub-028_ses-02_run-01_T1w.nii.gz	/lustre07/scratch/alexrees/derivatives/defacing/sub-028/ses-02/anat/sub-028_ses-02_run-01_T1w.nii.gz	REPLACED	yes	yes	yes	yes	OK	
sub-028	ses-02	sub-028/ses-02/anat/sub-028_ses-02_run-02_T1w.nii.gz	/lustre07/scratch/alexrees/derivatives/defacing/sub-028/ses-02/anat/sub-028_ses-02_run-02_T1w.nii.gz	REPLACED	yes	yes	yes	yes	OK	
sub-028	ses-02	sub-028/ses-02/anat/sub-028_ses-02_run-03_T1w.nii.gz	/lustre07/scratch/alexrees/derivatives/defacing/sub-028/ses-02/anat/sub-028_ses-02_run-03_T1w.nii.gz	REPLACED	yes	yes	yes	yes	OK	
sub-029	ses-01	sub-029/ses-01/anat/sub-029_ses-01_run-01_T1w.nii.gz	/lustre07/scratch/alexrees/derivatives/defacing/sub-029/ses-01/anat/sub-029_ses-01_run-01_T1w.nii.gz	REPLACED	yes	yes	yes	yes	OK	
sub-029	ses-01	sub-029/ses-01/anat/sub-029_ses-01_run-02_T1w.nii.gz	/lustre07/scratch/alexrees/derivatives/defacing/sub-029/ses-01/anat/sub-029_ses-01_run-02_T1w.nii.gz	REPLACED	yes	yes	yes	yes	OK	
sub-029	ses-01	sub-029/ses-01/anat/sub-029_ses-01_run-03_T1w.nii.gz	/lustre07/scratch/alexrees/derivatives/defacing/sub-029/ses-01/anat/sub-029_ses-01_run-03_T1w.nii.gz	REPLACED	yes	yes	yes	yes	OK	
sub-029	ses-02	sub-029/ses-02/anat/sub-029_ses-02_run-01_T1w.nii.gz	/lustre07/scratch/alexrees/derivatives/defacing/sub-029/ses-02/anat/sub-029_ses-02_run-01_T1w.nii.gz	REPLACED	yes	yes	yes	yes	OK	
sub-029	ses-02	sub-029/ses-02/anat/sub-029_ses-02_run-02_T1w.nii.gz	/lustre07/scratch/alexrees/derivatives/defacing/sub-029/ses-02/anat/sub-029_ses-02_run-02_T1w.nii.gz	REPLACED	yes	yes	yes	yes	OK	
sub-029	ses-02	sub-029/ses-02/anat/sub-029_ses-02_run-03_T1w.nii.gz	/lustre07/scratch/alexrees/derivatives/defacing/sub-029/ses-02/anat/sub-029_ses-02_run-03_T1w.nii.gz	REPLACED	yes	yes	yes	yes	OK	
sub-030	ses-01	sub-030/ses-01/anat/sub-030_ses-01_run-01_T1w.nii.gz	/lustre07/scratch/alexrees/derivatives/defacing/sub-030/ses-01/anat/sub-030_ses-01_run-01_T1w.nii.gz	REPLACED	yes	yes	yes	yes	OK	
sub-030	ses-01	sub-030/ses-01/anat/sub-030_ses-01_run-02_T1w.nii.gz	/lustre07/scratch/alexrees/derivatives/defacing/sub-030/ses-01/anat/sub-030_ses-01_run-02_T1w.nii.gz	REPLACED	yes	yes	yes	yes	OK	
sub-030	ses-01	sub-030/ses-01/anat/sub-030_ses-01_run-03_T1w.nii.gz	/lustre07/scratch/alexrees/derivatives/defacing/sub-030/ses-01/anat/sub-030_ses-01_run-03_T1w.nii.gz	REPLACED	yes	yes	yes	yes	OK	
sub-030	ses-02	sub-030/ses-02/anat/sub-030_ses-02_run-01_T1w.nii.gz	/lustre07/scratch/alexrees/derivatives/defacing/sub-030/ses-02/anat/sub-030_ses-02_run-01_T1w.nii.gz	REPLACED	yes	yes	yes	yes	OK	
sub-030	ses-02	sub-030/ses-02/anat/sub-030_ses-02_run-02_T1w.nii.gz	/lustre07/scratch/alexrees/derivatives/defacing/sub-030/ses-02/anat/sub-030_ses-02_run-02_T1w.nii.gz	REPLACED	yes	yes	yes	yes	OK	
sub-030	ses-02	sub-030/ses-02/anat/sub-030_ses-02_run-03_T1w.nii.gz	/lustre07/scratch/alexrees/derivatives/defacing/sub-030/ses-02/anat/sub-030_ses-02_run-03_T1w.nii.gz	REPLACED	yes	yes	yes	yes	OK	
sub-031	ses-01	sub-031/ses-01/anat/sub-031_ses-01_run-01_T1w.nii.gz	/lustre07/scratch/alexrees/derivatives/defacing/sub-031/ses-01/anat/sub-031_ses-01_run-01_T1w.nii.gz	REPLACED	yes	yes	yes	yes	OK	
sub-031	ses-01	sub-031/ses-01/anat/sub-031_ses-01_run-02_T1w.nii.gz	/lustre07/scratch/alexrees/derivatives/defacing/sub-031/ses-01/anat/sub-031_ses-01_run-02_T1w.nii.gz	REPLACED	yes	yes	yes	yes	OK	
sub-031	ses-01	sub-031/ses-01/anat/sub-031_ses-01_run-03_T1w.nii.gz	/lustre07/scratch/alexrees/derivatives/defacing/sub-031/ses-01/anat/sub-031_ses-01_run-03_T1w.nii.gz	REPLACED	yes	yes	yes	yes	OK	
sub-031	ses-02	sub-031/ses-02/anat/sub-031_ses-02_run-01_T1w.nii.gz	/lustre07/scratch/alexrees/derivatives/defacing/sub-031/ses-02/anat/sub-031_ses-02_run-01_T1w.nii.gz	REPLACED	yes	yes	yes	yes	OK	
sub-031	ses-02	sub-031/ses-02/anat/sub-031_ses-02_run-02_T1w.nii.gz	/lustre07/scratch/alexrees/derivatives/defacing/sub-031/ses-02/anat/sub-031_ses-02_run-02_T1w.nii.gz	REPLACED	yes	yes	yes	yes	OK	
sub-031	ses-02	sub-031/ses-02/anat/sub-031_ses-02_run-03_T1w.nii.gz	/lustre07/scratch/alexrees/derivatives/defacing/sub-031/ses-02/anat/sub-031_ses-02_run-03_T1w.nii.gz	REPLACED	yes	yes	yes	yes	OK	
sub-032	ses-01	sub-032/ses-01/anat/sub-032_ses-01_run-01_T1w.nii.gz	/lustre07/scratch/alexrees/derivatives/defacing/sub-032/ses-01/anat/sub-032_ses-01_run-01_T1w.nii.gz	REPLACED	yes	yes	yes	yes	OK	
sub-032	ses-01	sub-032/ses-01/anat/sub-032_ses-01_run-02_T1w.nii.gz	/lustre07/scratch/alexrees/derivatives/defacing/sub-032/ses-01/anat/sub-032_ses-01_run-02_T1w.nii.gz	REPLACED	yes	yes	yes	yes	OK	
sub-032	ses-01	sub-032/ses-01/anat/sub-032_ses-01_run-03_T1w.nii.gz	/lustre07/scratch/alexrees/derivatives/defacing/sub-032/ses-01/anat/sub-032_ses-01_run-03_T1w.nii.gz	REPLACED	yes	yes	yes	yes	OK	
sub-033	ses-01	sub-033/ses-01/anat/sub-033_ses-01_run-01_T1w.nii.gz	/lustre07/scratch/alexrees/derivatives/defacing/sub-033/ses-01/anat/sub-033_ses-01_run-01_T1w.nii.gz	REPLACED	yes	yes	yes	yes	OK	
sub-033	ses-01	sub-033/ses-01/anat/sub-033_ses-01_run-02_T1w.nii.gz	/lustre07/scratch/alexrees/derivatives/defacing/sub-033/ses-01/anat/sub-033_ses-01_run-02_T1w.nii.gz	REPLACED	yes	yes	yes	yes	OK	
sub-034	ses-01	sub-034/ses-01/anat/sub-034_ses-01_run-01_T1w.nii.gz	/lustre07/scratch/alexrees/derivatives/defacing/sub-034/ses-01/anat/sub-034_ses-01_run-01_T1w.nii.gz	REPLACED	yes	yes	yes	yes	OK	
sub-034	ses-01	sub-034/ses-01/anat/sub-034_ses-01_run-02_T1w.nii.gz	/lustre07/scratch/alexrees/derivatives/defacing/sub-034/ses-01/anat/sub-034_ses-01_run-02_T1w.nii.gz	REPLACED	yes	yes	yes	yes	OK	
sub-034	ses-01	sub-034/ses-01/anat/sub-034_ses-01_run-03_T1w.nii.gz	/lustre07/scratch/alexrees/derivatives/defacing/sub-034/ses-01/anat/sub-034_ses-01_run-03_T1w.nii.gz	REPLACED	yes	yes	yes	yes	OK	
sub-034	ses-02	sub-034/ses-02/anat/sub-034_ses-02_run-01_T1w.nii.gz	/lustre07/scratch/alexrees/derivatives/defacing/sub-034/ses-02/anat/sub-034_ses-02_run-01_T1w.nii.gz	REPLACED	yes	yes	yes	yes	OK	
sub-034	ses-02	sub-034/ses-02/anat/sub-034_ses-02_run-02_T1w.nii.gz	/lustre07/scratch/alexrees/derivatives/defacing/sub-034/ses-02/anat/sub-034_ses-02_run-02_T1w.nii.gz	REPLACED	yes	yes	yes	yes	OK	
sub-034	ses-02	sub-034/ses-02/anat/sub-034_ses-02_run-03_T1w.nii.gz	/lustre07/scratch/alexrees/derivatives/defacing/sub-034/ses-02/anat/sub-034_ses-02_run-03_T1w.nii.gz	REPLACED	yes	yes	yes	yes	OK	
sub-035	ses-01	sub-035/ses-01/anat/sub-035_ses-01_run-01_T1w.nii.gz	/lustre07/scratch/alexrees/derivatives/defacing/sub-035/ses-01/anat/sub-035_ses-01_run-01_T1w.nii.gz	REPLACED	yes	yes	yes	yes	OK	
sub-035	ses-01	sub-035/ses-01/anat/sub-035_ses-01_run-02_T1w.nii.gz	/lustre07/scratch/alexrees/derivatives/defacing/sub-035/ses-01/anat/sub-035_ses-01_run-02_T1w.nii.gz	REPLACED	yes	yes	yes	yes	OK	
sub-035	ses-01	sub-035/ses-01/anat/sub-035_ses-01_run-03_T1w.nii.gz	/lustre07/scratch/alexrees/derivatives/defacing/sub-035/ses-01/anat/sub-035_ses-01_run-03_T1w.nii.gz	REPLACED	yes	yes	yes	yes	OK	
sub-035	ses-02	sub-035/ses-02/anat/sub-035_ses-02_run-01_T1w.nii.gz	/lustre07/scratch/alexrees/derivatives/defacing/sub-035/ses-02/anat/sub-035_ses-02_run-01_T1w.nii.gz	REPLACED	yes	yes	yes	yes	OK	
sub-035	ses-02	sub-035/ses-02/anat/sub-035_ses-02_run-02_T1w.nii.gz	/lustre07/scratch/alexrees/derivatives/defacing/sub-035/ses-02/anat/sub-035_ses-02_run-02_T1w.nii.gz	REPLACED	yes	yes	yes	yes	OK	
sub-035	ses-02	sub-035/ses-02/anat/sub-035_ses-02_run-03_T1w.nii.gz	/lustre07/scratch/alexrees/derivatives/defacing/sub-035/ses-02/anat/sub-035_ses-02_run-03_T1w.nii.gz	REPLACED	yes	yes	yes	yes	OK	
sub-036	ses-01	sub-036/ses-01/anat/sub-036_ses-01_run-01_T1w.nii.gz	/lustre07/scratch/alexrees/derivatives/defacing/sub-036/ses-01/anat/sub-036_ses-01_run-01_T1w.nii.gz	REPLACED	yes	yes	yes	yes	OK	
sub-036	ses-01	sub-036/ses-01/anat/sub-036_ses-01_run-02_T1w.nii.gz	/lustre07/scratch/alexrees/derivatives/defacing/sub-036/ses-01/anat/sub-036_ses-01_run-02_T1w.nii.gz	REPLACED	yes	yes	yes	yes	OK	
sub-036	ses-01	sub-036/ses-01/anat/sub-036_ses-01_run-03_T1w.nii.gz	/lustre07/scratch/alexrees/derivatives/defacing/sub-036/ses-01/anat/sub-036_ses-01_run-03_T1w.nii.gz	REPLACED	yes	yes	yes	yes	OK	
sub-036	ses-02	sub-036/ses-02/anat/sub-036_ses-02_run-01_T1w.nii.gz	/lustre07/scratch/alexrees/derivatives/defacing/sub-036/ses-02/anat/sub-036_ses-02_run-01_T1w.nii.gz	REPLACED	yes	yes	yes	yes	OK	
sub-036	ses-02	sub-036/ses-02/anat/sub-036_ses-02_run-02_T1w.nii.gz	/lustre07/scratch/alexrees/derivatives/defacing/sub-036/ses-02/anat/sub-036_ses-02_run-02_T1w.nii.gz	REPLACED	yes	yes	yes	yes	OK	
sub-036	ses-02	sub-036/ses-02/anat/sub-036_ses-02_run-03_T1w.nii.gz	/lustre07/scratch/alexrees/derivatives/defacing/sub-036/ses-02/anat/sub-036_ses-02_run-03_T1w.nii.gz	REPLACED	yes	yes	yes	yes	OK	
sub-037	ses-01	sub-037/ses-01/anat/sub-037_ses-01_run-01_T1w.nii.gz	/lustre07/scratch/alexrees/derivatives/defacing/sub-037/ses-01/anat/sub-037_ses-01_run-01_T1w.nii.gz	REPLACED	yes	yes	yes	yes	OK	
sub-037	ses-01	sub-037/ses-01/anat/sub-037_ses-01_run-02_T1w.nii.gz	/lustre07/scratch/alexrees/derivatives/defacing/sub-037/ses-01/anat/sub-037_ses-01_run-02_T1w.nii.gz	REPLACED	yes	yes	yes	yes	OK	
sub-037	ses-01	sub-037/ses-01/anat/sub-037_ses-01_run-03_T1w.nii.gz	/lustre07/scratch/alexrees/derivatives/defacing/sub-037/ses-01/anat/sub-037_ses-01_run-03_T1w.nii.gz	REPLACED	yes	yes	yes	yes	OK	
sub-038	ses-01	sub-038/ses-01/anat/sub-038_ses-01_run-01_T1w.nii.gz	/lustre07/scratch/alexrees/derivatives/defacing/sub-038/ses-01/anat/sub-038_ses-01_run-01_T1w.nii.gz	REPLACED	yes	yes	yes	yes	OK	
sub-038	ses-01	sub-038/ses-01/anat/sub-038_ses-01_run-02_T1w.nii.gz	/lustre07/scratch/alexrees/derivatives/defacing/sub-038/ses-01/anat/sub-038_ses-01_run-02_T1w.nii.gz	REPLACED	yes	yes	yes	yes	OK	
sub-038	ses-01	sub-038/ses-01/anat/sub-038_ses-01_run-03_T1w.nii.gz	/lustre07/scratch/alexrees/derivatives/defacing/sub-038/ses-01/anat/sub-038_ses-01_run-03_T1w.nii.gz	REPLACED	yes	yes	yes	yes	OK	
sub-038	ses-02	sub-038/ses-02/anat/sub-038_ses-02_run-01_T1w.nii.gz	/lustre07/scratch/alexrees/derivatives/defacing/sub-038/ses-02/anat/sub-038_ses-02_run-01_T1w.nii.gz	REPLACED	yes	yes	yes	yes	OK	
sub-038	ses-02	sub-038/ses-02/anat/sub-038_ses-02_run-02_T1w.nii.gz	/lustre07/scratch/alexrees/derivatives/defacing/sub-038/ses-02/anat/sub-038_ses-02_run-02_T1w.nii.gz	REPLACED	yes	yes	yes	yes	OK	
sub-038	ses-02	sub-038/ses-02/anat/sub-038_ses-02_run-03_T1w.nii.gz	/lustre07/scratch/alexrees/derivatives/defacing/sub-038/ses-02/anat/sub-038_ses-02_run-03_T1w.nii.gz	REPLACED	yes	yes	yes	yes	OK	
sub-039	ses-01	sub-039/ses-01/anat/sub-039_ses-01_run-01_T1w.nii.gz	/lustre07/scratch/alexrees/derivatives/defacing/sub-039/ses-01/anat/sub-039_ses-01_run-01_T1w.nii.gz	REPLACED	yes	yes	yes	yes	OK	
sub-039	ses-01	sub-039/ses-01/anat/sub-039_ses-01_run-02_T1w.nii.gz	/lustre07/scratch/alexrees/derivatives/defacing/sub-039/ses-01/anat/sub-039_ses-01_run-02_T1w.nii.gz	REPLACED	yes	yes	yes	yes	OK	
sub-039	ses-01	sub-039/ses-01/anat/sub-039_ses-01_run-03_T1w.nii.gz	/lustre07/scratch/alexrees/derivatives/defacing/sub-039/ses-01/anat/sub-039_ses-01_run-03_T1w.nii.gz	REPLACED	yes	yes	yes	yes	OK	
sub-039	ses-02	sub-039/ses-02/anat/sub-039_ses-02_run-01_T1w.nii.gz	/lustre07/scratch/alexrees/derivatives/defacing/sub-039/ses-02/anat/sub-039_ses-02_run-01_T1w.nii.gz	REPLACED	yes	yes	yes	yes	OK	
sub-039	ses-02	sub-039/ses-02/anat/sub-039_ses-02_run-02_T1w.nii.gz	/lustre07/scratch/alexrees/derivatives/defacing/sub-039/ses-02/anat/sub-039_ses-02_run-02_T1w.nii.gz	REPLACED	yes	yes	yes	yes	OK	
sub-039	ses-02	sub-039/ses-02/anat/sub-039_ses-02_run-03_T1w.nii.gz	/lustre07/scratch/alexrees/derivatives/defacing/sub-039/ses-02/anat/sub-039_ses-02_run-03_T1w.nii.gz	REPLACED	yes	yes	yes	yes	OK	
sub-040	ses-01	sub-040/ses-01/anat/sub-040_ses-01_run-01_T1w.nii.gz	/lustre07/scratch/alexrees/derivatives/defacing/sub-040/ses-01/anat/sub-040_ses-01_run-01_T1w.nii.gz	REPLACED	yes	yes	yes	yes	OK	
sub-040	ses-01	sub-040/ses-01/anat/sub-040_ses-01_run-02_T1w.nii.gz	/lustre07/scratch/alexrees/derivatives/defacing/sub-040/ses-01/anat/sub-040_ses-01_run-02_T1w.nii.gz	REPLACED	yes	yes	yes	yes	OK	
sub-040	ses-01	sub-040/ses-01/anat/sub-040_ses-01_run-03_T1w.nii.gz	/lustre07/scratch/alexrees/derivatives/defacing/sub-040/ses-01/anat/sub-040_ses-01_run-03_T1w.nii.gz	REPLACED	yes	yes	yes	yes	OK	
sub-040	ses-02	sub-040/ses-02/anat/sub-040_ses-02_run-01_T1w.nii.gz	/lustre07/scratch/alexrees/derivatives/defacing/sub-040/ses-02/anat/sub-040_ses-02_run-01_T1w.nii.gz	REPLACED	yes	yes	yes	yes	OK	
sub-040	ses-02	sub-040/ses-02/anat/sub-040_ses-02_run-02_T1w.nii.gz	/lustre07/scratch/alexrees/derivatives/defacing/sub-040/ses-02/anat/sub-040_ses-02_run-02_T1w.nii.gz	REPLACED	yes	yes	yes	yes	OK	
sub-040	ses-02	sub-040/ses-02/anat/sub-040_ses-02_run-03_T1w.nii.gz	/lustre07/scratch/alexrees/derivatives/defacing/sub-040/ses-02/anat/sub-040_ses-02_run-03_T1w.nii.gz	REPLACED	yes	yes	yes	yes	OK	
sub-041	ses-01	sub-041/ses-01/anat/sub-041_ses-01_run-01_T1w.nii.gz	/lustre07/scratch/alexrees/derivatives/defacing/sub-041/ses-01/anat/sub-041_ses-01_run-01_T1w.nii.gz	REPLACED	yes	yes	yes	yes	OK	
sub-041	ses-01	sub-041/ses-01/anat/sub-041_ses-01_run-02_T1w.nii.gz	/lustre07/scratch/alexrees/derivatives/defacing/sub-041/ses-01/anat/sub-041_ses-01_run-02_T1w.nii.gz	REPLACED	yes	yes	yes	yes	OK	
sub-041	ses-01	sub-041/ses-01/anat/sub-041_ses-01_run-03_T1w.nii.gz	/lustre07/scratch/alexrees/derivatives/defacing/sub-041/ses-01/anat/sub-041_ses-01_run-03_T1w.nii.gz	REPLACED	yes	yes	yes	yes	OK	
sub-041	ses-02	sub-041/ses-02/anat/sub-041_ses-02_run-01_T1w.nii.gz	/lustre07/scratch/alexrees/derivatives/defacing/sub-041/ses-02/anat/sub-041_ses-02_run-01_T1w.nii.gz	REPLACED	yes	yes	yes	yes	OK	
sub-041	ses-02	sub-041/ses-02/anat/sub-041_ses-02_run-02_T1w.nii.gz	/lustre07/scratch/alexrees/derivatives/defacing/sub-041/ses-02/anat/sub-041_ses-02_run-02_T1w.nii.gz	REPLACED	yes	yes	yes	yes	OK	
sub-041	ses-02	sub-041/ses-02/anat/sub-041_ses-02_run-03_T1w.nii.gz	/lustre07/scratch/alexrees/derivatives/defacing/sub-041/ses-02/anat/sub-041_ses-02_run-03_T1w.nii.gz	REPLACED	yes	yes	yes	yes	OK	
sub-042	ses-01	sub-042/ses-01/anat/sub-042_ses-01_run-01_T1w.nii.gz	/lustre07/scratch/alexrees/derivatives/defacing/sub-042/ses-01/anat/sub-042_ses-01_run-01_T1w.nii.gz	REPLACED	yes	yes	yes	yes	OK	
sub-042	ses-01	sub-042/ses-01/anat/sub-042_ses-01_run-02_T1w.nii.gz	/lustre07/scratch/alexrees/derivatives/defacing/sub-042/ses-01/anat/sub-042_ses-01_run-02_T1w.nii.gz	REPLACED	yes	yes	yes	yes	OK	
sub-042	ses-01	sub-042/ses-01/anat/sub-042_ses-01_run-03_T1w.nii.gz	/lustre07/scratch/alexrees/derivatives/defacing/sub-042/ses-01/anat/sub-042_ses-01_run-03_T1w.nii.gz	REPLACED	yes	yes	yes	yes	OK	
sub-043	ses-02	sub-043/ses-02/anat/sub-043_ses-02_run-01_T1w.nii.gz	/lustre07/scratch/alexrees/derivatives/defacing/sub-043/ses-02/anat/sub-043_ses-02_run-01_T1w.nii.gz	REPLACED	yes	yes	yes	yes	OK	
sub-043	ses-02	sub-043/ses-02/anat/sub-043_ses-02_run-02_T1w.nii.gz	/lustre07/scratch/alexrees/derivatives/defacing/sub-043/ses-02/anat/sub-043_ses-02_run-02_T1w.nii.gz	REPLACED	yes	yes	yes	yes	OK	
sub-043	ses-02	sub-043/ses-02/anat/sub-043_ses-02_run-03_T1w.nii.gz	/lustre07/scratch/alexrees/derivatives/defacing/sub-043/ses-02/anat/sub-043_ses-02_run-03_T1w.nii.gz	REPLACED	yes	yes	yes	yes	OK	
sub-043	ses-02	sub-043/ses-02/anat/sub-043_ses-02_run-04_T1w.nii.gz	/lustre07/scratch/alexrees/derivatives/defacing/sub-043/ses-02/anat/sub-043_ses-02_run-04_T1w.nii.gz	REPLACED	yes	yes	yes	yes	OK	
sub-043	ses-02	sub-043/ses-02/anat/sub-043_ses-02_run-05_T1w.nii.gz	/lustre07/scratch/alexrees/derivatives/defacing/sub-043/ses-02/anat/sub-043_ses-02_run-05_T1w.nii.gz	REPLACED	yes	yes	yes	yes	OK	
sub-043	ses-02	sub-043/ses-02/anat/sub-043_ses-02_run-06_T1w.nii.gz	/lustre07/scratch/alexrees/derivatives/defacing/sub-043/ses-02/anat/sub-043_ses-02_run-06_T1w.nii.gz	REPLACED	yes	yes	yes	yes	OK	
sub-044	ses-01	sub-044/ses-01/anat/sub-044_ses-01_run-01_T1w.nii.gz	/lustre07/scratch/alexrees/derivatives/defacing/sub-044/ses-01/anat/sub-044_ses-01_run-01_T1w.nii.gz	REPLACED	yes	yes	yes	yes	OK	
sub-044	ses-01	sub-044/ses-01/anat/sub-044_ses-01_run-02_T1w.nii.gz	/lustre07/scratch/alexrees/derivatives/defacing/sub-044/ses-01/anat/sub-044_ses-01_run-02_T1w.nii.gz	REPLACED	yes	yes	yes	yes	OK	
sub-044	ses-01	sub-044/ses-01/anat/sub-044_ses-01_run-03_T1w.nii.gz	/lustre07/scratch/alexrees/derivatives/defacing/sub-044/ses-01/anat/sub-044_ses-01_run-03_T1w.nii.gz	REPLACED	yes	yes	yes	yes	OK	
sub-044	ses-02	sub-044/ses-02/anat/sub-044_ses-02_run-01_T1w.nii.gz	/lustre07/scratch/alexrees/derivatives/defacing/sub-044/ses-02/anat/sub-044_ses-02_run-01_T1w.nii.gz	REPLACED	yes	yes	yes	yes	OK	
sub-044	ses-02	sub-044/ses-02/anat/sub-044_ses-02_run-02_T1w.nii.gz	/lustre07/scratch/alexrees/derivatives/defacing/sub-044/ses-02/anat/sub-044_ses-02_run-02_T1w.nii.gz	REPLACED	yes	yes	yes	yes	OK	
sub-044	ses-02	sub-044/ses-02/anat/sub-044_ses-02_run-03_T1w.nii.gz	/lustre07/scratch/alexrees/derivatives/defacing/sub-044/ses-02/anat/sub-044_ses-02_run-03_T1w.nii.gz	REPLACED	yes	yes	yes	yes	OK	
sub-045	ses-01	sub-045/ses-01/anat/sub-045_ses-01_run-01_T1w.nii.gz	/lustre07/scratch/alexrees/derivatives/defacing/sub-045/ses-01/anat/sub-045_ses-01_run-01_T1w.nii.gz	REPLACED	yes	yes	yes	yes	OK	
sub-045	ses-01	sub-045/ses-01/anat/sub-045_ses-01_run-02_T1w.nii.gz	/lustre07/scratch/alexrees/derivatives/defacing/sub-045/ses-01/anat/sub-045_ses-01_run-02_T1w.nii.gz	REPLACED	yes	yes	yes	yes	OK	
sub-046	ses-01	sub-046/ses-01/anat/sub-046_ses-01_run-01_T1w.nii.gz	/lustre07/scratch/alexrees/derivatives/defacing/sub-046/ses-01/anat/sub-046_ses-01_run-01_T1w.nii.gz	REPLACED	yes	yes	yes	yes	OK	
sub-046	ses-01	sub-046/ses-01/anat/sub-046_ses-01_run-02_T1w.nii.gz	/lustre07/scratch/alexrees/derivatives/defacing/sub-046/ses-01/anat/sub-046_ses-01_run-02_T1w.nii.gz	REPLACED	yes	yes	yes	yes	OK	
sub-046	ses-01	sub-046/ses-01/anat/sub-046_ses-01_run-03_T1w.nii.gz	/lustre07/scratch/alexrees/derivatives/defacing/sub-046/ses-01/anat/sub-046_ses-01_run-03_T1w.nii.gz	REPLACED	yes	yes	yes	yes	OK	
sub-046	ses-02	sub-046/ses-02/anat/sub-046_ses-02_run-01_T1w.nii.gz	/lustre07/scratch/alexrees/derivatives/defacing/sub-046/ses-02/anat/sub-046_ses-02_run-01_T1w.nii.gz	REPLACED	yes	yes	yes	yes	OK	
sub-046	ses-02	sub-046/ses-02/anat/sub-046_ses-02_run-02_T1w.nii.gz	/lustre07/scratch/alexrees/derivatives/defacing/sub-046/ses-02/anat/sub-046_ses-02_run-02_T1w.nii.gz	REPLACED	yes	yes	yes	yes	OK	
sub-046	ses-02	sub-046/ses-02/anat/sub-046_ses-02_run-03_T1w.nii.gz	/lustre07/scratch/alexrees/derivatives/defacing/sub-046/ses-02/anat/sub-046_ses-02_run-03_T1w.nii.gz	REPLACED	yes	yes	yes	yes	OK	
sub-047	ses-01	sub-047/ses-01/anat/sub-047_ses-01_run-01_T1w.nii.gz	/lustre07/scratch/alexrees/derivatives/defacing/sub-047/ses-01/anat/sub-047_ses-01_run-01_T1w.nii.gz	REPLACED	yes	yes	yes	yes	OK	
sub-047	ses-01	sub-047/ses-01/anat/sub-047_ses-01_run-02_T1w.nii.gz	/lustre07/scratch/alexrees/derivatives/defacing/sub-047/ses-01/anat/sub-047_ses-01_run-02_T1w.nii.gz	REPLACED	yes	yes	yes	yes	OK	
sub-047	ses-01	sub-047/ses-01/anat/sub-047_ses-01_run-03_T1w.nii.gz	/lustre07/scratch/alexrees/derivatives/defacing/sub-047/ses-01/anat/sub-047_ses-01_run-03_T1w.nii.gz	REPLACED	yes	yes	yes	yes	OK	
sub-047	ses-02	sub-047/ses-02/anat/sub-047_ses-02_run-01_T1w.nii.gz	/lustre07/scratch/alexrees/derivatives/defacing/sub-047/ses-02/anat/sub-047_ses-02_run-01_T1w.nii.gz	REPLACED	yes	yes	yes	yes	OK	
sub-047	ses-02	sub-047/ses-02/anat/sub-047_ses-02_run-02_T1w.nii.gz	/lustre07/scratch/alexrees/derivatives/defacing/sub-047/ses-02/anat/sub-047_ses-02_run-02_T1w.nii.gz	REPLACED	yes	yes	yes	yes	OK	
sub-047	ses-02	sub-047/ses-02/anat/sub-047_ses-02_run-03_T1w.nii.gz	/lustre07/scratch/alexrees/derivatives/defacing/sub-047/ses-02/anat/sub-047_ses-02_run-03_T1w.nii.gz	REPLACED	yes	yes	yes	yes	OK	
sub-048	ses-01	sub-048/ses-01/anat/sub-048_ses-01_run-01_T1w.nii.gz	/lustre07/scratch/alexrees/derivatives/defacing/sub-048/ses-01/anat/sub-048_ses-01_run-01_T1w.nii.gz	REPLACED	yes	yes	yes	yes	OK	
sub-048	ses-01	sub-048/ses-01/anat/sub-048_ses-01_run-02_T1w.nii.gz	/lustre07/scratch/alexrees/derivatives/defacing/sub-048/ses-01/anat/sub-048_ses-01_run-02_T1w.nii.gz	REPLACED	yes	yes	yes	yes	OK	
sub-048	ses-01	sub-048/ses-01/anat/sub-048_ses-01_run-03_T1w.nii.gz	/lustre07/scratch/alexrees/derivatives/defacing/sub-048/ses-01/anat/sub-048_ses-01_run-03_T1w.nii.gz	REPLACED	yes	yes	yes	yes	OK	
sub-048	ses-02	sub-048/ses-02/anat/sub-048_ses-02_run-01_T1w.nii.gz	/lustre07/scratch/alexrees/derivatives/defacing/sub-048/ses-02/anat/sub-048_ses-02_run-01_T1w.nii.gz	REPLACED	yes	yes	yes	yes	OK	
sub-048	ses-02	sub-048/ses-02/anat/sub-048_ses-02_run-02_T1w.nii.gz	/lustre07/scratch/alexrees/derivatives/defacing/sub-048/ses-02/anat/sub-048_ses-02_run-02_T1w.nii.gz	REPLACED	yes	yes	yes	yes	OK	
sub-048	ses-02	sub-048/ses-02/anat/sub-048_ses-02_run-03_T1w.nii.gz	/lustre07/scratch/alexrees/derivatives/defacing/sub-048/ses-02/anat/sub-048_ses-02_run-03_T1w.nii.gz	REPLACED	yes	yes	yes	yes	OK	
sub-049	ses-01	sub-049/ses-01/anat/sub-049_ses-01_run-01_T1w.nii.gz	/lustre07/scratch/alexrees/derivatives/defacing/sub-049/ses-01/anat/sub-049_ses-01_run-01_T1w.nii.gz	REPLACED	yes	yes	yes	yes	OK	
sub-049	ses-01	sub-049/ses-01/anat/sub-049_ses-01_run-02_T1w.nii.gz	/lustre07/scratch/alexrees/derivatives/defacing/sub-049/ses-01/anat/sub-049_ses-01_run-02_T1w.nii.gz	REPLACED	yes	yes	yes	yes	OK	
sub-049	ses-01	sub-049/ses-01/anat/sub-049_ses-01_run-03_T1w.nii.gz	/lustre07/scratch/alexrees/derivatives/defacing/sub-049/ses-01/anat/sub-049_ses-01_run-03_T1w.nii.gz	REPLACED	yes	yes	yes	yes	OK	
sub-050	ses-01	sub-050/ses-01/anat/sub-050_ses-01_run-01_T1w.nii.gz	/lustre07/scratch/alexrees/derivatives/defacing/sub-050/ses-01/anat/sub-050_ses-01_run-01_T1w.nii.gz	REPLACED	yes	yes	yes	yes	OK	
sub-050	ses-01	sub-050/ses-01/anat/sub-050_ses-01_run-02_T1w.nii.gz	/lustre07/scratch/alexrees/derivatives/defacing/sub-050/ses-01/anat/sub-050_ses-01_run-02_T1w.nii.gz	REPLACED	yes	yes	yes	yes	OK	
sub-050	ses-01	sub-050/ses-01/anat/sub-050_ses-01_run-03_T1w.nii.gz	/lustre07/scratch/alexrees/derivatives/defacing/sub-050/ses-01/anat/sub-050_ses-01_run-03_T1w.nii.gz	REPLACED	yes	yes	yes	yes	OK	
sub-051	ses-01	sub-051/ses-01/anat/sub-051_ses-01_run-01_T1w.nii.gz	/lustre07/scratch/alexrees/derivatives/defacing/sub-051/ses-01/anat/sub-051_ses-01_run-01_T1w.nii.gz	REPLACED	yes	yes	yes	yes	OK	
sub-051	ses-01	sub-051/ses-01/anat/sub-051_ses-01_run-02_T1w.nii.gz	/lustre07/scratch/alexrees/derivatives/defacing/sub-051/ses-01/anat/sub-051_ses-01_run-02_T1w.nii.gz	REPLACED	yes	yes	yes	yes	OK	
sub-051	ses-01	sub-051/ses-01/anat/sub-051_ses-01_run-03_T1w.nii.gz	/lustre07/scratch/alexrees/derivatives/defacing/sub-051/ses-01/anat/sub-051_ses-01_run-03_T1w.nii.gz	REPLACED	yes	yes	yes	yes	OK	
sub-052	ses-01	sub-052/ses-01/anat/sub-052_ses-01_run-01_T1w.nii.gz	/lustre07/scratch/alexrees/derivatives/defacing/sub-052/ses-01/anat/sub-052_ses-01_run-01_T1w.nii.gz	REPLACED	yes	yes	yes	yes	OK	
sub-052	ses-01	sub-052/ses-01/anat/sub-052_ses-01_run-02_T1w.nii.gz	/lustre07/scratch/alexrees/derivatives/defacing/sub-052/ses-01/anat/sub-052_ses-01_run-02_T1w.nii.gz	REPLACED	yes	yes	yes	yes	OK	
sub-052	ses-02	sub-052/ses-02/anat/sub-052_ses-02_run-01_T1w.nii.gz	/lustre07/scratch/alexrees/derivatives/defacing/sub-052/ses-02/anat/sub-052_ses-02_run-01_T1w.nii.gz	REPLACED	yes	yes	yes	yes	OK	
sub-052	ses-02	sub-052/ses-02/anat/sub-052_ses-02_run-02_T1w.nii.gz	/lustre07/scratch/alexrees/derivatives/defacing/sub-052/ses-02/anat/sub-052_ses-02_run-02_T1w.nii.gz	REPLACED	yes	yes	yes	yes	OK	
sub-052	ses-02	sub-052/ses-02/anat/sub-052_ses-02_run-03_T1w.nii.gz	/lustre07/scratch/alexrees/derivatives/defacing/sub-052/ses-02/anat/sub-052_ses-02_run-03_T1w.nii.gz	REPLACED	yes	yes	yes	yes	OK	
sub-053	ses-01	sub-053/ses-01/anat/sub-053_ses-01_run-01_T1w.nii.gz	/lustre07/scratch/alexrees/derivatives/defacing/sub-053/ses-01/anat/sub-053_ses-01_run-01_T1w.nii.gz	REPLACED	yes	yes	yes	yes	OK	
sub-053	ses-01	sub-053/ses-01/anat/sub-053_ses-01_run-02_T1w.nii.gz	/lustre07/scratch/alexrees/derivatives/defacing/sub-053/ses-01/anat/sub-053_ses-01_run-02_T1w.nii.gz	REPLACED	yes	yes	yes	yes	OK	
sub-053	ses-01	sub-053/ses-01/anat/sub-053_ses-01_run-03_T1w.nii.gz	/lustre07/scratch/alexrees/derivatives/defacing/sub-053/ses-01/anat/sub-053_ses-01_run-03_T1w.nii.gz	REPLACED	yes	yes	yes	yes	OK	
sub-054	ses-01	sub-054/ses-01/anat/sub-054_ses-01_run-01_T1w.nii.gz	/lustre07/scratch/alexrees/derivatives/defacing/sub-054/ses-01/anat/sub-054_ses-01_run-01_T1w.nii.gz	REPLACED	yes	yes	yes	yes	OK	
sub-054	ses-01	sub-054/ses-01/anat/sub-054_ses-01_run-02_T1w.nii.gz	/lustre07/scratch/alexrees/derivatives/defacing/sub-054/ses-01/anat/sub-054_ses-01_run-02_T1w.nii.gz	REPLACED	yes	yes	yes	yes	OK	
sub-054	ses-02	sub-054/ses-02/anat/sub-054_ses-02_run-01_T1w.nii.gz	/lustre07/scratch/alexrees/derivatives/defacing/sub-054/ses-02/anat/sub-054_ses-02_run-01_T1w.nii.gz	REPLACED	yes	yes	yes	yes	OK	
sub-054	ses-02	sub-054/ses-02/anat/sub-054_ses-02_run-02_T1w.nii.gz	/lustre07/scratch/alexrees/derivatives/defacing/sub-054/ses-02/anat/sub-054_ses-02_run-02_T1w.nii.gz	REPLACED	yes	yes	yes	yes	OK	
sub-054	ses-02	sub-054/ses-02/anat/sub-054_ses-02_run-03_T1w.nii.gz	/lustre07/scratch/alexrees/derivatives/defacing/sub-054/ses-02/anat/sub-054_ses-02_run-03_T1w.nii.gz	REPLACED	yes	yes	yes	yes	OK	
sub-056	ses-01	sub-056/ses-01/anat/sub-056_ses-01_run-01_T1w.nii.gz	/lustre07/scratch/alexrees/derivatives/defacing/sub-056/ses-01/anat/sub-056_ses-01_run-01_T1w.nii.gz	REPLACED	yes	yes	yes	yes	OK	
sub-056	ses-01	sub-056/ses-01/anat/sub-056_ses-01_run-02_T1w.nii.gz	/lustre07/scratch/alexrees/derivatives/defacing/sub-056/ses-01/anat/sub-056_ses-01_run-02_T1w.nii.gz	REPLACED	yes	yes	yes	yes	OK	
sub-057	ses-01	sub-057/ses-01/anat/sub-057_ses-01_run-01_T1w.nii.gz	/lustre07/scratch/alexrees/derivatives/defacing/sub-057/ses-01/anat/sub-057_ses-01_run-01_T1w.nii.gz	REPLACED	yes	yes	yes	yes	OK	
sub-057	ses-01	sub-057/ses-01/anat/sub-057_ses-01_run-02_T1w.nii.gz	/lustre07/scratch/alexrees/derivatives/defacing/sub-057/ses-01/anat/sub-057_ses-01_run-02_T1w.nii.gz	REPLACED	yes	yes	yes	yes	OK	
sub-057	ses-01	sub-057/ses-01/anat/sub-057_ses-01_run-03_T1w.nii.gz	/lustre07/scratch/alexrees/derivatives/defacing/sub-057/ses-01/anat/sub-057_ses-01_run-03_T1w.nii.gz	REPLACED	yes	yes	yes	yes	OK	
sub-058	ses-01	sub-058/ses-01/anat/sub-058_ses-01_run-01_T1w.nii.gz	/lustre07/scratch/alexrees/derivatives/defacing/sub-058/ses-01/anat/sub-058_ses-01_run-01_T1w.nii.gz	REPLACED	yes	yes	yes	yes	OK	
sub-058	ses-01	sub-058/ses-01/anat/sub-058_ses-01_run-02_T1w.nii.gz	/lustre07/scratch/alexrees/derivatives/defacing/sub-058/ses-01/anat/sub-058_ses-01_run-02_T1w.nii.gz	REPLACED	yes	yes	yes	yes	OK	
sub-058	ses-01	sub-058/ses-01/anat/sub-058_ses-01_run-03_T1w.nii.gz	/lustre07/scratch/alexrees/derivatives/defacing/sub-058/ses-01/anat/sub-058_ses-01_run-03_T1w.nii.gz	REPLACED	yes	yes	yes	yes	OK	
sub-059	ses-01	sub-059/ses-01/anat/sub-059_ses-01_run-01_T1w.nii.gz	/lustre07/scratch/alexrees/derivatives/defacing/sub-059/ses-01/anat/sub-059_ses-01_run-01_T1w.nii.gz	REPLACED	yes	yes	yes	yes	OK	
sub-059	ses-01	sub-059/ses-01/anat/sub-059_ses-01_run-02_T1w.nii.gz	/lustre07/scratch/alexrees/derivatives/defacing/sub-059/ses-01/anat/sub-059_ses-01_run-02_T1w.nii.gz	REPLACED	yes	yes	yes	yes	OK	
sub-059	ses-01	sub-059/ses-01/anat/sub-059_ses-01_run-03_T1w.nii.gz	/lustre07/scratch/alexrees/derivatives/defacing/sub-059/ses-01/anat/sub-059_ses-01_run-03_T1w.nii.gz	REPLACED	yes	yes	yes	yes	OK	
sub-060	ses-01	sub-060/ses-01/anat/sub-060_ses-01_run-01_T1w.nii.gz	/lustre07/scratch/alexrees/derivatives/defacing/sub-060/ses-01/anat/sub-060_ses-01_run-01_T1w.nii.gz	REPLACED	yes	yes	yes	yes	OK	
sub-060	ses-01	sub-060/ses-01/anat/sub-060_ses-01_run-02_T1w.nii.gz	/lustre07/scratch/alexrees/derivatives/defacing/sub-060/ses-01/anat/sub-060_ses-01_run-02_T1w.nii.gz	REPLACED	yes	yes	yes	yes	OK	
sub-060	ses-01	sub-060/ses-01/anat/sub-060_ses-01_run-03_T1w.nii.gz	/lustre07/scratch/alexrees/derivatives/defacing/sub-060/ses-01/anat/sub-060_ses-01_run-03_T1w.nii.gz	REPLACED	yes	yes	yes	yes	OK	
sub-061	ses-01	sub-061/ses-01/anat/sub-061_ses-01_run-01_T1w.nii.gz	/lustre07/scratch/alexrees/derivatives/defacing/sub-061/ses-01/anat/sub-061_ses-01_run-01_T1w.nii.gz	REPLACED	yes	yes	yes	yes	OK	
sub-061	ses-01	sub-061/ses-01/anat/sub-061_ses-01_run-02_T1w.nii.gz	/lustre07/scratch/alexrees/derivatives/defacing/sub-061/ses-01/anat/sub-061_ses-01_run-02_T1w.nii.gz	REPLACED	yes	yes	yes	yes	OK	
sub-062	ses-01	sub-062/ses-01/anat/sub-062_ses-01_run-01_T1w.nii.gz	/lustre07/scratch/alexrees/derivatives/defacing/sub-062/ses-01/anat/sub-062_ses-01_run-01_T1w.nii.gz	REPLACED	yes	yes	yes	yes	OK	
sub-062	ses-01	sub-062/ses-01/anat/sub-062_ses-01_run-02_T1w.nii.gz	/lustre07/scratch/alexrees/derivatives/defacing/sub-062/ses-01/anat/sub-062_ses-01_run-02_T1w.nii.gz	REPLACED	yes	yes	yes	yes	OK	
sub-062	ses-01	sub-062/ses-01/anat/sub-062_ses-01_run-03_T1w.nii.gz	/lustre07/scratch/alexrees/derivatives/defacing/sub-062/ses-01/anat/sub-062_ses-01_run-03_T1w.nii.gz	REPLACED	yes	yes	yes	yes	OK	
sub-063	ses-01	sub-063/ses-01/anat/sub-063_ses-01_run-01_T1w.nii.gz	/lustre07/scratch/alexrees/derivatives/defacing/sub-063/ses-01/anat/sub-063_ses-01_run-01_T1w.nii.gz	REPLACED	yes	yes	yes	yes	OK	
sub-063	ses-01	sub-063/ses-01/anat/sub-063_ses-01_run-02_T1w.nii.gz	/lustre07/scratch/alexrees/derivatives/defacing/sub-063/ses-01/anat/sub-063_ses-01_run-02_T1w.nii.gz	REPLACED	yes	yes	yes	yes	OK	
sub-064	ses-01	sub-064/ses-01/anat/sub-064_ses-01_run-01_T1w.nii.gz	/lustre07/scratch/alexrees/derivatives/defacing/sub-064/ses-01/anat/sub-064_ses-01_run-01_T1w.nii.gz	REPLACED	yes	yes	yes	yes	OK	
sub-064	ses-01	sub-064/ses-01/anat/sub-064_ses-01_run-02_T1w.nii.gz	/lustre07/scratch/alexrees/derivatives/defacing/sub-064/ses-01/anat/sub-064_ses-01_run-02_T1w.nii.gz	REPLACED	yes	yes	yes	yes	OK	
sub-064	ses-01	sub-064/ses-01/anat/sub-064_ses-01_run-03_T1w.nii.gz	/lustre07/scratch/alexrees/derivatives/defacing/sub-064/ses-01/anat/sub-064_ses-01_run-03_T1w.nii.gz	REPLACED	yes	yes	yes	yes	OK	
sub-065	ses-01	sub-065/ses-01/anat/sub-065_ses-01_run-01_T1w.nii.gz	/lustre07/scratch/alexrees/derivatives/defacing/sub-065/ses-01/anat/sub-065_ses-01_run-01_T1w.nii.gz	REPLACED	yes	yes	yes	yes	OK	
sub-065	ses-01	sub-065/ses-01/anat/sub-065_ses-01_run-02_T1w.nii.gz	/lustre07/scratch/alexrees/derivatives/defacing/sub-065/ses-01/anat/sub-065_ses-01_run-02_T1w.nii.gz	REPLACED	yes	yes	yes	yes	OK	
sub-065	ses-01	sub-065/ses-01/anat/sub-065_ses-01_run-03_T1w.nii.gz	/lustre07/scratch/alexrees/derivatives/defacing/sub-065/ses-01/anat/sub-065_ses-01_run-03_T1w.nii.gz	REPLACED	yes	yes	yes	yes	OK	
sub-066	ses-01	sub-066/ses-01/anat/sub-066_ses-01_run-01_T1w.nii.gz	/lustre07/scratch/alexrees/derivatives/defacing/sub-066/ses-01/anat/sub-066_ses-01_run-01_T1w.nii.gz	REPLACED	yes	yes	yes	yes	OK	
sub-066	ses-01	sub-066/ses-01/anat/sub-066_ses-01_run-02_T1w.nii.gz	/lustre07/scratch/alexrees/derivatives/defacing/sub-066/ses-01/anat/sub-066_ses-01_run-02_T1w.nii.gz	REPLACED	yes	yes	yes	yes	OK	
sub-066	ses-01	sub-066/ses-01/anat/sub-066_ses-01_run-03_T1w.nii.gz	/lustre07/scratch/alexrees/derivatives/defacing/sub-066/ses-01/anat/sub-066_ses-01_run-03_T1w.nii.gz	REPLACED	yes	yes	yes	yes	OK	
sub-067	ses-01	sub-067/ses-01/anat/sub-067_ses-01_run-01_T1w.nii.gz	/lustre07/scratch/alexrees/derivatives/defacing/sub-067/ses-01/anat/sub-067_ses-01_run-01_T1w.nii.gz	REPLACED	yes	yes	yes	yes	OK	
sub-067	ses-01	sub-067/ses-01/anat/sub-067_ses-01_run-02_T1w.nii.gz	/lustre07/scratch/alexrees/derivatives/defacing/sub-067/ses-01/anat/sub-067_ses-01_run-02_T1w.nii.gz	REPLACED	yes	yes	yes	yes	OK	
sub-067	ses-01	sub-067/ses-01/anat/sub-067_ses-01_run-03_T1w.nii.gz	/lustre07/scratch/alexrees/derivatives/defacing/sub-067/ses-01/anat/sub-067_ses-01_run-03_T1w.nii.gz	REPLACED	yes	yes	yes	yes	OK	
sub-068	ses-01	sub-068/ses-01/anat/sub-068_ses-01_run-01_T1w.nii.gz	/lustre07/scratch/alexrees/derivatives/defacing/sub-068/ses-01/anat/sub-068_ses-01_run-01_T1w.nii.gz	REPLACED	yes	yes	yes	yes	OK	
sub-068	ses-01	sub-068/ses-01/anat/sub-068_ses-01_run-02_T1w.nii.gz	/lustre07/scratch/alexrees/derivatives/defacing/sub-068/ses-01/anat/sub-068_ses-01_run-02_T1w.nii.gz	REPLACED	yes	yes	yes	yes	OK	
sub-068	ses-01	sub-068/ses-01/anat/sub-068_ses-01_run-03_T1w.nii.gz	/lustre07/scratch/alexrees/derivatives/defacing/sub-068/ses-01/anat/sub-068_ses-01_run-03_T1w.nii.gz	REPLACED	yes	yes	yes	yes	OK	
sub-069	ses-01	sub-069/ses-01/anat/sub-069_ses-01_run-01_T1w.nii.gz	/lustre07/scratch/alexrees/derivatives/defacing/sub-069/ses-01/anat/sub-069_ses-01_run-01_T1w.nii.gz	REPLACED	yes	yes	yes	yes	OK	
sub-069	ses-01	sub-069/ses-01/anat/sub-069_ses-01_run-02_T1w.nii.gz	/lustre07/scratch/alexrees/derivatives/defacing/sub-069/ses-01/anat/sub-069_ses-01_run-02_T1w.nii.gz	REPLACED	yes	yes	yes	yes	OK	
sub-069	ses-01	sub-069/ses-01/anat/sub-069_ses-01_run-03_T1w.nii.gz	/lustre07/scratch/alexrees/derivatives/defacing/sub-069/ses-01/anat/sub-069_ses-01_run-03_T1w.nii.gz	REPLACED	yes	yes	yes	yes	OK	
sub-070	ses-01	sub-070/ses-01/anat/sub-070_ses-01_run-01_T1w.nii.gz	/lustre07/scratch/alexrees/derivatives/defacing/sub-070/ses-01/anat/sub-070_ses-01_run-01_T1w.nii.gz	REPLACED	yes	yes	yes	yes	OK	
sub-070	ses-01	sub-070/ses-01/anat/sub-070_ses-01_run-02_T1w.nii.gz	/lustre07/scratch/alexrees/derivatives/defacing/sub-070/ses-01/anat/sub-070_ses-01_run-02_T1w.nii.gz	REPLACED	yes	yes	yes	yes	OK	
sub-071	ses-01	sub-071/ses-01/anat/sub-071_ses-01_run-01_T1w.nii.gz	/lustre07/scratch/alexrees/derivatives/defacing/sub-071/ses-01/anat/sub-071_ses-01_run-01_T1w.nii.gz	REPLACED	yes	yes	yes	yes	OK	
sub-071	ses-01	sub-071/ses-01/anat/sub-071_ses-01_run-02_T1w.nii.gz	/lustre07/scratch/alexrees/derivatives/defacing/sub-071/ses-01/anat/sub-071_ses-01_run-02_T1w.nii.gz	REPLACED	yes	yes	yes	yes	OK	
sub-071	ses-01	sub-071/ses-01/anat/sub-071_ses-01_run-03_T1w.nii.gz	/lustre07/scratch/alexrees/derivatives/defacing/sub-071/ses-01/anat/sub-071_ses-01_run-03_T1w.nii.gz	REPLACED	yes	yes	yes	yes	OK	
sub-072	ses-01	sub-072/ses-01/anat/sub-072_ses-01_run-01_T1w.nii.gz	/lustre07/scratch/alexrees/derivatives/defacing/sub-072/ses-01/anat/sub-072_ses-01_run-01_T1w.nii.gz	REPLACED	yes	yes	yes	yes	OK	
sub-072	ses-01	sub-072/ses-01/anat/sub-072_ses-01_run-02_T1w.nii.gz	/lustre07/scratch/alexrees/derivatives/defacing/sub-072/ses-01/anat/sub-072_ses-01_run-02_T1w.nii.gz	REPLACED	yes	yes	yes	yes	OK	
sub-072	ses-01	sub-072/ses-01/anat/sub-072_ses-01_run-03_T1w.nii.gz	/lustre07/scratch/alexrees/derivatives/defacing/sub-072/ses-01/anat/sub-072_ses-01_run-03_T1w.nii.gz	REPLACED	yes	yes	yes	yes	OK	
sub-073	ses-01	sub-073/ses-01/anat/sub-073_ses-01_run-01_T1w.nii.gz	/lustre07/scratch/alexrees/derivatives/defacing/sub-073/ses-01/anat/sub-073_ses-01_run-01_T1w.nii.gz	REPLACED	yes	yes	yes	yes	OK	
sub-073	ses-01	sub-073/ses-01/anat/sub-073_ses-01_run-02_T1w.nii.gz	/lustre07/scratch/alexrees/derivatives/defacing/sub-073/ses-01/anat/sub-073_ses-01_run-02_T1w.nii.gz	REPLACED	yes	yes	yes	yes	OK	
sub-073	ses-01	sub-073/ses-01/anat/sub-073_ses-01_run-03_T1w.nii.gz	/lustre07/scratch/alexrees/derivatives/defacing/sub-073/ses-01/anat/sub-073_ses-01_run-03_T1w.nii.gz	REPLACED	yes	yes	yes	yes	OK	
sub-074	ses-01	sub-074/ses-01/anat/sub-074_ses-01_run-01_T1w.nii.gz	/lustre07/scratch/alexrees/derivatives/defacing/sub-074/ses-01/anat/sub-074_ses-01_run-01_T1w.nii.gz	REPLACED	yes	yes	yes	yes	OK	
sub-074	ses-01	sub-074/ses-01/anat/sub-074_ses-01_run-02_T1w.nii.gz	/lustre07/scratch/alexrees/derivatives/defacing/sub-074/ses-01/anat/sub-074_ses-01_run-02_T1w.nii.gz	REPLACED	yes	yes	yes	yes	OK	
sub-074	ses-01	sub-074/ses-01/anat/sub-074_ses-01_run-03_T1w.nii.gz	/lustre07/scratch/alexrees/derivatives/defacing/sub-074/ses-01/anat/sub-074_ses-01_run-03_T1w.nii.gz	REPLACED	yes	yes	yes	yes	OK	
sub-075	ses-01	sub-075/ses-01/anat/sub-075_ses-01_run-01_T1w.nii.gz	/lustre07/scratch/alexrees/derivatives/defacing/sub-075/ses-01/anat/sub-075_ses-01_run-01_T1w.nii.gz	REPLACED	yes	yes	yes	yes	OK	
sub-075	ses-01	sub-075/ses-01/anat/sub-075_ses-01_run-02_T1w.nii.gz	/lustre07/scratch/alexrees/derivatives/defacing/sub-075/ses-01/anat/sub-075_ses-01_run-02_T1w.nii.gz	REPLACED	yes	yes	yes	yes	OK	
sub-075	ses-01	sub-075/ses-01/anat/sub-075_ses-01_run-03_T1w.nii.gz	/lustre07/scratch/alexrees/derivatives/defacing/sub-075/ses-01/anat/sub-075_ses-01_run-03_T1w.nii.gz	REPLACED	yes	yes	yes	yes	OK	
sub-076	ses-01	sub-076/ses-01/anat/sub-076_ses-01_run-01_T1w.nii.gz	/lustre07/scratch/alexrees/derivatives/defacing/sub-076/ses-01/anat/sub-076_ses-01_run-01_T1w.nii.gz	REPLACED	yes	yes	yes	yes	OK	
sub-076	ses-01	sub-076/ses-01/anat/sub-076_ses-01_run-02_T1w.nii.gz	/lustre07/scratch/alexrees/derivatives/defacing/sub-076/ses-01/anat/sub-076_ses-01_run-02_T1w.nii.gz	REPLACED	yes	yes	yes	yes	OK	
sub-077	ses-01	sub-077/ses-01/anat/sub-077_ses-01_run-01_T1w.nii.gz	/lustre07/scratch/alexrees/derivatives/defacing/sub-077/ses-01/anat/sub-077_ses-01_run-01_T1w.nii.gz	REPLACED	yes	yes	yes	yes	OK	
sub-077	ses-01	sub-077/ses-01/anat/sub-077_ses-01_run-02_T1w.nii.gz	/lustre07/scratch/alexrees/derivatives/defacing/sub-077/ses-01/anat/sub-077_ses-01_run-02_T1w.nii.gz	REPLACED	yes	yes	yes	yes	OK	
sub-077	ses-01	sub-077/ses-01/anat/sub-077_ses-01_run-03_T1w.nii.gz	/lustre07/scratch/alexrees/derivatives/defacing/sub-077/ses-01/anat/sub-077_ses-01_run-03_T1w.nii.gz	REPLACED	yes	yes	yes	yes	OK	
sub-078	ses-01	sub-078/ses-01/anat/sub-078_ses-01_run-01_T1w.nii.gz	/lustre07/scratch/alexrees/derivatives/defacing/sub-078/ses-01/anat/sub-078_ses-01_run-01_T1w.nii.gz	REPLACED	yes	yes	yes	yes	OK	
sub-078	ses-01	sub-078/ses-01/anat/sub-078_ses-01_run-02_T1w.nii.gz	/lustre07/scratch/alexrees/derivatives/defacing/sub-078/ses-01/anat/sub-078_ses-01_run-02_T1w.nii.gz	REPLACED	yes	yes	yes	yes	OK	
sub-078	ses-01	sub-078/ses-01/anat/sub-078_ses-01_run-03_T1w.nii.gz	/lustre07/scratch/alexrees/derivatives/defacing/sub-078/ses-01/anat/sub-078_ses-01_run-03_T1w.nii.gz	REPLACED	yes	yes	yes	yes	OK	
sub-079	ses-01	sub-079/ses-01/anat/sub-079_ses-01_run-01_T1w.nii.gz	/lustre07/scratch/alexrees/derivatives/defacing/sub-079/ses-01/anat/sub-079_ses-01_run-01_T1w.nii.gz	REPLACED	yes	yes	yes	yes	OK	
sub-079	ses-01	sub-079/ses-01/anat/sub-079_ses-01_run-02_T1w.nii.gz	/lustre07/scratch/alexrees/derivatives/defacing/sub-079/ses-01/anat/sub-079_ses-01_run-02_T1w.nii.gz	REPLACED	yes	yes	yes	yes	OK	
sub-079	ses-01	sub-079/ses-01/anat/sub-079_ses-01_run-03_T1w.nii.gz	/lustre07/scratch/alexrees/derivatives/defacing/sub-079/ses-01/anat/sub-079_ses-01_run-03_T1w.nii.gz	REPLACED	yes	yes	yes	yes	OK	
sub-080	ses-01	sub-080/ses-01/anat/sub-080_ses-01_run-01_T1w.nii.gz	/lustre07/scratch/alexrees/derivatives/defacing/sub-080/ses-01/anat/sub-080_ses-01_run-01_T1w.nii.gz	REPLACED	yes	yes	yes	yes	OK	
sub-080	ses-01	sub-080/ses-01/anat/sub-080_ses-01_run-02_T1w.nii.gz	/lustre07/scratch/alexrees/derivatives/defacing/sub-080/ses-01/anat/sub-080_ses-01_run-02_T1w.nii.gz	REPLACED	yes	yes	yes	yes	OK	
sub-080	ses-01	sub-080/ses-01/anat/sub-080_ses-01_run-03_T1w.nii.gz	/lustre07/scratch/alexrees/derivatives/defacing/sub-080/ses-01/anat/sub-080_ses-01_run-03_T1w.nii.gz	REPLACED	yes	yes	yes	yes	OK	
sub-081	ses-01	sub-081/ses-01/anat/sub-081_ses-01_run-01_T1w.nii.gz	/lustre07/scratch/alexrees/derivatives/defacing/sub-081/ses-01/anat/sub-081_ses-01_run-01_T1w.nii.gz	REPLACED	yes	yes	yes	yes	OK	
sub-081	ses-01	sub-081/ses-01/anat/sub-081_ses-01_run-02_T1w.nii.gz	/lustre07/scratch/alexrees/derivatives/defacing/sub-081/ses-01/anat/sub-081_ses-01_run-02_T1w.nii.gz	REPLACED	yes	yes	yes	yes	OK	
sub-081	ses-01	sub-081/ses-01/anat/sub-081_ses-01_run-03_T1w.nii.gz	/lustre07/scratch/alexrees/derivatives/defacing/sub-081/ses-01/anat/sub-081_ses-01_run-03_T1w.nii.gz	REPLACED	yes	yes	yes	yes	OK	
sub-082	ses-01	sub-082/ses-01/anat/sub-082_ses-01_run-01_T1w.nii.gz	/lustre07/scratch/alexrees/derivatives/defacing/sub-082/ses-01/anat/sub-082_ses-01_run-01_T1w.nii.gz	REPLACED	yes	yes	yes	yes	OK	
sub-082	ses-01	sub-082/ses-01/anat/sub-082_ses-01_run-02_T1w.nii.gz	/lustre07/scratch/alexrees/derivatives/defacing/sub-082/ses-01/anat/sub-082_ses-01_run-02_T1w.nii.gz	REPLACED	yes	yes	yes	yes	OK	
sub-082	ses-01	sub-082/ses-01/anat/sub-082_ses-01_run-03_T1w.nii.gz	/lustre07/scratch/alexrees/derivatives/defacing/sub-082/ses-01/anat/sub-082_ses-01_run-03_T1w.nii.gz	REPLACED	yes	yes	yes	yes	OK	
sub-083	ses-01	sub-083/ses-01/anat/sub-083_ses-01_run-01_T1w.nii.gz	/lustre07/scratch/alexrees/derivatives/defacing/sub-083/ses-01/anat/sub-083_ses-01_run-01_T1w.nii.gz	REPLACED	yes	yes	yes	yes	OK	
sub-083	ses-01	sub-083/ses-01/anat/sub-083_ses-01_run-02_T1w.nii.gz	/lustre07/scratch/alexrees/derivatives/defacing/sub-083/ses-01/anat/sub-083_ses-01_run-02_T1w.nii.gz	REPLACED	yes	yes	yes	yes	OK	
sub-083	ses-01	sub-083/ses-01/anat/sub-083_ses-01_run-03_T1w.nii.gz	/lustre07/scratch/alexrees/derivatives/defacing/sub-083/ses-01/anat/sub-083_ses-01_run-03_T1w.nii.gz	REPLACED	yes	yes	yes	yes	OK	
sub-084	ses-01	sub-084/ses-01/anat/sub-084_ses-01_run-01_T1w.nii.gz	/lustre07/scratch/alexrees/derivatives/defacing/sub-084/ses-01/anat/sub-084_ses-01_run-01_T1w.nii.gz	REPLACED	yes	yes	yes	yes	OK	
sub-084	ses-01	sub-084/ses-01/anat/sub-084_ses-01_run-02_T1w.nii.gz	/lustre07/scratch/alexrees/derivatives/defacing/sub-084/ses-01/anat/sub-084_ses-01_run-02_T1w.nii.gz	REPLACED	yes	yes	yes	yes	OK	
sub-084	ses-01	sub-084/ses-01/anat/sub-084_ses-01_run-03_T1w.nii.gz	/lustre07/scratch/alexrees/derivatives/defacing/sub-084/ses-01/anat/sub-084_ses-01_run-03_T1w.nii.gz	REPLACED	yes	yes	yes	yes	OK	
sub-001	ses-01	sub-001/ses-01/anat/sub-001_ses-01_run-01_FLAIR.nii.gz	/lustre07/scratch/alexrees/derivatives/defacing/sub-001/ses-01/anat/sub-001_ses-01_run-01_FLAIR.nii.gz	REPLACED	yes	yes	yes	yes	OK	
sub-001	ses-02	sub-001/ses-02/anat/sub-001_ses-02_run-01_FLAIR.nii.gz	/lustre07/scratch/alexrees/derivatives/defacing/sub-001/ses-02/anat/sub-001_ses-02_run-01_FLAIR.nii.gz	REPLACED	yes	yes	yes	yes	OK	
sub-002	ses-01	sub-002/ses-01/anat/sub-002_ses-01_run-01_FLAIR.nii.gz	/lustre07/scratch/alexrees/derivatives/defacing/sub-002/ses-01/anat/sub-002_ses-01_run-01_FLAIR.nii.gz	REPLACED	yes	yes	yes	yes	OK	
sub-002	ses-02	sub-002/ses-02/anat/sub-002_ses-02_run-01_FLAIR.nii.gz	/lustre07/scratch/alexrees/derivatives/defacing/sub-002/ses-02/anat/sub-002_ses-02_run-01_FLAIR.nii.gz	REPLACED	yes	yes	yes	yes	OK	
sub-003	ses-01	sub-003/ses-01/anat/sub-003_ses-01_run-01_FLAIR.nii.gz	/lustre07/scratch/alexrees/derivatives/defacing/sub-003/ses-01/anat/sub-003_ses-01_run-01_FLAIR.nii.gz	REPLACED	yes	yes	yes	yes	OK	
sub-003	ses-02	sub-003/ses-02/anat/sub-003_ses-02_run-01_FLAIR.nii.gz	/lustre07/scratch/alexrees/derivatives/defacing/sub-003/ses-02/anat/sub-003_ses-02_run-01_FLAIR.nii.gz	REPLACED	yes	yes	yes	yes	OK	
sub-004	ses-01	sub-004/ses-01/anat/sub-004_ses-01_run-01_FLAIR.nii.gz	/lustre07/scratch/alexrees/derivatives/defacing/sub-004/ses-01/anat/sub-004_ses-01_run-01_FLAIR.nii.gz	REPLACED	yes	yes	yes	yes	OK	
sub-004	ses-02	sub-004/ses-02/anat/sub-004_ses-02_run-01_FLAIR.nii.gz	/lustre07/scratch/alexrees/derivatives/defacing/sub-004/ses-02/anat/sub-004_ses-02_run-01_FLAIR.nii.gz	REPLACED	yes	yes	yes	yes	OK	
sub-005	ses-01	sub-005/ses-01/anat/sub-005_ses-01_run-01_FLAIR.nii.gz	/lustre07/scratch/alexrees/derivatives/defacing/sub-005/ses-01/anat/sub-005_ses-01_run-01_FLAIR.nii.gz	REPLACED	yes	yes	yes	yes	OK	
sub-005	ses-02	sub-005/ses-02/anat/sub-005_ses-02_run-01_FLAIR.nii.gz	/lustre07/scratch/alexrees/derivatives/defacing/sub-005/ses-02/anat/sub-005_ses-02_run-01_FLAIR.nii.gz	REPLACED	yes	yes	yes	yes	OK	
sub-006	ses-01	sub-006/ses-01/anat/sub-006_ses-01_run-01_FLAIR.nii.gz	/lustre07/scratch/alexrees/derivatives/defacing/sub-006/ses-01/anat/sub-006_ses-01_run-01_FLAIR.nii.gz	REPLACED	yes	yes	yes	yes	OK	
sub-006	ses-02	sub-006/ses-02/anat/sub-006_ses-02_run-01_FLAIR.nii.gz	/lustre07/scratch/alexrees/derivatives/defacing/sub-006/ses-02/anat/sub-006_ses-02_run-01_FLAIR.nii.gz	REPLACED	yes	yes	yes	yes	OK	
sub-007	ses-01	sub-007/ses-01/anat/sub-007_ses-01_run-01_FLAIR.nii.gz	/lustre07/scratch/alexrees/derivatives/defacing/sub-007/ses-01/anat/sub-007_ses-01_run-01_FLAIR.nii.gz	REPLACED	yes	yes	yes	yes	OK	
sub-007	ses-02	sub-007/ses-02/anat/sub-007_ses-02_run-01_FLAIR.nii.gz	/lustre07/scratch/alexrees/derivatives/defacing/sub-007/ses-02/anat/sub-007_ses-02_run-01_FLAIR.nii.gz	REPLACED	yes	yes	yes	yes	OK	
sub-008	ses-01	sub-008/ses-01/anat/sub-008_ses-01_run-01_FLAIR.nii.gz	/lustre07/scratch/alexrees/derivatives/defacing/sub-008/ses-01/anat/sub-008_ses-01_run-01_FLAIR.nii.gz	REPLACED	yes	yes	yes	yes	OK	
sub-008	ses-02	sub-008/ses-02/anat/sub-008_ses-02_run-01_FLAIR.nii.gz	/lustre07/scratch/alexrees/derivatives/defacing/sub-008/ses-02/anat/sub-008_ses-02_run-01_FLAIR.nii.gz	REPLACED	yes	yes	yes	yes	OK	
sub-009	ses-01	sub-009/ses-01/anat/sub-009_ses-01_run-01_FLAIR.nii.gz	/lustre07/scratch/alexrees/derivatives/defacing/sub-009/ses-01/anat/sub-009_ses-01_run-01_FLAIR.nii.gz	REPLACED	yes	yes	yes	yes	OK	
sub-009	ses-02	sub-009/ses-02/anat/sub-009_ses-02_run-01_FLAIR.nii.gz	/lustre07/scratch/alexrees/derivatives/defacing/sub-009/ses-02/anat/sub-009_ses-02_run-01_FLAIR.nii.gz	REPLACED	yes	yes	yes	yes	OK	
sub-010	ses-01	sub-010/ses-01/anat/sub-010_ses-01_run-01_FLAIR.nii.gz	/lustre07/scratch/alexrees/derivatives/defacing/sub-010/ses-01/anat/sub-010_ses-01_run-01_FLAIR.nii.gz	REPLACED	yes	yes	yes	yes	OK	
sub-011	ses-01	sub-011/ses-01/anat/sub-011_ses-01_run-01_FLAIR.nii.gz	/lustre07/scratch/alexrees/derivatives/defacing/sub-011/ses-01/anat/sub-011_ses-01_run-01_FLAIR.nii.gz	REPLACED	yes	yes	yes	yes	OK	
sub-011	ses-02	sub-011/ses-02/anat/sub-011_ses-02_run-01_FLAIR.nii.gz	/lustre07/scratch/alexrees/derivatives/defacing/sub-011/ses-02/anat/sub-011_ses-02_run-01_FLAIR.nii.gz	REPLACED	yes	yes	yes	yes	OK	
sub-012	ses-01	sub-012/ses-01/anat/sub-012_ses-01_run-01_FLAIR.nii.gz	/lustre07/scratch/alexrees/derivatives/defacing/sub-012/ses-01/anat/sub-012_ses-01_run-01_FLAIR.nii.gz	REPLACED	yes	yes	yes	yes	OK	
sub-012	ses-02	sub-012/ses-02/anat/sub-012_ses-02_run-01_FLAIR.nii.gz	/lustre07/scratch/alexrees/derivatives/defacing/sub-012/ses-02/anat/sub-012_ses-02_run-01_FLAIR.nii.gz	REPLACED	yes	yes	yes	yes	OK	
sub-013	ses-01	sub-013/ses-01/anat/sub-013_ses-01_run-01_FLAIR.nii.gz	/lustre07/scratch/alexrees/derivatives/defacing/sub-013/ses-01/anat/sub-013_ses-01_run-01_FLAIR.nii.gz	REPLACED	yes	yes	yes	yes	OK	
sub-014	ses-01	sub-014/ses-01/anat/sub-014_ses-01_run-01_FLAIR.nii.gz	/lustre07/scratch/alexrees/derivatives/defacing/sub-014/ses-01/anat/sub-014_ses-01_run-01_FLAIR.nii.gz	REPLACED	yes	yes	yes	yes	OK	
sub-015	ses-01	sub-015/ses-01/anat/sub-015_ses-01_run-01_FLAIR.nii.gz	/lustre07/scratch/alexrees/derivatives/defacing/sub-015/ses-01/anat/sub-015_ses-01_run-01_FLAIR.nii.gz	REPLACED	yes	yes	yes	yes	OK	
sub-015	ses-02	sub-015/ses-02/anat/sub-015_ses-02_run-01_FLAIR.nii.gz	/lustre07/scratch/alexrees/derivatives/defacing/sub-015/ses-02/anat/sub-015_ses-02_run-01_FLAIR.nii.gz	REPLACED	yes	yes	yes	yes	OK	
sub-016	ses-01	sub-016/ses-01/anat/sub-016_ses-01_run-01_FLAIR.nii.gz	/lustre07/scratch/alexrees/derivatives/defacing/sub-016/ses-01/anat/sub-016_ses-01_run-01_FLAIR.nii.gz	REPLACED	yes	yes	yes	yes	OK	
sub-016	ses-02	sub-016/ses-02/anat/sub-016_ses-02_run-01_FLAIR.nii.gz	/lustre07/scratch/alexrees/derivatives/defacing/sub-016/ses-02/anat/sub-016_ses-02_run-01_FLAIR.nii.gz	REPLACED	yes	yes	yes	yes	OK	
sub-017	ses-01	sub-017/ses-01/anat/sub-017_ses-01_run-01_FLAIR.nii.gz	/lustre07/scratch/alexrees/derivatives/defacing/sub-017/ses-01/anat/sub-017_ses-01_run-01_FLAIR.nii.gz	REPLACED	yes	yes	yes	yes	OK	
sub-017	ses-02	sub-017/ses-02/anat/sub-017_ses-02_run-01_FLAIR.nii.gz	/lustre07/scratch/alexrees/derivatives/defacing/sub-017/ses-02/anat/sub-017_ses-02_run-01_FLAIR.nii.gz	REPLACED	yes	yes	yes	yes	OK	
sub-019	ses-01	sub-019/ses-01/anat/sub-019_ses-01_run-01_FLAIR.nii.gz	/lustre07/scratch/alexrees/derivatives/defacing/sub-019/ses-01/anat/sub-019_ses-01_run-01_FLAIR.nii.gz	REPLACED	yes	yes	yes	yes	OK	
sub-019	ses-02	sub-019/ses-02/anat/sub-019_ses-02_run-01_FLAIR.nii.gz	/lustre07/scratch/alexrees/derivatives/defacing/sub-019/ses-02/anat/sub-019_ses-02_run-01_FLAIR.nii.gz	REPLACED	yes	yes	yes	yes	OK	
sub-020	ses-01	sub-020/ses-01/anat/sub-020_ses-01_run-01_FLAIR.nii.gz	/lustre07/scratch/alexrees/derivatives/defacing/sub-020/ses-01/anat/sub-020_ses-01_run-01_FLAIR.nii.gz	REPLACED	yes	yes	yes	yes	OK	
sub-021	ses-01	sub-021/ses-01/anat/sub-021_ses-01_run-01_FLAIR.nii.gz	/lustre07/scratch/alexrees/derivatives/defacing/sub-021/ses-01/anat/sub-021_ses-01_run-01_FLAIR.nii.gz	REPLACED	yes	yes	yes	yes	OK	
sub-021	ses-02	sub-021/ses-02/anat/sub-021_ses-02_run-01_FLAIR.nii.gz	/lustre07/scratch/alexrees/derivatives/defacing/sub-021/ses-02/anat/sub-021_ses-02_run-01_FLAIR.nii.gz	REPLACED	yes	yes	yes	yes	OK	
sub-022	ses-01	sub-022/ses-01/anat/sub-022_ses-01_run-01_FLAIR.nii.gz	/lustre07/scratch/alexrees/derivatives/defacing/sub-022/ses-01/anat/sub-022_ses-01_run-01_FLAIR.nii.gz	REPLACED	yes	yes	yes	yes	OK	
sub-022	ses-02	sub-022/ses-02/anat/sub-022_ses-02_run-01_FLAIR.nii.gz	/lustre07/scratch/alexrees/derivatives/defacing/sub-022/ses-02/anat/sub-022_ses-02_run-01_FLAIR.nii.gz	REPLACED	yes	yes	yes	yes	OK	
sub-023	ses-01	sub-023/ses-01/anat/sub-023_ses-01_run-01_FLAIR.nii.gz	/lustre07/scratch/alexrees/derivatives/defacing/sub-023/ses-01/anat/sub-023_ses-01_run-01_FLAIR.nii.gz	REPLACED	yes	yes	yes	yes	OK	
sub-023	ses-02	sub-023/ses-02/anat/sub-023_ses-02_run-01_FLAIR.nii.gz	/lustre07/scratch/alexrees/derivatives/defacing/sub-023/ses-02/anat/sub-023_ses-02_run-01_FLAIR.nii.gz	REPLACED	yes	yes	yes	yes	OK	
sub-024	ses-02	sub-024/ses-02/anat/sub-024_ses-02_run-01_FLAIR.nii.gz	/lustre07/scratch/alexrees/derivatives/defacing/sub-024/ses-02/anat/sub-024_ses-02_run-01_FLAIR.nii.gz	REPLACED	yes	yes	yes	yes	OK	
sub-025	ses-01	sub-025/ses-01/anat/sub-025_ses-01_run-01_FLAIR.nii.gz	/lustre07/scratch/alexrees/derivatives/defacing/sub-025/ses-01/anat/sub-025_ses-01_run-01_FLAIR.nii.gz	REPLACED	yes	yes	yes	yes	OK	
sub-025	ses-02	sub-025/ses-02/anat/sub-025_ses-02_run-01_FLAIR.nii.gz	/lustre07/scratch/alexrees/derivatives/defacing/sub-025/ses-02/anat/sub-025_ses-02_run-01_FLAIR.nii.gz	REPLACED	yes	yes	yes	yes	OK	
sub-026	ses-01	sub-026/ses-01/anat/sub-026_ses-01_run-01_FLAIR.nii.gz	/lustre07/scratch/alexrees/derivatives/defacing/sub-026/ses-01/anat/sub-026_ses-01_run-01_FLAIR.nii.gz	REPLACED	yes	yes	yes	yes	OK	
sub-026	ses-02	sub-026/ses-02/anat/sub-026_ses-02_run-01_FLAIR.nii.gz	/lustre07/scratch/alexrees/derivatives/defacing/sub-026/ses-02/anat/sub-026_ses-02_run-01_FLAIR.nii.gz	REPLACED	yes	yes	yes	yes	OK	
sub-027	ses-01	sub-027/ses-01/anat/sub-027_ses-01_run-01_FLAIR.nii.gz	/lustre07/scratch/alexrees/derivatives/defacing/sub-027/ses-01/anat/sub-027_ses-01_run-01_FLAIR.nii.gz	REPLACED	yes	yes	yes	yes	OK	
sub-027	ses-02	sub-027/ses-02/anat/sub-027_ses-02_run-01_FLAIR.nii.gz	/lustre07/scratch/alexrees/derivatives/defacing/sub-027/ses-02/anat/sub-027_ses-02_run-01_FLAIR.nii.gz	REPLACED	yes	yes	yes	yes	OK	
sub-028	ses-01	sub-028/ses-01/anat/sub-028_ses-01_run-01_FLAIR.nii.gz	/lustre07/scratch/alexrees/derivatives/defacing/sub-028/ses-01/anat/sub-028_ses-01_run-01_FLAIR.nii.gz	REPLACED	yes	yes	yes	yes	OK	
sub-028	ses-02	sub-028/ses-02/anat/sub-028_ses-02_run-01_FLAIR.nii.gz	/lustre07/scratch/alexrees/derivatives/defacing/sub-028/ses-02/anat/sub-028_ses-02_run-01_FLAIR.nii.gz	REPLACED	yes	yes	yes	yes	OK	
sub-029	ses-01	sub-029/ses-01/anat/sub-029_ses-01_run-01_FLAIR.nii.gz	/lustre07/scratch/alexrees/derivatives/defacing/sub-029/ses-01/anat/sub-029_ses-01_run-01_FLAIR.nii.gz	REPLACED	yes	yes	yes	yes	OK	
sub-029	ses-02	sub-029/ses-02/anat/sub-029_ses-02_run-01_FLAIR.nii.gz	/lustre07/scratch/alexrees/derivatives/defacing/sub-029/ses-02/anat/sub-029_ses-02_run-01_FLAIR.nii.gz	REPLACED	yes	yes	yes	yes	OK	
sub-030	ses-01	sub-030/ses-01/anat/sub-030_ses-01_run-01_FLAIR.nii.gz	/lustre07/scratch/alexrees/derivatives/defacing/sub-030/ses-01/anat/sub-030_ses-01_run-01_FLAIR.nii.gz	REPLACED	yes	yes	yes	yes	OK	
sub-030	ses-02	sub-030/ses-02/anat/sub-030_ses-02_run-01_FLAIR.nii.gz	/lustre07/scratch/alexrees/derivatives/defacing/sub-030/ses-02/anat/sub-030_ses-02_run-01_FLAIR.nii.gz	REPLACED	yes	yes	yes	yes	OK	
sub-031	ses-01	sub-031/ses-01/anat/sub-031_ses-01_run-01_FLAIR.nii.gz	/lustre07/scratch/alexrees/derivatives/defacing/sub-031/ses-01/anat/sub-031_ses-01_run-01_FLAIR.nii.gz	REPLACED	yes	yes	yes	yes	OK	
sub-031	ses-02	sub-031/ses-02/anat/sub-031_ses-02_run-01_FLAIR.nii.gz	/lustre07/scratch/alexrees/derivatives/defacing/sub-031/ses-02/anat/sub-031_ses-02_run-01_FLAIR.nii.gz	REPLACED	yes	yes	yes	yes	OK	
sub-032	ses-01	sub-032/ses-01/anat/sub-032_ses-01_run-01_FLAIR.nii.gz	/lustre07/scratch/alexrees/derivatives/defacing/sub-032/ses-01/anat/sub-032_ses-01_run-01_FLAIR.nii.gz	REPLACED	yes	yes	yes	yes	OK	
sub-034	ses-01	sub-034/ses-01/anat/sub-034_ses-01_run-01_FLAIR.nii.gz	/lustre07/scratch/alexrees/derivatives/defacing/sub-034/ses-01/anat/sub-034_ses-01_run-01_FLAIR.nii.gz	REPLACED	yes	yes	yes	yes	OK	
sub-034	ses-02	sub-034/ses-02/anat/sub-034_ses-02_run-01_FLAIR.nii.gz	/lustre07/scratch/alexrees/derivatives/defacing/sub-034/ses-02/anat/sub-034_ses-02_run-01_FLAIR.nii.gz	REPLACED	yes	yes	yes	yes	OK	
sub-035	ses-01	sub-035/ses-01/anat/sub-035_ses-01_run-01_FLAIR.nii.gz	/lustre07/scratch/alexrees/derivatives/defacing/sub-035/ses-01/anat/sub-035_ses-01_run-01_FLAIR.nii.gz	REPLACED	yes	yes	yes	yes	OK	
sub-035	ses-02	sub-035/ses-02/anat/sub-035_ses-02_run-01_FLAIR.nii.gz	/lustre07/scratch/alexrees/derivatives/defacing/sub-035/ses-02/anat/sub-035_ses-02_run-01_FLAIR.nii.gz	REPLACED	yes	yes	yes	yes	OK	
sub-036	ses-01	sub-036/ses-01/anat/sub-036_ses-01_run-01_FLAIR.nii.gz	/lustre07/scratch/alexrees/derivatives/defacing/sub-036/ses-01/anat/sub-036_ses-01_run-01_FLAIR.nii.gz	REPLACED	yes	yes	yes	yes	OK	
sub-036	ses-02	sub-036/ses-02/anat/sub-036_ses-02_run-01_FLAIR.nii.gz	/lustre07/scratch/alexrees/derivatives/defacing/sub-036/ses-02/anat/sub-036_ses-02_run-01_FLAIR.nii.gz	REPLACED	yes	yes	yes	yes	OK	
sub-037	ses-01	sub-037/ses-01/anat/sub-037_ses-01_run-01_FLAIR.nii.gz	/lustre07/scratch/alexrees/derivatives/defacing/sub-037/ses-01/anat/sub-037_ses-01_run-01_FLAIR.nii.gz	REPLACED	yes	yes	yes	yes	OK	
sub-038	ses-01	sub-038/ses-01/anat/sub-038_ses-01_run-01_FLAIR.nii.gz	/lustre07/scratch/alexrees/derivatives/defacing/sub-038/ses-01/anat/sub-038_ses-01_run-01_FLAIR.nii.gz	REPLACED	yes	yes	yes	yes	OK	
sub-038	ses-02	sub-038/ses-02/anat/sub-038_ses-02_run-01_FLAIR.nii.gz	/lustre07/scratch/alexrees/derivatives/defacing/sub-038/ses-02/anat/sub-038_ses-02_run-01_FLAIR.nii.gz	REPLACED	yes	yes	yes	yes	OK	
sub-039	ses-01	sub-039/ses-01/anat/sub-039_ses-01_run-01_FLAIR.nii.gz	/lustre07/scratch/alexrees/derivatives/defacing/sub-039/ses-01/anat/sub-039_ses-01_run-01_FLAIR.nii.gz	REPLACED	yes	yes	yes	yes	OK	
sub-039	ses-02	sub-039/ses-02/anat/sub-039_ses-02_run-01_FLAIR.nii.gz	/lustre07/scratch/alexrees/derivatives/defacing/sub-039/ses-02/anat/sub-039_ses-02_run-01_FLAIR.nii.gz	REPLACED	yes	yes	yes	yes	OK	
sub-040	ses-01	sub-040/ses-01/anat/sub-040_ses-01_run-01_FLAIR.nii.gz	/lustre07/scratch/alexrees/derivatives/defacing/sub-040/ses-01/anat/sub-040_ses-01_run-01_FLAIR.nii.gz	REPLACED	yes	yes	yes	yes	OK	
sub-040	ses-02	sub-040/ses-02/anat/sub-040_ses-02_run-01_FLAIR.nii.gz	/lustre07/scratch/alexrees/derivatives/defacing/sub-040/ses-02/anat/sub-040_ses-02_run-01_FLAIR.nii.gz	REPLACED	yes	yes	yes	yes	OK	
sub-041	ses-01	sub-041/ses-01/anat/sub-041_ses-01_run-01_FLAIR.nii.gz	/lustre07/scratch/alexrees/derivatives/defacing/sub-041/ses-01/anat/sub-041_ses-01_run-01_FLAIR.nii.gz	REPLACED	yes	yes	yes	yes	OK	
sub-041	ses-02	sub-041/ses-02/anat/sub-041_ses-02_run-01_FLAIR.nii.gz	/lustre07/scratch/alexrees/derivatives/defacing/sub-041/ses-02/anat/sub-041_ses-02_run-01_FLAIR.nii.gz	REPLACED	yes	yes	yes	yes	OK	
sub-042	ses-01	sub-042/ses-01/anat/sub-042_ses-01_run-01_FLAIR.nii.gz	/lustre07/scratch/alexrees/derivatives/defacing/sub-042/ses-01/anat/sub-042_ses-01_run-01_FLAIR.nii.gz	REPLACED	yes	yes	yes	yes	OK	
sub-043	ses-02	sub-043/ses-02/anat/sub-043_ses-02_run-01_FLAIR.nii.gz	/lustre07/scratch/alexrees/derivatives/defacing/sub-043/ses-02/anat/sub-043_ses-02_run-01_FLAIR.nii.gz	REPLACED	yes	yes	yes	yes	OK	
sub-043	ses-02	sub-043/ses-02/anat/sub-043_ses-02_run-02_FLAIR.nii.gz	/lustre07/scratch/alexrees/derivatives/defacing/sub-043/ses-02/anat/sub-043_ses-02_run-02_FLAIR.nii.gz	REPLACED	yes	yes	yes	yes	OK	
sub-044	ses-01	sub-044/ses-01/anat/sub-044_ses-01_run-01_FLAIR.nii.gz	/lustre07/scratch/alexrees/derivatives/defacing/sub-044/ses-01/anat/sub-044_ses-01_run-01_FLAIR.nii.gz	REPLACED	yes	yes	yes	yes	OK	
sub-044	ses-02	sub-044/ses-02/anat/sub-044_ses-02_run-01_FLAIR.nii.gz	/lustre07/scratch/alexrees/derivatives/defacing/sub-044/ses-02/anat/sub-044_ses-02_run-01_FLAIR.nii.gz	REPLACED	yes	yes	yes	yes	OK	
sub-045	ses-01	sub-045/ses-01/anat/sub-045_ses-01_run-01_FLAIR.nii.gz	/lustre07/scratch/alexrees/derivatives/defacing/sub-045/ses-01/anat/sub-045_ses-01_run-01_FLAIR.nii.gz	REPLACED	yes	yes	yes	yes	OK	
sub-046	ses-01	sub-046/ses-01/anat/sub-046_ses-01_run-01_FLAIR.nii.gz	/lustre07/scratch/alexrees/derivatives/defacing/sub-046/ses-01/anat/sub-046_ses-01_run-01_FLAIR.nii.gz	REPLACED	yes	yes	yes	yes	OK	
sub-046	ses-02	sub-046/ses-02/anat/sub-046_ses-02_run-01_FLAIR.nii.gz	/lustre07/scratch/alexrees/derivatives/defacing/sub-046/ses-02/anat/sub-046_ses-02_run-01_FLAIR.nii.gz	REPLACED	yes	yes	yes	yes	OK	
sub-047	ses-01	sub-047/ses-01/anat/sub-047_ses-01_run-01_FLAIR.nii.gz	/lustre07/scratch/alexrees/derivatives/defacing/sub-047/ses-01/anat/sub-047_ses-01_run-01_FLAIR.nii.gz	REPLACED	yes	yes	yes	yes	OK	
sub-047	ses-02	sub-047/ses-02/anat/sub-047_ses-02_run-01_FLAIR.nii.gz	/lustre07/scratch/alexrees/derivatives/defacing/sub-047/ses-02/anat/sub-047_ses-02_run-01_FLAIR.nii.gz	REPLACED	yes	yes	yes	yes	OK	
sub-048	ses-01	sub-048/ses-01/anat/sub-048_ses-01_run-01_FLAIR.nii.gz	/lustre07/scratch/alexrees/derivatives/defacing/sub-048/ses-01/anat/sub-048_ses-01_run-01_FLAIR.nii.gz	REPLACED	yes	yes	yes	yes	OK	
sub-048	ses-02	sub-048/ses-02/anat/sub-048_ses-02_run-01_FLAIR.nii.gz	/lustre07/scratch/alexrees/derivatives/defacing/sub-048/ses-02/anat/sub-048_ses-02_run-01_FLAIR.nii.gz	REPLACED	yes	yes	yes	yes	OK	
sub-049	ses-01	sub-049/ses-01/anat/sub-049_ses-01_run-01_FLAIR.nii.gz	/lustre07/scratch/alexrees/derivatives/defacing/sub-049/ses-01/anat/sub-049_ses-01_run-01_FLAIR.nii.gz	REPLACED	yes	yes	yes	yes	OK	
sub-050	ses-01	sub-050/ses-01/anat/sub-050_ses-01_run-01_FLAIR.nii.gz	/lustre07/scratch/alexrees/derivatives/defacing/sub-050/ses-01/anat/sub-050_ses-01_run-01_FLAIR.nii.gz	REPLACED	yes	yes	yes	yes	OK	
sub-051	ses-01	sub-051/ses-01/anat/sub-051_ses-01_run-01_FLAIR.nii.gz	/lustre07/scratch/alexrees/derivatives/defacing/sub-051/ses-01/anat/sub-051_ses-01_run-01_FLAIR.nii.gz	REPLACED	yes	yes	yes	yes	OK	
sub-052	ses-01	sub-052/ses-01/anat/sub-052_ses-01_run-01_FLAIR.nii.gz	/lustre07/scratch/alexrees/derivatives/defacing/sub-052/ses-01/anat/sub-052_ses-01_run-01_FLAIR.nii.gz	REPLACED	yes	yes	yes	yes	OK	
sub-052	ses-02	sub-052/ses-02/anat/sub-052_ses-02_run-01_FLAIR.nii.gz	/lustre07/scratch/alexrees/derivatives/defacing/sub-052/ses-02/anat/sub-052_ses-02_run-01_FLAIR.nii.gz	REPLACED	yes	yes	yes	yes	OK	
sub-053	ses-01	sub-053/ses-01/anat/sub-053_ses-01_run-01_FLAIR.nii.gz	/lustre07/scratch/alexrees/derivatives/defacing/sub-053/ses-01/anat/sub-053_ses-01_run-01_FLAIR.nii.gz	REPLACED	yes	yes	yes	yes	OK	
sub-054	ses-01	sub-054/ses-01/anat/sub-054_ses-01_run-01_FLAIR.nii.gz	/lustre07/scratch/alexrees/derivatives/defacing/sub-054/ses-01/anat/sub-054_ses-01_run-01_FLAIR.nii.gz	REPLACED	yes	yes	yes	yes	OK	
sub-054	ses-02	sub-054/ses-02/anat/sub-054_ses-02_run-01_FLAIR.nii.gz	/lustre07/scratch/alexrees/derivatives/defacing/sub-054/ses-02/anat/sub-054_ses-02_run-01_FLAIR.nii.gz	REPLACED	yes	yes	yes	yes	OK	
sub-054	ses-02	sub-054/ses-02/anat/sub-054_ses-02_run-02_FLAIR.nii.gz	/lustre07/scratch/alexrees/derivatives/defacing/sub-054/ses-02/anat/sub-054_ses-02_run-02_FLAIR.nii.gz	REPLACED	yes	yes	yes	yes	OK	
sub-056	ses-01	sub-056/ses-01/anat/sub-056_ses-01_run-01_FLAIR.nii.gz	/lustre07/scratch/alexrees/derivatives/defacing/sub-056/ses-01/anat/sub-056_ses-01_run-01_FLAIR.nii.gz	REPLACED	yes	yes	yes	yes	OK	
sub-056	ses-01	sub-056/ses-01/anat/sub-056_ses-01_run-02_FLAIR.nii.gz	/lustre07/scratch/alexrees/derivatives/defacing/sub-056/ses-01/anat/sub-056_ses-01_run-02_FLAIR.nii.gz	REPLACED	yes	yes	yes	yes	OK	
sub-057	ses-01	sub-057/ses-01/anat/sub-057_ses-01_run-01_FLAIR.nii.gz	/lustre07/scratch/alexrees/derivatives/defacing/sub-057/ses-01/anat/sub-057_ses-01_run-01_FLAIR.nii.gz	REPLACED	yes	yes	yes	yes	OK	
sub-058	ses-01	sub-058/ses-01/anat/sub-058_ses-01_run-01_FLAIR.nii.gz	/lustre07/scratch/alexrees/derivatives/defacing/sub-058/ses-01/anat/sub-058_ses-01_run-01_FLAIR.nii.gz	REPLACED	yes	yes	yes	yes	OK	
sub-059	ses-01	sub-059/ses-01/anat/sub-059_ses-01_run-01_FLAIR.nii.gz	/lustre07/scratch/alexrees/derivatives/defacing/sub-059/ses-01/anat/sub-059_ses-01_run-01_FLAIR.nii.gz	REPLACED	yes	yes	yes	yes	OK	
sub-060	ses-01	sub-060/ses-01/anat/sub-060_ses-01_run-01_FLAIR.nii.gz	/lustre07/scratch/alexrees/derivatives/defacing/sub-060/ses-01/anat/sub-060_ses-01_run-01_FLAIR.nii.gz	REPLACED	yes	yes	yes	yes	OK	
sub-061	ses-01	sub-061/ses-01/anat/sub-061_ses-01_run-01_FLAIR.nii.gz	/lustre07/scratch/alexrees/derivatives/defacing/sub-061/ses-01/anat/sub-061_ses-01_run-01_FLAIR.nii.gz	REPLACED	yes	yes	yes	yes	OK	
sub-061	ses-01	sub-061/ses-01/anat/sub-061_ses-01_run-02_FLAIR.nii.gz	/lustre07/scratch/alexrees/derivatives/defacing/sub-061/ses-01/anat/sub-061_ses-01_run-02_FLAIR.nii.gz	REPLACED	yes	yes	yes	yes	OK	
sub-062	ses-01	sub-062/ses-01/anat/sub-062_ses-01_run-01_FLAIR.nii.gz	/lustre07/scratch/alexrees/derivatives/defacing/sub-062/ses-01/anat/sub-062_ses-01_run-01_FLAIR.nii.gz	REPLACED	yes	yes	yes	yes	OK	
sub-062	ses-01	sub-062/ses-01/anat/sub-062_ses-01_run-02_FLAIR.nii.gz	/lustre07/scratch/alexrees/derivatives/defacing/sub-062/ses-01/anat/sub-062_ses-01_run-02_FLAIR.nii.gz	REPLACED	yes	yes	yes	yes	OK	
sub-063	ses-01	sub-063/ses-01/anat/sub-063_ses-01_run-01_FLAIR.nii.gz	/lustre07/scratch/alexrees/derivatives/defacing/sub-063/ses-01/anat/sub-063_ses-01_run-01_FLAIR.nii.gz	REPLACED	yes	yes	yes	yes	OK	
sub-063	ses-01	sub-063/ses-01/anat/sub-063_ses-01_run-02_FLAIR.nii.gz	/lustre07/scratch/alexrees/derivatives/defacing/sub-063/ses-01/anat/sub-063_ses-01_run-02_FLAIR.nii.gz	REPLACED	yes	yes	yes	yes	OK	
sub-064	ses-01	sub-064/ses-01/anat/sub-064_ses-01_run-01_FLAIR.nii.gz	/lustre07/scratch/alexrees/derivatives/defacing/sub-064/ses-01/anat/sub-064_ses-01_run-01_FLAIR.nii.gz	REPLACED	yes	yes	yes	yes	OK	
sub-065	ses-01	sub-065/ses-01/anat/sub-065_ses-01_run-01_FLAIR.nii.gz	/lustre07/scratch/alexrees/derivatives/defacing/sub-065/ses-01/anat/sub-065_ses-01_run-01_FLAIR.nii.gz	REPLACED	yes	yes	yes	yes	OK	
sub-066	ses-01	sub-066/ses-01/anat/sub-066_ses-01_run-01_FLAIR.nii.gz	/lustre07/scratch/alexrees/derivatives/defacing/sub-066/ses-01/anat/sub-066_ses-01_run-01_FLAIR.nii.gz	REPLACED	yes	yes	yes	yes	OK	
sub-067	ses-01	sub-067/ses-01/anat/sub-067_ses-01_run-01_FLAIR.nii.gz	/lustre07/scratch/alexrees/derivatives/defacing/sub-067/ses-01/anat/sub-067_ses-01_run-01_FLAIR.nii.gz	REPLACED	yes	yes	yes	yes	OK	
sub-068	ses-01	sub-068/ses-01/anat/sub-068_ses-01_run-01_FLAIR.nii.gz	/lustre07/scratch/alexrees/derivatives/defacing/sub-068/ses-01/anat/sub-068_ses-01_run-01_FLAIR.nii.gz	REPLACED	yes	yes	yes	yes	OK	
sub-069	ses-01	sub-069/ses-01/anat/sub-069_ses-01_run-01_FLAIR.nii.gz	/lustre07/scratch/alexrees/derivatives/defacing/sub-069/ses-01/anat/sub-069_ses-01_run-01_FLAIR.nii.gz	REPLACED	yes	yes	yes	yes	OK	
sub-071	ses-01	sub-071/ses-01/anat/sub-071_ses-01_run-01_FLAIR.nii.gz	/lustre07/scratch/alexrees/derivatives/defacing/sub-071/ses-01/anat/sub-071_ses-01_run-01_FLAIR.nii.gz	REPLACED	yes	yes	yes	yes	OK	
sub-072	ses-01	sub-072/ses-01/anat/sub-072_ses-01_run-01_FLAIR.nii.gz	/lustre07/scratch/alexrees/derivatives/defacing/sub-072/ses-01/anat/sub-072_ses-01_run-01_FLAIR.nii.gz	REPLACED	yes	yes	yes	yes	OK	
sub-073	ses-01	sub-073/ses-01/anat/sub-073_ses-01_run-01_FLAIR.nii.gz	/lustre07/scratch/alexrees/derivatives/defacing/sub-073/ses-01/anat/sub-073_ses-01_run-01_FLAIR.nii.gz	REPLACED	yes	yes	yes	yes	OK	
sub-074	ses-01	sub-074/ses-01/anat/sub-074_ses-01_run-01_FLAIR.nii.gz	/lustre07/scratch/alexrees/derivatives/defacing/sub-074/ses-01/anat/sub-074_ses-01_run-01_FLAIR.nii.gz	REPLACED	yes	yes	yes	yes	OK	
sub-075	ses-01	sub-075/ses-01/anat/sub-075_ses-01_run-01_FLAIR.nii.gz	/lustre07/scratch/alexrees/derivatives/defacing/sub-075/ses-01/anat/sub-075_ses-01_run-01_FLAIR.nii.gz	REPLACED	yes	yes	yes	yes	OK	
sub-076	ses-01	sub-076/ses-01/anat/sub-076_ses-01_run-01_FLAIR.nii.gz	/lustre07/scratch/alexrees/derivatives/defacing/sub-076/ses-01/anat/sub-076_ses-01_run-01_FLAIR.nii.gz	REPLACED	yes	yes	yes	yes	OK	
sub-076	ses-01	sub-076/ses-01/anat/sub-076_ses-01_run-02_FLAIR.nii.gz	/lustre07/scratch/alexrees/derivatives/defacing/sub-076/ses-01/anat/sub-076_ses-01_run-02_FLAIR.nii.gz	REPLACED	yes	yes	yes	yes	OK	
sub-077	ses-01	sub-077/ses-01/anat/sub-077_ses-01_run-01_FLAIR.nii.gz	/lustre07/scratch/alexrees/derivatives/defacing/sub-077/ses-01/anat/sub-077_ses-01_run-01_FLAIR.nii.gz	REPLACED	yes	yes	yes	yes	OK	
sub-078	ses-01	sub-078/ses-01/anat/sub-078_ses-01_run-01_FLAIR.nii.gz	/lustre07/scratch/alexrees/derivatives/defacing/sub-078/ses-01/anat/sub-078_ses-01_run-01_FLAIR.nii.gz	REPLACED	yes	yes	yes	yes	OK	
sub-079	ses-01	sub-079/ses-01/anat/sub-079_ses-01_run-01_FLAIR.nii.gz	/lustre07/scratch/alexrees/derivatives/defacing/sub-079/ses-01/anat/sub-079_ses-01_run-01_FLAIR.nii.gz	REPLACED	yes	yes	yes	yes	OK	
sub-080	ses-01	sub-080/ses-01/anat/sub-080_ses-01_run-01_FLAIR.nii.gz	/lustre07/scratch/alexrees/derivatives/defacing/sub-080/ses-01/anat/sub-080_ses-01_run-01_FLAIR.nii.gz	REPLACED	yes	yes	yes	yes	OK	
sub-081	ses-01	sub-081/ses-01/anat/sub-081_ses-01_run-01_FLAIR.nii.gz	/lustre07/scratch/alexrees/derivatives/defacing/sub-081/ses-01/anat/sub-081_ses-01_run-01_FLAIR.nii.gz	REPLACED	yes	yes	yes	yes	OK	
sub-082	ses-01	sub-082/ses-01/anat/sub-082_ses-01_run-01_FLAIR.nii.gz	/lustre07/scratch/alexrees/derivatives/defacing/sub-082/ses-01/anat/sub-082_ses-01_run-01_FLAIR.nii.gz	REPLACED	yes	yes	yes	yes	OK	
sub-083	ses-01	sub-083/ses-01/anat/sub-083_ses-01_run-01_FLAIR.nii.gz	/lustre07/scratch/alexrees/derivatives/defacing/sub-083/ses-01/anat/sub-083_ses-01_run-01_FLAIR.nii.gz	REPLACED	yes	yes	yes	yes	OK	
sub-084	ses-01	sub-084/ses-01/anat/sub-084_ses-01_run-01_FLAIR.nii.gz	/lustre07/scratch/alexrees/derivatives/defacing/sub-084/ses-01/anat/sub-084_ses-01_run-01_FLAIR.nii.gz	REPLACED	yes	yes	yes	yes	OK	
