bold_stem	subject	session	run	has_events	events_status	gap_reason	in_bids
sub-001_ses-01_task-fmri_run-01	sub-001	ses-01	01	yes	HAS_EVENTS		yes
sub-001_ses-01_task-fmri_run-03	sub-001	ses-01	03	yes	HAS_EVENTS		yes
sub-001_ses-01_task-fmri_run-05	sub-001	ses-01	05	yes	HAS_EVENTS		yes
sub-001_ses-01_task-fmri_run-07	sub-001	ses-01	07	yes	HAS_EVENTS		yes
sub-001_ses-02_task-fmri_run-01	sub-001	ses-02	01	yes	HAS_EVENTS		yes
sub-001_ses-02_task-fmri_run-03	sub-001	ses-02	03	yes	HAS_EVENTS		yes
sub-001_ses-02_task-fmri_run-05	sub-001	ses-02	05	yes	HAS_EVENTS		yes
sub-001_ses-02_task-fmri_run-07	sub-001	ses-02	07	yes	HAS_EVENTS		yes
sub-002_ses-01_task-fmri_run-01	sub-002	ses-01	01	yes	HAS_EVENTS		yes
sub-002_ses-01_task-fmri_run-03	sub-002	ses-01	03	yes	HAS_EVENTS		yes
sub-002_ses-01_task-fmri_run-05	sub-002	ses-01	05	yes	HAS_EVENTS		yes
sub-002_ses-01_task-fmri_run-07	sub-002	ses-01	07	no	NO_EVENTS	MATLAB_EXISTS_BUT_NOT_MAPPED_TO_THIS_BIDS_RUN	yes
sub-002_ses-01_task-fmri_run-09	sub-002	ses-01	09	yes	HAS_EVENTS		yes
sub-002_ses-02_task-fmri_run-01	sub-002	ses-02	01	yes	HAS_EVENTS		yes
sub-002_ses-02_task-fmri_run-03	sub-002	ses-02	03	yes	HAS_EVENTS		yes
sub-002_ses-02_task-fmri_run-05	sub-002	ses-02	05	yes	HAS_EVENTS		yes
sub-002_ses-02_task-fmri_run-07	sub-002	ses-02	07	yes	HAS_EVENTS		yes
sub-003_ses-01_task-fmri_run-01	sub-003	ses-01	01	yes	HAS_EVENTS		yes
sub-003_ses-01_task-fmri_run-03	sub-003	ses-01	03	yes	HAS_EVENTS		yes
sub-003_ses-01_task-fmri_run-05	sub-003	ses-01	05	yes	HAS_EVENTS		yes
sub-003_ses-01_task-fmri_run-07	sub-003	ses-01	07	yes	HAS_EVENTS		yes
sub-003_ses-02_task-fmri_run-01	sub-003	ses-02	01	yes	HAS_EVENTS		yes
sub-003_ses-02_task-fmri_run-03	sub-003	ses-02	03	yes	HAS_EVENTS		yes
sub-003_ses-02_task-fmri_run-05	sub-003	ses-02	05	yes	HAS_EVENTS		yes
sub-003_ses-02_task-fmri_run-07	sub-003	ses-02	07	yes	HAS_EVENTS		yes
sub-004_ses-01_task-fmri_run-01	sub-004	ses-01	01	yes	HAS_EVENTS		yes
sub-004_ses-01_task-fmri_run-03	sub-004	ses-01	03	yes	HAS_EVENTS		yes
sub-004_ses-01_task-fmri_run-05	sub-004	ses-01	05	yes	HAS_EVENTS		yes
sub-004_ses-01_task-fmri_run-07	sub-004	ses-01	07	yes	HAS_EVENTS		yes
sub-004_ses-02_task-fmri_run-01	sub-004	ses-02	01	yes	HAS_EVENTS		yes
sub-004_ses-02_task-fmri_run-03	sub-004	ses-02	03	yes	HAS_EVENTS		yes
sub-004_ses-02_task-fmri_run-05	sub-004	ses-02	05	yes	HAS_EVENTS		yes
sub-004_ses-02_task-fmri_run-07	sub-004	ses-02	07	yes	HAS_EVENTS		yes
sub-005_ses-01_task-fmri_run-01	sub-005	ses-01	01	yes	HAS_EVENTS		yes
sub-005_ses-01_task-fmri_run-03	sub-005	ses-01	03	yes	HAS_EVENTS		yes
sub-005_ses-01_task-fmri_run-05	sub-005	ses-01	05	yes	HAS_EVENTS		yes
sub-005_ses-01_task-fmri_run-07	sub-005	ses-01	07	yes	HAS_EVENTS		yes
sub-005_ses-02_task-fmri_run-01	sub-005	ses-02	01	yes	HAS_EVENTS		yes
sub-005_ses-02_task-fmri_run-03	sub-005	ses-02	03	yes	HAS_EVENTS		yes
sub-005_ses-02_task-fmri_run-05	sub-005	ses-02	05	yes	HAS_EVENTS		yes
sub-005_ses-02_task-fmri_run-07	sub-005	ses-02	07	yes	HAS_EVENTS		yes
sub-006_ses-01_task-fmri_run-01	sub-006	ses-01	01	yes	HAS_EVENTS		yes
sub-006_ses-01_task-fmri_run-03	sub-006	ses-01	03	yes	HAS_EVENTS		yes
sub-006_ses-01_task-fmri_run-05	sub-006	ses-01	05	yes	HAS_EVENTS		yes
sub-006_ses-01_task-fmri_run-07	sub-006	ses-01	07	yes	HAS_EVENTS		yes
sub-006_ses-02_task-fmri_run-01	sub-006	ses-02	01	yes	HAS_EVENTS		yes
sub-006_ses-02_task-fmri_run-03	sub-006	ses-02	03	yes	HAS_EVENTS		yes
sub-006_ses-02_task-fmri_run-05	sub-006	ses-02	05	yes	HAS_EVENTS		yes
sub-006_ses-02_task-fmri_run-07	sub-006	ses-02	07	yes	HAS_EVENTS		yes
sub-007_ses-01_task-fmri_run-01	sub-007	ses-01	01	yes	HAS_EVENTS		yes
sub-007_ses-01_task-fmri_run-03	sub-007	ses-01	03	yes	HAS_EVENTS		yes
sub-007_ses-01_task-fmri_run-05	sub-007	ses-01	05	yes	HAS_EVENTS		yes
sub-007_ses-01_task-fmri_run-07	sub-007	ses-01	07	yes	HAS_EVENTS		yes
sub-007_ses-02_task-fmri_run-01	sub-007	ses-02	01	yes	HAS_EVENTS		yes
sub-007_ses-02_task-fmri_run-03	sub-007	ses-02	03	yes	HAS_EVENTS		yes
sub-007_ses-02_task-fmri_run-05	sub-007	ses-02	05	yes	HAS_EVENTS		yes
sub-007_ses-02_task-fmri_run-07	sub-007	ses-02	07	yes	HAS_EVENTS		yes
sub-008_ses-01_task-fmri_run-01	sub-008	ses-01	01	yes	HAS_EVENTS		yes
sub-008_ses-01_task-fmri_run-03	sub-008	ses-01	03	yes	HAS_EVENTS		yes
sub-008_ses-01_task-fmri_run-05	sub-008	ses-01	05	yes	HAS_EVENTS		yes
sub-008_ses-01_task-fmri_run-07	sub-008	ses-01	07	yes	HAS_EVENTS		yes
sub-008_ses-02_task-fmri_run-01	sub-008	ses-02	01	yes	HAS_EVENTS		yes
sub-008_ses-02_task-fmri_run-03	sub-008	ses-02	03	yes	HAS_EVENTS		yes
sub-008_ses-02_task-fmri_run-05	sub-008	ses-02	05	yes	HAS_EVENTS		yes
sub-008_ses-02_task-fmri_run-07	sub-008	ses-02	07	yes	HAS_EVENTS		yes
sub-009_ses-01_task-fmri_run-01	sub-009	ses-01	01	yes	HAS_EVENTS		yes
sub-009_ses-01_task-fmri_run-03	sub-009	ses-01	03	yes	HAS_EVENTS		yes
sub-009_ses-01_task-fmri_run-05	sub-009	ses-01	05	yes	HAS_EVENTS		yes
sub-009_ses-01_task-fmri_run-07	sub-009	ses-01	07	yes	HAS_EVENTS		yes
sub-009_ses-02_task-fmri_run-01	sub-009	ses-02	01	yes	HAS_EVENTS		yes
sub-009_ses-02_task-fmri_run-03	sub-009	ses-02	03	yes	HAS_EVENTS		yes
sub-009_ses-02_task-fmri_run-05	sub-009	ses-02	05	yes	HAS_EVENTS		yes
sub-009_ses-02_task-fmri_run-07	sub-009	ses-02	07	yes	HAS_EVENTS		yes
sub-010_ses-01_task-fmri_run-01	sub-010	ses-01	01	yes	HAS_EVENTS		yes
sub-010_ses-01_task-fmri_run-03	sub-010	ses-01	03	yes	HAS_EVENTS		yes
sub-010_ses-01_task-fmri_run-05	sub-010	ses-01	05	yes	HAS_EVENTS		yes
sub-010_ses-01_task-fmri_run-07	sub-010	ses-01	07	yes	HAS_EVENTS		yes
sub-011_ses-01_task-fmri_run-01	sub-011	ses-01	01	yes	HAS_EVENTS		yes
sub-011_ses-01_task-fmri_run-03	sub-011	ses-01	03	no	NO_EVENTS	MATLAB_EXISTS_BUT_NOT_MAPPED_TO_THIS_BIDS_RUN	yes
sub-011_ses-01_task-fmri_run-05	sub-011	ses-01	05	yes	HAS_EVENTS		yes
sub-011_ses-01_task-fmri_run-07	sub-011	ses-01	07	yes	HAS_EVENTS		yes
sub-011_ses-01_task-fmri_run-09	sub-011	ses-01	09	yes	HAS_EVENTS		yes
sub-011_ses-02_task-fmri_run-02	sub-011	ses-02	02	yes	HAS_EVENTS		yes
sub-011_ses-02_task-fmri_run-04	sub-011	ses-02	04	yes	HAS_EVENTS		yes
sub-011_ses-02_task-fmri_run-06	sub-011	ses-02	06	no	NO_EVENTS	NONUNIQUE_OR_MISSING_MATLAB_SOURCES	yes
sub-011_ses-02_task-fmri_run-08	sub-011	ses-02	08	yes	HAS_EVENTS		yes
sub-012_ses-01_task-fmri_run-01	sub-012	ses-01	01	yes	HAS_EVENTS		yes
sub-012_ses-01_task-fmri_run-03	sub-012	ses-01	03	yes	HAS_EVENTS		yes
sub-012_ses-01_task-fmri_run-05	sub-012	ses-01	05	yes	HAS_EVENTS		yes
sub-012_ses-01_task-fmri_run-07	sub-012	ses-01	07	yes	HAS_EVENTS		yes
sub-012_ses-01_task-fmri_run-09	sub-012	ses-01	09	yes	HAS_EVENTS		yes
sub-012_ses-02_task-fmri_run-01	sub-012	ses-02	01	yes	HAS_EVENTS		yes
sub-012_ses-02_task-fmri_run-03	sub-012	ses-02	03	yes	HAS_EVENTS		yes
sub-012_ses-02_task-fmri_run-05	sub-012	ses-02	05	yes	HAS_EVENTS		yes
sub-012_ses-02_task-fmri_run-07	sub-012	ses-02	07	yes	HAS_EVENTS		yes
sub-013_ses-01_task-fmri_run-01	sub-013	ses-01	01	yes	HAS_EVENTS		yes
sub-013_ses-01_task-fmri_run-03	sub-013	ses-01	03	yes	HAS_EVENTS		yes
sub-013_ses-01_task-fmri_run-05	sub-013	ses-01	05	yes	HAS_EVENTS		yes
sub-013_ses-01_task-fmri_run-07	sub-013	ses-01	07	no	NO_EVENTS	NONUNIQUE_OR_MISSING_MATLAB_SOURCES	yes
sub-014_ses-01_task-fmri_run-01	sub-014	ses-01	01	yes	HAS_EVENTS		yes
sub-014_ses-01_task-fmri_run-03	sub-014	ses-01	03	yes	HAS_EVENTS		yes
sub-014_ses-01_task-fmri_run-05	sub-014	ses-01	05	yes	HAS_EVENTS		yes
sub-014_ses-01_task-fmri_run-07	sub-014	ses-01	07	yes	HAS_EVENTS		yes
sub-015_ses-01_task-fmri_run-01	sub-015	ses-01	01	yes	HAS_EVENTS		yes
sub-015_ses-01_task-fmri_run-03	sub-015	ses-01	03	yes	HAS_EVENTS		yes
sub-015_ses-01_task-fmri_run-05	sub-015	ses-01	05	yes	HAS_EVENTS		yes
sub-015_ses-01_task-fmri_run-07	sub-015	ses-01	07	yes	HAS_EVENTS		yes
sub-015_ses-02_task-fmri_run-01	sub-015	ses-02	01	yes	HAS_EVENTS		yes
sub-015_ses-02_task-fmri_run-03	sub-015	ses-02	03	yes	HAS_EVENTS		yes
sub-015_ses-02_task-fmri_run-05	sub-015	ses-02	05	yes	HAS_EVENTS		yes
sub-015_ses-02_task-fmri_run-07	sub-015	ses-02	07	yes	HAS_EVENTS		yes
sub-016_ses-01_task-fmri_run-01	sub-016	ses-01	01	yes	HAS_EVENTS		yes
sub-016_ses-01_task-fmri_run-03	sub-016	ses-01	03	yes	HAS_EVENTS		yes
sub-016_ses-01_task-fmri_run-05	sub-016	ses-01	05	yes	HAS_EVENTS		yes
sub-016_ses-01_task-fmri_run-07	sub-016	ses-01	07	yes	HAS_EVENTS		yes
sub-016_ses-02_task-fmri_run-01	sub-016	ses-02	01	yes	HAS_EVENTS		yes
sub-016_ses-02_task-fmri_run-03	sub-016	ses-02	03	yes	HAS_EVENTS		yes
sub-016_ses-02_task-fmri_run-05	sub-016	ses-02	05	yes	HAS_EVENTS		yes
sub-016_ses-02_task-fmri_run-07	sub-016	ses-02	07	no	NO_EVENTS	MATLAB_EXISTS_BUT_NOT_MAPPED_TO_THIS_BIDS_RUN	yes
sub-016_ses-02_task-fmri_run-09	sub-016	ses-02	09	yes	HAS_EVENTS		yes
sub-017_ses-01_task-fmri_run-01	sub-017	ses-01	01	yes	HAS_EVENTS		yes
sub-017_ses-01_task-fmri_run-03	sub-017	ses-01	03	yes	HAS_EVENTS		yes
sub-017_ses-01_task-fmri_run-05	sub-017	ses-01	05	yes	HAS_EVENTS		yes
sub-017_ses-01_task-fmri_run-07	sub-017	ses-01	07	yes	HAS_EVENTS		yes
sub-017_ses-02_task-fmri_run-01	sub-017	ses-02	01	yes	HAS_EVENTS		yes
sub-017_ses-02_task-fmri_run-03	sub-017	ses-02	03	yes	HAS_EVENTS		yes
sub-017_ses-02_task-fmri_run-05	sub-017	ses-02	05	yes	HAS_EVENTS		yes
sub-017_ses-02_task-fmri_run-07	sub-017	ses-02	07	yes	HAS_EVENTS		yes
sub-018_ses-01_task-fmri_run-01	sub-018	ses-01	01	yes	HAS_EVENTS		yes
sub-018_ses-01_task-fmri_run-03	sub-018	ses-01	03	yes	HAS_EVENTS		yes
sub-018_ses-01_task-fmri_run-05	sub-018	ses-01	05	yes	HAS_EVENTS		yes
sub-018_ses-01_task-fmri_run-07	sub-018	ses-01	07	yes	HAS_EVENTS		yes
sub-019_ses-01_task-fmri_run-01	sub-019	ses-01	01	yes	HAS_EVENTS		yes
sub-019_ses-01_task-fmri_run-03	sub-019	ses-01	03	yes	HAS_EVENTS		yes
sub-019_ses-01_task-fmri_run-05	sub-019	ses-01	05	yes	HAS_EVENTS		yes
sub-019_ses-01_task-fmri_run-07	sub-019	ses-01	07	yes	HAS_EVENTS		yes
sub-019_ses-02_task-fmri_run-01	sub-019	ses-02	01	yes	HAS_EVENTS		yes
sub-019_ses-02_task-fmri_run-03	sub-019	ses-02	03	yes	HAS_EVENTS		yes
sub-019_ses-02_task-fmri_run-05	sub-019	ses-02	05	yes	HAS_EVENTS		yes
sub-019_ses-02_task-fmri_run-07	sub-019	ses-02	07	yes	HAS_EVENTS		yes
sub-020_ses-01_task-fmri_run-01	sub-020	ses-01	01	yes	HAS_EVENTS		yes
sub-020_ses-01_task-fmri_run-03	sub-020	ses-01	03	yes	HAS_EVENTS		yes
sub-020_ses-01_task-fmri_run-05	sub-020	ses-01	05	yes	HAS_EVENTS		yes
sub-020_ses-01_task-fmri_run-07	sub-020	ses-01	07	yes	HAS_EVENTS		yes
sub-021_ses-01_task-fmri_run-01	sub-021	ses-01	01	yes	HAS_EVENTS		yes
sub-021_ses-01_task-fmri_run-03	sub-021	ses-01	03	yes	HAS_EVENTS		yes
sub-021_ses-01_task-fmri_run-05	sub-021	ses-01	05	yes	HAS_EVENTS		yes
sub-021_ses-01_task-fmri_run-07	sub-021	ses-01	07	yes	HAS_EVENTS		yes
sub-021_ses-02_task-fmri_run-01	sub-021	ses-02	01	yes	HAS_EVENTS		yes
sub-021_ses-02_task-fmri_run-03	sub-021	ses-02	03	yes	HAS_EVENTS		yes
sub-021_ses-02_task-fmri_run-05	sub-021	ses-02	05	yes	HAS_EVENTS		yes
sub-021_ses-02_task-fmri_run-07	sub-021	ses-02	07	yes	HAS_EVENTS		yes
sub-022_ses-01_task-fmri_run-01	sub-022	ses-01	01	yes	HAS_EVENTS		yes
sub-022_ses-01_task-fmri_run-03	sub-022	ses-01	03	yes	HAS_EVENTS		yes
sub-022_ses-01_task-fmri_run-05	sub-022	ses-01	05	yes	HAS_EVENTS		yes
sub-022_ses-01_task-fmri_run-07	sub-022	ses-01	07	yes	HAS_EVENTS		yes
sub-022_ses-02_task-fmri_run-01	sub-022	ses-02	01	yes	HAS_EVENTS		yes
sub-022_ses-02_task-fmri_run-03	sub-022	ses-02	03	yes	HAS_EVENTS		yes
sub-022_ses-02_task-fmri_run-05	sub-022	ses-02	05	yes	HAS_EVENTS		yes
sub-022_ses-02_task-fmri_run-07	sub-022	ses-02	07	yes	HAS_EVENTS		yes
sub-023_ses-01_task-fmri_run-01	sub-023	ses-01	01	yes	HAS_EVENTS		yes
sub-023_ses-01_task-fmri_run-03	sub-023	ses-01	03	yes	HAS_EVENTS		yes
sub-023_ses-01_task-fmri_run-05	sub-023	ses-01	05	yes	HAS_EVENTS		yes
sub-023_ses-01_task-fmri_run-07	sub-023	ses-01	07	no	NO_EVENTS	MATLAB_EXISTS_BUT_NOT_MAPPED_TO_THIS_BIDS_RUN	yes
sub-023_ses-01_task-fmri_run-09	sub-023	ses-01	09	yes	HAS_EVENTS		yes
sub-023_ses-02_task-fmri_run-01	sub-023	ses-02	01	yes	HAS_EVENTS		yes
sub-023_ses-02_task-fmri_run-03	sub-023	ses-02	03	yes	HAS_EVENTS		yes
sub-023_ses-02_task-fmri_run-05	sub-023	ses-02	05	yes	HAS_EVENTS		yes
sub-023_ses-02_task-fmri_run-07	sub-023	ses-02	07	yes	HAS_EVENTS		yes
sub-024_ses-01_task-fmri_run-01	sub-024	ses-01	01	yes	HAS_EVENTS		yes
sub-024_ses-01_task-fmri_run-03	sub-024	ses-01	03	yes	HAS_EVENTS		yes
sub-024_ses-01_task-fmri_run-05	sub-024	ses-01	05	yes	HAS_EVENTS		yes
sub-024_ses-01_task-fmri_run-07	sub-024	ses-01	07	yes	HAS_EVENTS		yes
sub-024_ses-02_task-fmri_run-01	sub-024	ses-02	01	yes	HAS_EVENTS		yes
sub-024_ses-02_task-fmri_run-03	sub-024	ses-02	03	no	NO_EVENTS	MATLAB_EXISTS_BUT_NOT_MAPPED_TO_THIS_BIDS_RUN	yes
sub-024_ses-02_task-fmri_run-05	sub-024	ses-02	05	yes	HAS_EVENTS		yes
sub-024_ses-02_task-fmri_run-07	sub-024	ses-02	07	yes	HAS_EVENTS		yes
sub-024_ses-02_task-fmri_run-08	sub-024	ses-02	08	yes	HAS_EVENTS		yes
sub-024_ses-02_task-fmri_run-11	sub-024	ses-02	11	yes	HAS_EVENTS		yes
sub-025_ses-01_task-fmri_run-01	sub-025	ses-01	01	yes	HAS_EVENTS		yes
sub-025_ses-01_task-fmri_run-03	sub-025	ses-01	03	yes	HAS_EVENTS		yes
sub-025_ses-01_task-fmri_run-05	sub-025	ses-01	05	yes	HAS_EVENTS		yes
sub-025_ses-01_task-fmri_run-07	sub-025	ses-01	07	no	NO_EVENTS	MATLAB_EXISTS_BUT_NOT_MAPPED_TO_THIS_BIDS_RUN	yes
sub-025_ses-01_task-fmri_run-09	sub-025	ses-01	09	yes	HAS_EVENTS		yes
sub-025_ses-02_task-fmri_run-01	sub-025	ses-02	01	yes	HAS_EVENTS		yes
sub-025_ses-02_task-fmri_run-03	sub-025	ses-02	03	yes	HAS_EVENTS		yes
sub-025_ses-02_task-fmri_run-05	sub-025	ses-02	05	yes	HAS_EVENTS		yes
sub-025_ses-02_task-fmri_run-07	sub-025	ses-02	07	yes	HAS_EVENTS		yes
sub-026_ses-01_task-fmri_run-01	sub-026	ses-01	01	yes	HAS_EVENTS		yes
sub-026_ses-01_task-fmri_run-03	sub-026	ses-01	03	yes	HAS_EVENTS		yes
sub-026_ses-01_task-fmri_run-05	sub-026	ses-01	05	yes	HAS_EVENTS		yes
sub-026_ses-01_task-fmri_run-07	sub-026	ses-01	07	yes	HAS_EVENTS		yes
sub-026_ses-02_task-fmri_run-01	sub-026	ses-02	01	yes	HAS_EVENTS		yes
sub-026_ses-02_task-fmri_run-03	sub-026	ses-02	03	yes	HAS_EVENTS		yes
sub-026_ses-02_task-fmri_run-05	sub-026	ses-02	05	yes	HAS_EVENTS		yes
sub-026_ses-02_task-fmri_run-07	sub-026	ses-02	07	yes	HAS_EVENTS		yes
sub-027_ses-01_task-fmri_run-01	sub-027	ses-01	01	yes	HAS_EVENTS		yes
sub-027_ses-01_task-fmri_run-03	sub-027	ses-01	03	yes	HAS_EVENTS		yes
sub-027_ses-01_task-fmri_run-05	sub-027	ses-01	05	yes	HAS_EVENTS		yes
sub-027_ses-01_task-fmri_run-07	sub-027	ses-01	07	yes	HAS_EVENTS		yes
sub-027_ses-02_task-fmri_run-01	sub-027	ses-02	01	yes	HAS_EVENTS		yes
sub-027_ses-02_task-fmri_run-03	sub-027	ses-02	03	yes	HAS_EVENTS		yes
sub-027_ses-02_task-fmri_run-05	sub-027	ses-02	05	yes	HAS_EVENTS		yes
sub-027_ses-02_task-fmri_run-07	sub-027	ses-02	07	yes	HAS_EVENTS		yes
sub-028_ses-01_task-fmri_run-01	sub-028	ses-01	01	yes	HAS_EVENTS		yes
sub-028_ses-01_task-fmri_run-03	sub-028	ses-01	03	yes	HAS_EVENTS		yes
sub-028_ses-01_task-fmri_run-05	sub-028	ses-01	05	yes	HAS_EVENTS		yes
sub-028_ses-01_task-fmri_run-07	sub-028	ses-01	07	yes	HAS_EVENTS		yes
sub-028_ses-02_task-fmri_run-02	sub-028	ses-02	02	yes	HAS_EVENTS		yes
sub-028_ses-02_task-fmri_run-04	sub-028	ses-02	04	yes	HAS_EVENTS		yes
sub-028_ses-02_task-fmri_run-06	sub-028	ses-02	06	yes	HAS_EVENTS		yes
sub-028_ses-02_task-fmri_run-08	sub-028	ses-02	08	yes	HAS_EVENTS		yes
sub-029_ses-01_task-fmri_run-01	sub-029	ses-01	01	yes	HAS_EVENTS		yes
sub-029_ses-01_task-fmri_run-03	sub-029	ses-01	03	yes	HAS_EVENTS		yes
sub-029_ses-01_task-fmri_run-05	sub-029	ses-01	05	yes	HAS_EVENTS		yes
sub-029_ses-01_task-fmri_run-07	sub-029	ses-01	07	yes	HAS_EVENTS		yes
sub-029_ses-02_task-fmri_run-01	sub-029	ses-02	01	yes	HAS_EVENTS		yes
sub-029_ses-02_task-fmri_run-03	sub-029	ses-02	03	yes	HAS_EVENTS		yes
sub-029_ses-02_task-fmri_run-05	sub-029	ses-02	05	yes	HAS_EVENTS		yes
sub-029_ses-02_task-fmri_run-07	sub-029	ses-02	07	yes	HAS_EVENTS		yes
sub-030_ses-01_task-fmri_run-01	sub-030	ses-01	01	yes	HAS_EVENTS		yes
sub-030_ses-01_task-fmri_run-03	sub-030	ses-01	03	yes	HAS_EVENTS		yes
sub-030_ses-01_task-fmri_run-05	sub-030	ses-01	05	yes	HAS_EVENTS		yes
sub-030_ses-01_task-fmri_run-07	sub-030	ses-01	07	yes	HAS_EVENTS		yes
sub-030_ses-02_task-fmri_run-01	sub-030	ses-02	01	yes	HAS_EVENTS		yes
sub-030_ses-02_task-fmri_run-03	sub-030	ses-02	03	yes	HAS_EVENTS		yes
sub-030_ses-02_task-fmri_run-05	sub-030	ses-02	05	yes	HAS_EVENTS		yes
sub-030_ses-02_task-fmri_run-07	sub-030	ses-02	07	yes	HAS_EVENTS		yes
sub-031_ses-01_task-fmri_run-01	sub-031	ses-01	01	yes	HAS_EVENTS		yes
sub-031_ses-01_task-fmri_run-03	sub-031	ses-01	03	yes	HAS_EVENTS		yes
sub-031_ses-01_task-fmri_run-05	sub-031	ses-01	05	yes	HAS_EVENTS		yes
sub-031_ses-01_task-fmri_run-07	sub-031	ses-01	07	yes	HAS_EVENTS		yes
sub-031_ses-02_task-fmri_run-01	sub-031	ses-02	01	yes	HAS_EVENTS		yes
sub-031_ses-02_task-fmri_run-03	sub-031	ses-02	03	yes	HAS_EVENTS		yes
sub-031_ses-02_task-fmri_run-05	sub-031	ses-02	05	yes	HAS_EVENTS		yes
sub-031_ses-02_task-fmri_run-07	sub-031	ses-02	07	yes	HAS_EVENTS		yes
sub-032_ses-01_task-fmri_run-01	sub-032	ses-01	01	no	NO_EVENTS	NO_SCAN_INFO_FOR_PROTOCOL_fMRI_N	yes
sub-032_ses-01_task-fmri_run-03	sub-032	ses-01	03	no	NO_EVENTS	NO_SCAN_INFO_FOR_PROTOCOL_fMRI_N	yes
sub-032_ses-01_task-fmri_run-05	sub-032	ses-01	05	yes	HAS_EVENTS		yes
sub-032_ses-01_task-fmri_run-07	sub-032	ses-01	07	yes	HAS_EVENTS		yes
sub-033_ses-01_task-fmri_run-01	sub-033	ses-01	01	yes	HAS_EVENTS		yes
sub-033_ses-01_task-fmri_run-03	sub-033	ses-01	03	yes	HAS_EVENTS		yes
sub-033_ses-01_task-fmri_run-05	sub-033	ses-01	05	yes	HAS_EVENTS		yes
sub-033_ses-01_task-fmri_run-07	sub-033	ses-01	07	yes	HAS_EVENTS		yes
sub-034_ses-01_task-fmri_run-01	sub-034	ses-01	01	yes	HAS_EVENTS		yes
sub-034_ses-01_task-fmri_run-03	sub-034	ses-01	03	yes	HAS_EVENTS		yes
sub-034_ses-01_task-fmri_run-05	sub-034	ses-01	05	yes	HAS_EVENTS		yes
sub-034_ses-01_task-fmri_run-07	sub-034	ses-01	07	yes	HAS_EVENTS		yes
sub-034_ses-02_task-fmri_run-01	sub-034	ses-02	01	yes	HAS_EVENTS		yes
sub-034_ses-02_task-fmri_run-03	sub-034	ses-02	03	yes	HAS_EVENTS		yes
sub-034_ses-02_task-fmri_run-05	sub-034	ses-02	05	yes	HAS_EVENTS		yes
sub-034_ses-02_task-fmri_run-07	sub-034	ses-02	07	yes	HAS_EVENTS		yes
sub-035_ses-01_task-fmri_run-01	sub-035	ses-01	01	yes	HAS_EVENTS		yes
sub-035_ses-01_task-fmri_run-03	sub-035	ses-01	03	yes	HAS_EVENTS		yes
sub-035_ses-01_task-fmri_run-05	sub-035	ses-01	05	yes	HAS_EVENTS		yes
sub-035_ses-01_task-fmri_run-07	sub-035	ses-01	07	yes	HAS_EVENTS		yes
sub-035_ses-02_task-fmri_run-01	sub-035	ses-02	01	yes	HAS_EVENTS		yes
sub-035_ses-02_task-fmri_run-03	sub-035	ses-02	03	yes	HAS_EVENTS		yes
sub-035_ses-02_task-fmri_run-05	sub-035	ses-02	05	yes	HAS_EVENTS		yes
sub-035_ses-02_task-fmri_run-07	sub-035	ses-02	07	yes	HAS_EVENTS		yes
sub-036_ses-01_task-fmri_run-01	sub-036	ses-01	01	yes	HAS_EVENTS		yes
sub-036_ses-01_task-fmri_run-03	sub-036	ses-01	03	yes	HAS_EVENTS		yes
sub-036_ses-01_task-fmri_run-05	sub-036	ses-01	05	yes	HAS_EVENTS		yes
sub-036_ses-01_task-fmri_run-07	sub-036	ses-01	07	yes	HAS_EVENTS		yes
sub-036_ses-02_task-fmri_run-01	sub-036	ses-02	01	yes	HAS_EVENTS		yes
sub-036_ses-02_task-fmri_run-03	sub-036	ses-02	03	yes	HAS_EVENTS		yes
sub-036_ses-02_task-fmri_run-05	sub-036	ses-02	05	yes	HAS_EVENTS		yes
sub-036_ses-02_task-fmri_run-07	sub-036	ses-02	07	yes	HAS_EVENTS		yes
sub-037_ses-01_task-fmri_run-01	sub-037	ses-01	01	yes	HAS_EVENTS		yes
sub-037_ses-01_task-fmri_run-03	sub-037	ses-01	03	yes	HAS_EVENTS		yes
sub-037_ses-01_task-fmri_run-05	sub-037	ses-01	05	yes	HAS_EVENTS		yes
sub-037_ses-01_task-fmri_run-07	sub-037	ses-01	07	yes	HAS_EVENTS		yes
sub-038_ses-01_task-fmri_run-01	sub-038	ses-01	01	yes	HAS_EVENTS		yes
sub-038_ses-01_task-fmri_run-03	sub-038	ses-01	03	yes	HAS_EVENTS		yes
sub-038_ses-01_task-fmri_run-05	sub-038	ses-01	05	yes	HAS_EVENTS		yes
sub-038_ses-01_task-fmri_run-07	sub-038	ses-01	07	yes	HAS_EVENTS		yes
sub-038_ses-02_task-fmri_run-02	sub-038	ses-02	02	no	NO_EVENTS	MATLAB_EXISTS_BUT_NOT_MAPPED_TO_THIS_BIDS_RUN	yes
sub-038_ses-02_task-fmri_run-04	sub-038	ses-02	04	yes	HAS_EVENTS		yes
sub-038_ses-02_task-fmri_run-06	sub-038	ses-02	06	yes	HAS_EVENTS		yes
sub-038_ses-02_task-fmri_run-08	sub-038	ses-02	08	yes	HAS_EVENTS		yes
sub-038_ses-02_task-fmri_run-10	sub-038	ses-02	10	yes	HAS_EVENTS		yes
sub-039_ses-01_task-fmri_run-01	sub-039	ses-01	01	yes	HAS_EVENTS		yes
sub-039_ses-01_task-fmri_run-03	sub-039	ses-01	03	yes	HAS_EVENTS		yes
sub-039_ses-01_task-fmri_run-05	sub-039	ses-01	05	yes	HAS_EVENTS		yes
sub-039_ses-01_task-fmri_run-07	sub-039	ses-01	07	yes	HAS_EVENTS		yes
sub-039_ses-02_task-fmri_run-01	sub-039	ses-02	01	yes	HAS_EVENTS		yes
sub-039_ses-02_task-fmri_run-03	sub-039	ses-02	03	yes	HAS_EVENTS		yes
sub-039_ses-02_task-fmri_run-05	sub-039	ses-02	05	yes	HAS_EVENTS		yes
sub-039_ses-02_task-fmri_run-07	sub-039	ses-02	07	yes	HAS_EVENTS		yes
sub-040_ses-01_task-fmri_run-01	sub-040	ses-01	01	yes	HAS_EVENTS		yes
sub-040_ses-01_task-fmri_run-03	sub-040	ses-01	03	yes	HAS_EVENTS		yes
sub-040_ses-01_task-fmri_run-05	sub-040	ses-01	05	yes	HAS_EVENTS		yes
sub-040_ses-01_task-fmri_run-07	sub-040	ses-01	07	yes	HAS_EVENTS		yes
sub-040_ses-01_task-fmri_run-09	sub-040	ses-01	09	yes	HAS_EVENTS		yes
sub-040_ses-02_task-fmri_run-01	sub-040	ses-02	01	yes	HAS_EVENTS		yes
sub-040_ses-02_task-fmri_run-03	sub-040	ses-02	03	yes	HAS_EVENTS		yes
sub-040_ses-02_task-fmri_run-05	sub-040	ses-02	05	yes	HAS_EVENTS		yes
sub-040_ses-02_task-fmri_run-07	sub-040	ses-02	07	yes	HAS_EVENTS		yes
sub-041_ses-01_task-fmri_run-01	sub-041	ses-01	01	yes	HAS_EVENTS		yes
sub-041_ses-01_task-fmri_run-03	sub-041	ses-01	03	yes	HAS_EVENTS		yes
sub-041_ses-01_task-fmri_run-05	sub-041	ses-01	05	yes	HAS_EVENTS		yes
sub-041_ses-01_task-fmri_run-07	sub-041	ses-01	07	no	NO_EVENTS	MATLAB_EXISTS_BUT_NOT_MAPPED_TO_THIS_BIDS_RUN	yes
sub-041_ses-01_task-fmri_run-09	sub-041	ses-01	09	yes	HAS_EVENTS		yes
sub-041_ses-02_task-fmri_run-01	sub-041	ses-02	01	yes	HAS_EVENTS		yes
sub-041_ses-02_task-fmri_run-03	sub-041	ses-02	03	yes	HAS_EVENTS		yes
sub-041_ses-02_task-fmri_run-05	sub-041	ses-02	05	yes	HAS_EVENTS		yes
sub-041_ses-02_task-fmri_run-07	sub-041	ses-02	07	yes	HAS_EVENTS		yes
sub-042_ses-01_task-fmri_run-01	sub-042	ses-01	01	yes	HAS_EVENTS		yes
sub-042_ses-01_task-fmri_run-03	sub-042	ses-01	03	yes	HAS_EVENTS		yes
sub-042_ses-01_task-fmri_run-05	sub-042	ses-01	05	yes	HAS_EVENTS		yes
sub-042_ses-01_task-fmri_run-07	sub-042	ses-01	07	yes	HAS_EVENTS		yes
sub-043_ses-02_task-fmri_run-01	sub-043	ses-02	01	no	NO_EVENTS	MATLAB_EXISTS_BUT_NOT_MAPPED_TO_THIS_BIDS_RUN	yes
sub-043_ses-02_task-fmri_run-02	sub-043	ses-02	02	yes	HAS_EVENTS		yes
sub-043_ses-02_task-fmri_run-05	sub-043	ses-02	05	no	NO_EVENTS	MATLAB_EXISTS_BUT_NOT_MAPPED_TO_THIS_BIDS_RUN	yes
sub-043_ses-02_task-fmri_run-06	sub-043	ses-02	06	yes	HAS_EVENTS		yes
sub-043_ses-02_task-fmri_run-09	sub-043	ses-02	09	yes	HAS_EVENTS		yes
sub-043_ses-02_task-fmri_run-11	sub-043	ses-02	11	no	NO_EVENTS	MATLAB_EXISTS_BUT_NOT_MAPPED_TO_THIS_BIDS_RUN	yes
sub-043_ses-02_task-fmri_run-12	sub-043	ses-02	12	yes	HAS_EVENTS		yes
sub-044_ses-01_task-fmri_run-01	sub-044	ses-01	01	yes	HAS_EVENTS		yes
sub-044_ses-01_task-fmri_run-03	sub-044	ses-01	03	yes	HAS_EVENTS		yes
sub-044_ses-01_task-fmri_run-05	sub-044	ses-01	05	yes	HAS_EVENTS		yes
sub-044_ses-01_task-fmri_run-07	sub-044	ses-01	07	yes	HAS_EVENTS		yes
sub-044_ses-02_task-fmri_run-01	sub-044	ses-02	01	yes	HAS_EVENTS		yes
sub-044_ses-02_task-fmri_run-03	sub-044	ses-02	03	yes	HAS_EVENTS		yes
sub-044_ses-02_task-fmri_run-05	sub-044	ses-02	05	yes	HAS_EVENTS		yes
sub-044_ses-02_task-fmri_run-07	sub-044	ses-02	07	yes	HAS_EVENTS		yes
sub-045_ses-01_task-fmri_run-01	sub-045	ses-01	01	yes	HAS_EVENTS		yes
sub-045_ses-01_task-fmri_run-03	sub-045	ses-01	03	yes	HAS_EVENTS		yes
sub-045_ses-01_task-fmri_run-05	sub-045	ses-01	05	yes	HAS_EVENTS		yes
sub-045_ses-01_task-fmri_run-07	sub-045	ses-01	07	yes	HAS_EVENTS		yes
sub-046_ses-01_task-fmri_run-01	sub-046	ses-01	01	yes	HAS_EVENTS		yes
sub-046_ses-01_task-fmri_run-03	sub-046	ses-01	03	yes	HAS_EVENTS		yes
sub-046_ses-01_task-fmri_run-05	sub-046	ses-01	05	yes	HAS_EVENTS		yes
sub-046_ses-01_task-fmri_run-07	sub-046	ses-01	07	no	NO_EVENTS	MATLAB_EXISTS_BUT_NOT_MAPPED_TO_THIS_BIDS_RUN	yes
sub-046_ses-01_task-fmri_run-09	sub-046	ses-01	09	no	NO_EVENTS	MATLAB_EXISTS_BUT_NOT_MAPPED_TO_THIS_BIDS_RUN	yes
sub-046_ses-02_task-fmri_run-01	sub-046	ses-02	01	yes	HAS_EVENTS		yes
sub-046_ses-02_task-fmri_run-03	sub-046	ses-02	03	yes	HAS_EVENTS		yes
sub-046_ses-02_task-fmri_run-05	sub-046	ses-02	05	yes	HAS_EVENTS		yes
sub-046_ses-02_task-fmri_run-07	sub-046	ses-02	07	yes	HAS_EVENTS		yes
sub-047_ses-01_task-fmri_run-01	sub-047	ses-01	01	no	NO_EVENTS	NONUNIQUE_OR_MISSING_MATLAB_SOURCES	yes
sub-047_ses-01_task-fmri_run-03	sub-047	ses-01	03	no	NO_EVENTS	NONUNIQUE_OR_MISSING_MATLAB_SOURCES	yes
sub-047_ses-01_task-fmri_run-05	sub-047	ses-01	05	no	NO_EVENTS	NONUNIQUE_OR_MISSING_MATLAB_SOURCES	yes
sub-047_ses-01_task-fmri_run-07	sub-047	ses-01	07	no	NO_EVENTS	NONUNIQUE_OR_MISSING_MATLAB_SOURCES	yes
sub-047_ses-02_task-fmri_run-01	sub-047	ses-02	01	yes	HAS_EVENTS		yes
sub-047_ses-02_task-fmri_run-03	sub-047	ses-02	03	yes	HAS_EVENTS		yes
sub-047_ses-02_task-fmri_run-05	sub-047	ses-02	05	yes	HAS_EVENTS		yes
sub-047_ses-02_task-fmri_run-07	sub-047	ses-02	07	yes	HAS_EVENTS		yes
sub-048_ses-01_task-fmri_run-01	sub-048	ses-01	01	yes	HAS_EVENTS		yes
sub-048_ses-01_task-fmri_run-03	sub-048	ses-01	03	yes	HAS_EVENTS		yes
sub-048_ses-01_task-fmri_run-05	sub-048	ses-01	05	yes	HAS_EVENTS		yes
sub-048_ses-01_task-fmri_run-07	sub-048	ses-01	07	yes	HAS_EVENTS		yes
sub-048_ses-02_task-fmri_run-01	sub-048	ses-02	01	yes	HAS_EVENTS		yes
sub-048_ses-02_task-fmri_run-03	sub-048	ses-02	03	yes	HAS_EVENTS		yes
sub-048_ses-02_task-fmri_run-05	sub-048	ses-02	05	yes	HAS_EVENTS		yes
sub-048_ses-02_task-fmri_run-07	sub-048	ses-02	07	yes	HAS_EVENTS		yes
sub-049_ses-01_task-fmri_run-01	sub-049	ses-01	01	yes	HAS_EVENTS		yes
sub-049_ses-01_task-fmri_run-03	sub-049	ses-01	03	yes	HAS_EVENTS		yes
sub-049_ses-01_task-fmri_run-05	sub-049	ses-01	05	yes	HAS_EVENTS		yes
sub-049_ses-01_task-fmri_run-07	sub-049	ses-01	07	yes	HAS_EVENTS		yes
sub-049_ses-02_task-fmri_run-01	sub-049	ses-02	01	yes	HAS_EVENTS		yes
sub-049_ses-02_task-fmri_run-03	sub-049	ses-02	03	yes	HAS_EVENTS		yes
sub-049_ses-02_task-fmri_run-05	sub-049	ses-02	05	yes	HAS_EVENTS		yes
sub-049_ses-02_task-fmri_run-07	sub-049	ses-02	07	yes	HAS_EVENTS		yes
sub-050_ses-01_task-fmri_run-01	sub-050	ses-01	01	yes	HAS_EVENTS		yes
sub-050_ses-01_task-fmri_run-03	sub-050	ses-01	03	yes	HAS_EVENTS		yes
sub-050_ses-01_task-fmri_run-05	sub-050	ses-01	05	yes	HAS_EVENTS		yes
sub-050_ses-01_task-fmri_run-07	sub-050	ses-01	07	yes	HAS_EVENTS		yes
sub-051_ses-01_task-fmri_run-01	sub-051	ses-01	01	no	NO_EVENTS	NO_MATLAB_INVENTORY_FOR_SESSION	yes
sub-051_ses-01_task-fmri_run-03	sub-051	ses-01	03	no	NO_EVENTS	NO_MATLAB_INVENTORY_FOR_SESSION	yes
sub-051_ses-01_task-fmri_run-05	sub-051	ses-01	05	no	NO_EVENTS	NO_MATLAB_INVENTORY_FOR_SESSION	yes
sub-051_ses-01_task-fmri_run-07	sub-051	ses-01	07	no	NO_EVENTS	NO_MATLAB_INVENTORY_FOR_SESSION	yes
sub-052_ses-01_task-fmri_run-01	sub-052	ses-01	01	yes	HAS_EVENTS		yes
sub-052_ses-01_task-fmri_run-03	sub-052	ses-01	03	yes	HAS_EVENTS		yes
sub-052_ses-01_task-fmri_run-05	sub-052	ses-01	05	yes	HAS_EVENTS		yes
sub-052_ses-01_task-fmri_run-07	sub-052	ses-01	07	yes	HAS_EVENTS		yes
sub-052_ses-02_task-fmri_run-01	sub-052	ses-02	01	yes	HAS_EVENTS		yes
sub-052_ses-02_task-fmri_run-03	sub-052	ses-02	03	yes	HAS_EVENTS		yes
sub-052_ses-02_task-fmri_run-05	sub-052	ses-02	05	yes	HAS_EVENTS		yes
sub-052_ses-02_task-fmri_run-07	sub-052	ses-02	07	yes	HAS_EVENTS		yes
sub-053_ses-01_task-fmri_run-01	sub-053	ses-01	01	yes	HAS_EVENTS		yes
sub-053_ses-01_task-fmri_run-03	sub-053	ses-01	03	yes	HAS_EVENTS		yes
sub-053_ses-01_task-fmri_run-05	sub-053	ses-01	05	yes	HAS_EVENTS		yes
sub-053_ses-01_task-fmri_run-07	sub-053	ses-01	07	yes	HAS_EVENTS		yes
sub-054_ses-01_task-fmri_run-01	sub-054	ses-01	01	yes	HAS_EVENTS		yes
sub-054_ses-01_task-fmri_run-03	sub-054	ses-01	03	yes	HAS_EVENTS		yes
sub-054_ses-01_task-fmri_run-05	sub-054	ses-01	05	yes	HAS_EVENTS		yes
sub-054_ses-01_task-fmri_run-07	sub-054	ses-01	07	yes	HAS_EVENTS		yes
sub-054_ses-02_task-fmri_run-01	sub-054	ses-02	01	yes	HAS_EVENTS		yes
sub-054_ses-02_task-fmri_run-03	sub-054	ses-02	03	yes	HAS_EVENTS		yes
sub-054_ses-02_task-fmri_run-05	sub-054	ses-02	05	yes	HAS_EVENTS		yes
sub-054_ses-02_task-fmri_run-07	sub-054	ses-02	07	yes	HAS_EVENTS		yes
sub-055_ses-01_task-fmri_run-01	sub-055	ses-01	01	yes	HAS_EVENTS		yes
sub-055_ses-01_task-fmri_run-03	sub-055	ses-01	03	yes	HAS_EVENTS		yes
sub-055_ses-01_task-fmri_run-05	sub-055	ses-01	05	yes	HAS_EVENTS		yes
sub-055_ses-01_task-fmri_run-07	sub-055	ses-01	07	yes	HAS_EVENTS		yes
sub-056_ses-01_task-fmri_run-01	sub-056	ses-01	01	yes	HAS_EVENTS		yes
sub-056_ses-01_task-fmri_run-03	sub-056	ses-01	03	yes	HAS_EVENTS		yes
sub-056_ses-01_task-fmri_run-05	sub-056	ses-01	05	yes	HAS_EVENTS		yes
sub-056_ses-01_task-fmri_run-07	sub-056	ses-01	07	yes	HAS_EVENTS		yes
sub-057_ses-01_task-fmri_run-01	sub-057	ses-01	01	yes	HAS_EVENTS		yes
sub-057_ses-01_task-fmri_run-03	sub-057	ses-01	03	yes	HAS_EVENTS		yes
sub-057_ses-01_task-fmri_run-05	sub-057	ses-01	05	yes	HAS_EVENTS		yes
sub-057_ses-01_task-fmri_run-07	sub-057	ses-01	07	yes	HAS_EVENTS		yes
sub-057_ses-02_task-fmri_run-01	sub-057	ses-02	01	no	NO_EVENTS	NO_MATLAB_INVENTORY_FOR_SESSION	yes
sub-057_ses-02_task-fmri_run-03	sub-057	ses-02	03	no	NO_EVENTS	NO_MATLAB_INVENTORY_FOR_SESSION	yes
sub-057_ses-02_task-fmri_run-05	sub-057	ses-02	05	no	NO_EVENTS	NO_MATLAB_INVENTORY_FOR_SESSION	yes
sub-057_ses-02_task-fmri_run-07	sub-057	ses-02	07	no	NO_EVENTS	NO_MATLAB_INVENTORY_FOR_SESSION	yes
sub-058_ses-01_task-fmri_run-01	sub-058	ses-01	01	yes	HAS_EVENTS		yes
sub-058_ses-01_task-fmri_run-03	sub-058	ses-01	03	yes	HAS_EVENTS		yes
sub-058_ses-01_task-fmri_run-05	sub-058	ses-01	05	yes	HAS_EVENTS		yes
sub-058_ses-01_task-fmri_run-07	sub-058	ses-01	07	yes	HAS_EVENTS		yes
sub-059_ses-01_task-fmri_run-01	sub-059	ses-01	01	yes	HAS_EVENTS		yes
sub-059_ses-01_task-fmri_run-03	sub-059	ses-01	03	yes	HAS_EVENTS		yes
sub-059_ses-01_task-fmri_run-05	sub-059	ses-01	05	yes	HAS_EVENTS		yes
sub-059_ses-01_task-fmri_run-07	sub-059	ses-01	07	yes	HAS_EVENTS		yes
sub-060_ses-01_task-fmri_run-01	sub-060	ses-01	01	yes	HAS_EVENTS		yes
sub-060_ses-01_task-fmri_run-03	sub-060	ses-01	03	yes	HAS_EVENTS		yes
sub-060_ses-01_task-fmri_run-05	sub-060	ses-01	05	yes	HAS_EVENTS		yes
sub-060_ses-01_task-fmri_run-07	sub-060	ses-01	07	yes	HAS_EVENTS		yes
sub-061_ses-01_task-fmri_run-01	sub-061	ses-01	01	yes	HAS_EVENTS		yes
sub-061_ses-01_task-fmri_run-03	sub-061	ses-01	03	yes	HAS_EVENTS		yes
sub-061_ses-01_task-fmri_run-05	sub-061	ses-01	05	no	NO_EVENTS	NO_USABLE_TRIGGERTIMES	yes
sub-061_ses-01_task-fmri_run-07	sub-061	ses-01	07	yes	HAS_EVENTS		yes
sub-061_ses-01_task-fmri_run-09	sub-061	ses-01	09	yes	HAS_EVENTS		yes
sub-062_ses-01_task-fmri_run-01	sub-062	ses-01	01	yes	HAS_EVENTS		yes
sub-062_ses-01_task-fmri_run-03	sub-062	ses-01	03	yes	HAS_EVENTS		yes
sub-062_ses-01_task-fmri_run-05	sub-062	ses-01	05	yes	HAS_EVENTS		yes
sub-062_ses-01_task-fmri_run-07	sub-062	ses-01	07	yes	HAS_EVENTS		yes
sub-064_ses-01_task-fmri_run-01	sub-064	ses-01	01	yes	HAS_EVENTS		yes
sub-064_ses-01_task-fmri_run-03	sub-064	ses-01	03	yes	HAS_EVENTS		yes
sub-064_ses-01_task-fmri_run-05	sub-064	ses-01	05	yes	HAS_EVENTS		yes
sub-064_ses-01_task-fmri_run-07	sub-064	ses-01	07	yes	HAS_EVENTS		yes
sub-064_ses-02_task-fmri_run-01	sub-064	ses-02	01	yes	HAS_EVENTS		yes
sub-064_ses-02_task-fmri_run-03	sub-064	ses-02	03	yes	HAS_EVENTS		yes
sub-064_ses-02_task-fmri_run-05	sub-064	ses-02	05	yes	HAS_EVENTS		yes
sub-064_ses-02_task-fmri_run-07	sub-064	ses-02	07	yes	HAS_EVENTS		yes
sub-065_ses-01_task-fmri_run-01	sub-065	ses-01	01	yes	HAS_EVENTS		yes
sub-065_ses-01_task-fmri_run-03	sub-065	ses-01	03	yes	HAS_EVENTS		yes
sub-065_ses-01_task-fmri_run-05	sub-065	ses-01	05	yes	HAS_EVENTS		yes
sub-065_ses-01_task-fmri_run-07	sub-065	ses-01	07	yes	HAS_EVENTS		yes
sub-066_ses-01_task-fmri_run-01	sub-066	ses-01	01	yes	HAS_EVENTS		yes
sub-066_ses-01_task-fmri_run-03	sub-066	ses-01	03	yes	HAS_EVENTS		yes
sub-066_ses-01_task-fmri_run-05	sub-066	ses-01	05	yes	HAS_EVENTS		yes
sub-066_ses-01_task-fmri_run-07	sub-066	ses-01	07	yes	HAS_EVENTS		yes
sub-066_ses-02_task-fmri_run-01	sub-066	ses-02	01	yes	HAS_EVENTS		yes
sub-066_ses-02_task-fmri_run-03	sub-066	ses-02	03	yes	HAS_EVENTS		yes
sub-066_ses-02_task-fmri_run-05	sub-066	ses-02	05	yes	HAS_EVENTS		yes
sub-066_ses-02_task-fmri_run-07	sub-066	ses-02	07	yes	HAS_EVENTS		yes
sub-067_ses-01_task-fmri_run-01	sub-067	ses-01	01	yes	HAS_EVENTS		yes
sub-067_ses-01_task-fmri_run-03	sub-067	ses-01	03	yes	HAS_EVENTS		yes
sub-067_ses-01_task-fmri_run-05	sub-067	ses-01	05	yes	HAS_EVENTS		yes
sub-067_ses-01_task-fmri_run-07	sub-067	ses-01	07	yes	HAS_EVENTS		yes
sub-067_ses-02_task-fmri_run-01	sub-067	ses-02	01	yes	HAS_EVENTS		yes
sub-067_ses-02_task-fmri_run-03	sub-067	ses-02	03	yes	HAS_EVENTS		yes
sub-067_ses-02_task-fmri_run-05	sub-067	ses-02	05	yes	HAS_EVENTS		yes
sub-067_ses-02_task-fmri_run-07	sub-067	ses-02	07	yes	HAS_EVENTS		yes
sub-068_ses-01_task-fmri_run-01	sub-068	ses-01	01	yes	HAS_EVENTS		yes
sub-068_ses-01_task-fmri_run-03	sub-068	ses-01	03	yes	HAS_EVENTS		yes
sub-068_ses-01_task-fmri_run-05	sub-068	ses-01	05	yes	HAS_EVENTS		yes
sub-068_ses-01_task-fmri_run-07	sub-068	ses-01	07	yes	HAS_EVENTS		yes
sub-068_ses-02_task-fmri_run-01	sub-068	ses-02	01	yes	HAS_EVENTS		yes
sub-068_ses-02_task-fmri_run-03	sub-068	ses-02	03	yes	HAS_EVENTS		yes
sub-068_ses-02_task-fmri_run-05	sub-068	ses-02	05	yes	HAS_EVENTS		yes
sub-068_ses-02_task-fmri_run-07	sub-068	ses-02	07	yes	HAS_EVENTS		yes
sub-069_ses-01_task-fmri_run-01	sub-069	ses-01	01	yes	HAS_EVENTS		yes
sub-069_ses-01_task-fmri_run-03	sub-069	ses-01	03	yes	HAS_EVENTS		yes
sub-069_ses-01_task-fmri_run-05	sub-069	ses-01	05	yes	HAS_EVENTS		yes
sub-069_ses-01_task-fmri_run-07	sub-069	ses-01	07	yes	HAS_EVENTS		yes
sub-069_ses-02_task-fmri_run-01	sub-069	ses-02	01	yes	HAS_EVENTS		yes
sub-069_ses-02_task-fmri_run-03	sub-069	ses-02	03	yes	HAS_EVENTS		yes
sub-069_ses-02_task-fmri_run-05	sub-069	ses-02	05	yes	HAS_EVENTS		yes
sub-069_ses-02_task-fmri_run-07	sub-069	ses-02	07	yes	HAS_EVENTS		yes
sub-070_ses-01_task-fmri_run-01	sub-070	ses-01	01	yes	HAS_EVENTS		yes
sub-070_ses-01_task-fmri_run-03	sub-070	ses-01	03	yes	HAS_EVENTS		yes
sub-070_ses-01_task-fmri_run-05	sub-070	ses-01	05	yes	HAS_EVENTS		yes
sub-070_ses-01_task-fmri_run-07	sub-070	ses-01	07	yes	HAS_EVENTS		yes
sub-071_ses-01_task-fmri_run-01	sub-071	ses-01	01	yes	HAS_EVENTS		yes
sub-071_ses-01_task-fmri_run-03	sub-071	ses-01	03	yes	HAS_EVENTS		yes
sub-071_ses-01_task-fmri_run-05	sub-071	ses-01	05	yes	HAS_EVENTS		yes
sub-071_ses-01_task-fmri_run-07	sub-071	ses-01	07	yes	HAS_EVENTS		yes
sub-072_ses-01_task-fmri_run-01	sub-072	ses-01	01	yes	HAS_EVENTS		yes
sub-072_ses-01_task-fmri_run-03	sub-072	ses-01	03	yes	HAS_EVENTS		yes
sub-072_ses-01_task-fmri_run-05	sub-072	ses-01	05	yes	HAS_EVENTS		yes
sub-072_ses-01_task-fmri_run-07	sub-072	ses-01	07	yes	HAS_EVENTS		yes
sub-072_ses-02_task-fmri_run-01	sub-072	ses-02	01	yes	HAS_EVENTS		yes
sub-072_ses-02_task-fmri_run-03	sub-072	ses-02	03	yes	HAS_EVENTS		yes
sub-072_ses-02_task-fmri_run-05	sub-072	ses-02	05	yes	HAS_EVENTS		yes
sub-072_ses-02_task-fmri_run-07	sub-072	ses-02	07	yes	HAS_EVENTS		yes
sub-073_ses-01_task-fmri_run-01	sub-073	ses-01	01	yes	HAS_EVENTS		yes
sub-073_ses-01_task-fmri_run-03	sub-073	ses-01	03	yes	HAS_EVENTS		yes
sub-073_ses-01_task-fmri_run-05	sub-073	ses-01	05	yes	HAS_EVENTS		yes
sub-073_ses-01_task-fmri_run-07	sub-073	ses-01	07	yes	HAS_EVENTS		yes
sub-073_ses-02_task-fmri_run-01	sub-073	ses-02	01	yes	HAS_EVENTS		yes
sub-073_ses-02_task-fmri_run-03	sub-073	ses-02	03	yes	HAS_EVENTS		yes
sub-073_ses-02_task-fmri_run-05	sub-073	ses-02	05	yes	HAS_EVENTS		yes
sub-073_ses-02_task-fmri_run-07	sub-073	ses-02	07	yes	HAS_EVENTS		yes
sub-074_ses-01_task-fmri_run-01	sub-074	ses-01	01	yes	HAS_EVENTS		yes
sub-074_ses-01_task-fmri_run-03	sub-074	ses-01	03	yes	HAS_EVENTS		yes
sub-074_ses-01_task-fmri_run-05	sub-074	ses-01	05	yes	HAS_EVENTS		yes
sub-074_ses-01_task-fmri_run-07	sub-074	ses-01	07	yes	HAS_EVENTS		yes
sub-074_ses-02_task-fmri_run-01	sub-074	ses-02	01	yes	HAS_EVENTS		yes
sub-074_ses-02_task-fmri_run-03	sub-074	ses-02	03	yes	HAS_EVENTS		yes
sub-074_ses-02_task-fmri_run-05	sub-074	ses-02	05	yes	HAS_EVENTS		yes
sub-074_ses-02_task-fmri_run-07	sub-074	ses-02	07	yes	HAS_EVENTS		yes
sub-075_ses-01_task-fmri_run-01	sub-075	ses-01	01	yes	HAS_EVENTS		yes
sub-075_ses-01_task-fmri_run-03	sub-075	ses-01	03	yes	HAS_EVENTS		yes
sub-075_ses-01_task-fmri_run-05	sub-075	ses-01	05	yes	HAS_EVENTS		yes
sub-075_ses-01_task-fmri_run-07	sub-075	ses-01	07	yes	HAS_EVENTS		yes
sub-076_ses-01_task-fmri_run-01	sub-076	ses-01	01	yes	HAS_EVENTS		yes
sub-076_ses-01_task-fmri_run-03	sub-076	ses-01	03	yes	HAS_EVENTS		yes
sub-076_ses-01_task-fmri_run-05	sub-076	ses-01	05	yes	HAS_EVENTS		yes
sub-076_ses-01_task-fmri_run-07	sub-076	ses-01	07	yes	HAS_EVENTS		yes
sub-077_ses-01_task-fmri_run-01	sub-077	ses-01	01	yes	HAS_EVENTS		yes
sub-077_ses-01_task-fmri_run-03	sub-077	ses-01	03	yes	HAS_EVENTS		yes
sub-077_ses-01_task-fmri_run-05	sub-077	ses-01	05	yes	HAS_EVENTS		yes
sub-077_ses-01_task-fmri_run-07	sub-077	ses-01	07	yes	HAS_EVENTS		yes
sub-078_ses-01_task-fmri_run-01	sub-078	ses-01	01	no	NO_EVENTS	NO_MATLAB_INVENTORY_FOR_SESSION	yes
sub-078_ses-01_task-fmri_run-03	sub-078	ses-01	03	no	NO_EVENTS	NO_MATLAB_INVENTORY_FOR_SESSION	yes
sub-078_ses-01_task-fmri_run-05	sub-078	ses-01	05	no	NO_EVENTS	NO_MATLAB_INVENTORY_FOR_SESSION	yes
sub-078_ses-01_task-fmri_run-07	sub-078	ses-01	07	no	NO_EVENTS	NO_MATLAB_INVENTORY_FOR_SESSION	yes
sub-078_ses-02_task-fmri_run-01	sub-078	ses-02	01	yes	HAS_EVENTS		yes
sub-078_ses-02_task-fmri_run-03	sub-078	ses-02	03	yes	HAS_EVENTS		yes
sub-078_ses-02_task-fmri_run-05	sub-078	ses-02	05	yes	HAS_EVENTS		yes
sub-078_ses-02_task-fmri_run-07	sub-078	ses-02	07	yes	HAS_EVENTS		yes
sub-079_ses-01_task-fmri_run-01	sub-079	ses-01	01	yes	HAS_EVENTS		yes
sub-079_ses-01_task-fmri_run-03	sub-079	ses-01	03	yes	HAS_EVENTS		yes
sub-079_ses-01_task-fmri_run-05	sub-079	ses-01	05	yes	HAS_EVENTS		yes
sub-079_ses-01_task-fmri_run-07	sub-079	ses-01	07	yes	HAS_EVENTS		yes
sub-080_ses-01_task-fmri_run-01	sub-080	ses-01	01	yes	HAS_EVENTS		yes
sub-080_ses-01_task-fmri_run-03	sub-080	ses-01	03	yes	HAS_EVENTS		yes
sub-080_ses-01_task-fmri_run-05	sub-080	ses-01	05	yes	HAS_EVENTS		yes
sub-080_ses-01_task-fmri_run-07	sub-080	ses-01	07	yes	HAS_EVENTS		yes
sub-081_ses-01_task-fmri_run-01	sub-081	ses-01	01	yes	HAS_EVENTS		yes
sub-081_ses-01_task-fmri_run-03	sub-081	ses-01	03	yes	HAS_EVENTS		yes
sub-081_ses-01_task-fmri_run-05	sub-081	ses-01	05	yes	HAS_EVENTS		yes
sub-081_ses-01_task-fmri_run-07	sub-081	ses-01	07	yes	HAS_EVENTS		yes
sub-081_ses-02_task-fmri_run-01	sub-081	ses-02	01	no	NO_EVENTS	NO_MATLAB_INVENTORY_FOR_SESSION	yes
sub-081_ses-02_task-fmri_run-03	sub-081	ses-02	03	no	NO_EVENTS	NO_MATLAB_INVENTORY_FOR_SESSION	yes
sub-081_ses-02_task-fmri_run-05	sub-081	ses-02	05	no	NO_EVENTS	NO_MATLAB_INVENTORY_FOR_SESSION	yes
sub-081_ses-02_task-fmri_run-07	sub-081	ses-02	07	no	NO_EVENTS	NO_MATLAB_INVENTORY_FOR_SESSION	yes
sub-082_ses-01_task-fmri_run-01	sub-082	ses-01	01	yes	HAS_EVENTS		yes
sub-082_ses-01_task-fmri_run-03	sub-082	ses-01	03	yes	HAS_EVENTS		yes
sub-082_ses-01_task-fmri_run-05	sub-082	ses-01	05	yes	HAS_EVENTS		yes
sub-082_ses-01_task-fmri_run-07	sub-082	ses-01	07	yes	HAS_EVENTS		yes
sub-083_ses-01_task-fmri_run-01	sub-083	ses-01	01	yes	HAS_EVENTS		yes
sub-083_ses-01_task-fmri_run-03	sub-083	ses-01	03	yes	HAS_EVENTS		yes
sub-083_ses-01_task-fmri_run-05	sub-083	ses-01	05	yes	HAS_EVENTS		yes
sub-083_ses-01_task-fmri_run-07	sub-083	ses-01	07	no	NO_EVENTS	MATLAB_EXISTS_BUT_NOT_MAPPED_TO_THIS_BIDS_RUN	yes
sub-083_ses-01_task-fmri_run-09	sub-083	ses-01	09	yes	HAS_EVENTS		yes
sub-084_ses-01_task-fmri_run-01	sub-084	ses-01	01	yes	HAS_EVENTS		yes
sub-084_ses-01_task-fmri_run-03	sub-084	ses-01	03	yes	HAS_EVENTS		yes
sub-084_ses-01_task-fmri_run-05	sub-084	ses-01	05	yes	HAS_EVENTS		yes
sub-084_ses-01_task-fmri_run-07	sub-084	ses-01	07	yes	HAS_EVENTS		yes
