subject	session	runtime	memory	CPU hours	files processed	job_id	array_task_id	node	timestamp	status
SUBC023	ses-01	00:00:11	0.136G	0.0003	0				2026-07-17T15:27:26.872835+00:00	failed
SUBC023	ses-01	00:24:36	0.374G	0.1149	0	65817837		nc10412	2026-07-17T18:55:10.165864+00:00	failed
SUBC023	ses-01	00:19:33	0.361G	0.1145	0	65820769		nc10406	2026-07-17T19:55:39.087084+00:00	failed
SUBC023	ses-01	00:20:05	0.351G	0.1289	0				2026-07-18T20:28:07.349030+00:00	failed
SUBC023	ses-01	00:17:00	0.301G	0.1090	0	65920983	1	nc30609	2026-07-19T16:50:44.850343+00:00	failed
SUBC025	ses-01	00:17:02	0.297G	0.1049	0	65920942	3	nc30635	2026-07-19T16:50:46.049736+00:00	failed
SUBC024	ses-01	00:17:07	0.313G	0.1192	0	65920984	2	nc30632	2026-07-19T16:50:50.685728+00:00	failed
SUBON01	ses-01	00:00:01	0.140G	0.0004	0	65930534	3	nc10914	2026-07-19T20:17:40.268181+00:00	failed
SUBON03	ses-01	00:00:01	0.143G	0.0004	0	65930594	3	nc10919	2026-07-19T20:17:40.268122+00:00	failed
SUBON01	ses-01	00:00:01	0.145G	0.0004	0	65930592	1	nc10917	2026-07-19T20:17:40.268544+00:00	failed
SUBTON02	ses-01	00:23:09	0.355G	0.1341	0	65929127	2	nc11023	2026-07-19T20:18:18.088484+00:00	failed
SUBTON01	ses-01	00:23:41	0.327G	0.1392	0	65929213	1	nc11020	2026-07-19T20:18:50.135061+00:00	failed
SUBG05	ses-01	00:18:23	0.314G	0.1167	36	65930479	5	nc30648	2026-07-19T20:28:48.502278+00:00	success
SUBG01	ses-01	00:21:40	0.349G	0.1332	0	65930475	1	nc30642	2026-07-19T20:32:05.436847+00:00	failed
SUBG07	ses-01	00:21:40	0.326G	0.1335	0	65930481	7	nc30504	2026-07-19T20:32:05.442099+00:00	failed
SUBG01	ses-01	00:21:40	0.330G	0.1344	0	65930473	1	nc30630	2026-07-19T20:32:05.482614+00:00	failed
SUBG04	ses-01	00:21:52	0.334G	0.1347	0	65930478	4	nc30648	2026-07-19T20:32:17.614608+00:00	failed
SUBG06	ses-01	00:22:15	0.336G	0.1345	0	65930480	6	nc30501	2026-07-19T20:32:40.525090+00:00	failed
SUBG03	ses-01	00:22:20	0.337G	0.1348	0	65930477	3	nc30646	2026-07-19T20:32:45.384275+00:00	failed
SUBG19	ses-01	00:22:32	0.328G	0.1336	0	65930429	3	nc30640	2026-07-19T20:32:57.562207+00:00	failed
SUBG13	ses-01	00:22:44	0.327G	0.1380	0	65930474	2	nc30631	2026-07-19T20:33:09.872353+00:00	failed
SUBG08	ses-01	00:21:29	0.322G	0.1331	0	65930531	8	nc30628	2026-07-19T20:35:26.575073+00:00	failed
SUBON02	ses-01	00:21:47	0.328G	0.1353	0	65930593	2	nc10918	2026-07-19T20:39:25.463756+00:00	failed
SUBON04	ses-01	00:23:33	0.342G	0.1455	0	65930595	4	nc30628	2026-07-19T20:41:10.525081+00:00	failed
SUBG02	ses-01	00:40:08	0.334G	0.2659	0	65930476	2	nc30646	2026-07-19T20:50:33.930268+00:00	failed
SUBG13	ses-01	00:18:54	0.321G	0.1401	0	65931203	13	nc10925	2026-07-19T20:51:48.828695+00:00	failed
SUBG14	ses-01	00:20:54	0.329G	0.1348	0	65931204	14	nc10928	2026-07-19T20:53:48.853851+00:00	failed
SUBG09	ses-01	00:20:56	0.328G	0.1358	0	65931199	9	nc10904	2026-07-19T20:53:51.696843+00:00	failed
SUBG12	ses-01	00:21:11	0.334G	0.1353	0	65931202	12	nc10924	2026-07-19T20:54:06.076177+00:00	failed
SUBG11	ses-01	00:21:40	0.331G	0.1392	0	65931201	11	nc10923	2026-07-19T20:54:34.971819+00:00	failed
SUBG10	ses-01	00:22:07	0.332G	0.1382	0	65931200	10	nc10923	2026-07-19T20:55:01.866535+00:00	failed
SUBG15	ses-01	00:21:35	0.329G	0.1382	0	65931468	15	nc11116	2026-07-19T20:58:22.019534+00:00	failed
SUBG16	ses-01	00:24:25	0.329G	0.1352	0	65932284	16	nc10918	2026-07-19T21:17:10.849506+00:00	failed
SUBG17	ses-01	00:25:55	0.329G	0.1382	0	65932285	17	nc10922	2026-07-19T21:18:40.775143+00:00	failed
SUBG19	ses-01	00:24:16	0.326G	0.1340	0	65930430	19	nc30644	2026-07-19T21:21:07.110941+00:00	failed
SUBG18	ses-01	00:24:50	0.356G	0.1381	0	65932355	18	nc30640	2026-07-19T21:21:39.395469+00:00	failed
SUBC010	ses-01	00:19:37	0.282G	0.0938	0	65932595	1	nc30608	2026-07-19T21:29:18.992630+00:00	failed
SUBC007	ses-01	00:25:40	0.344G	0.1463	0	65932603	7	nc10904	2026-07-19T21:35:20.351471+00:00	failed
SUBC001	ses-01	00:25:40	0.332G	0.1342	0	65932597	1	nc11125	2026-07-19T21:35:21.625294+00:00	failed
SUBC006	ses-01	00:25:38	0.362G	0.1448	0	65932602	6	nc10903	2026-07-19T21:35:21.632560+00:00	failed
SUBC002	ses-01	00:25:40	0.371G	0.1358	0	65932598	2	nc11129	2026-07-19T21:35:21.633166+00:00	failed
SUBC004	ses-01	00:25:40	0.361G	0.1347	0	65932600	4	nc11131	2026-07-19T21:35:21.664940+00:00	failed
SUBC003	ses-01	00:25:40	0.360G	0.1343	0	65932599	3	nc11131	2026-07-19T21:35:21.667782+00:00	failed
SUBC005	ses-01	00:26:27	0.361G	0.1356	0	65932601	5	nc11131	2026-07-19T21:36:09.092980+00:00	failed
SUBC012	ses-01	00:26:56	0.340G	0.1509	0	65932596	2	nc30648	2026-07-19T21:36:36.653275+00:00	failed
SUBC008	ses-01	00:24:30	0.329G	0.1356	0	65932688	8	nc11129	2026-07-19T21:38:01.960542+00:00	failed
SUBC010	ses-01	00:18:32	0.303G	0.0930	0	65933468	10	nc31014	2026-07-19T21:54:02.409487+00:00	failed
SUBC014	ses-01	00:24:11	0.371G	0.1342	0	65933472	14	nc11131	2026-07-19T21:59:40.415957+00:00	failed
SUBC015	ses-01	00:24:37	0.330G	0.1360	0	65933473	15	nc11125	2026-07-19T22:00:10.005385+00:00	failed
SUBC013	ses-01	00:24:41	0.364G	0.1350	0	65933471	13	nc11129	2026-07-19T22:00:10.047973+00:00	failed
SUBC009	ses-01	00:24:45	0.333G	0.1359	0	65933467	9	nc31009	2026-07-19T22:00:12.468586+00:00	failed
SUBC011	ses-01	00:24:43	0.332G	0.1354	0	65933469	11	nc31033	2026-07-19T22:00:12.486450+00:00	failed
SUBC016	ses-01	00:24:30	0.334G	0.1350	0	65933476	16	nc11131	2026-07-19T22:00:43.949480+00:00	failed
SUBC017	ses-01	00:24:38	0.338G	0.1339	0	65933537	17	nc11129	2026-07-19T22:02:45.656244+00:00	failed
SUBC018	ses-01	00:28:40	0.335G	0.1430	0	65934585	18	nc31013	2026-07-19T22:22:50.234175+00:00	failed
SUBC020	ses-01	00:25:09	0.367G	0.1361	0	65934673	19	nc31009	2026-07-19T22:24:55.830829+00:00	failed
SUBC023	ses-01	00:24:49	0.326G	0.1329	0	65934684	22	nc11131	2026-07-19T22:25:10.456464+00:00	failed
SUBC022	ses-01	00:25:25	0.324G	0.1350	0	65934683	21	nc11125	2026-07-19T22:25:46.922045+00:00	failed
SUBC024	ses-01	00:26:38	0.327G	0.1438	0	65934685	23	nc31002	2026-07-19T22:27:01.004991+00:00	failed
SUBC021	ses-01	00:26:38	0.364G	0.1409	0	65934682	20	nc11005	2026-07-19T22:27:01.012056+00:00	failed
SUBC026	ses-01	00:27:08	0.338G	0.1419	0	65934694	25	nc11131	2026-07-19T22:28:01.826545+00:00	failed
SUBC027	ses-01	00:26:00	0.328G	0.1398	0	65934708	26	nc11010	2026-07-19T22:28:53.996631+00:00	failed
SUBC031	ses-01	00:22:44	0.328G	0.1365	0	65935292	30	nc31009	2026-07-19T22:48:34.690678+00:00	failed
SUBC030	ses-01	00:23:23	0.325G	0.1352	0	65935229	29	nc31009	2026-07-19T22:48:38.740690+00:00	failed
SUBC029	ses-01	00:23:37	0.333G	0.1341	0	65935227	28	nc11014	2026-07-19T22:48:43.348193+00:00	failed
SUBC034	ses-01	00:20:35	0.314G	0.1238	48	65935407	33	nc31030	2026-07-19T22:48:43.355634+00:00	success
SUBC028	ses-01	00:25:46	0.366G	0.1437	0	65935212	27	nc11008	2026-07-19T22:48:43.369821+00:00	failed
SUBC032	ses-01	00:22:24	0.331G	0.1346	0	65935393	31	nc11005	2026-07-19T22:49:30.369315+00:00	failed
SUBC033	ses-01	00:22:41	0.321G	0.1354	0	65935394	32	nc31002	2026-07-19T22:49:47.738330+00:00	failed
SUBC035	ses-01	00:23:35	0.336G	0.1343	0	65935426	34	nc11001	2026-07-19T22:52:35.775519+00:00	failed
SUBC043	ses-01	00:05:38	0.241G	0.0383	0	65936049	42	nc11001	2026-07-19T22:58:18.675572+00:00	failed
SUBC041	ses-01	00:08:43	0.260G	0.0621	0	65936026	40	nc11005	2026-07-19T22:58:18.679863+00:00	failed
SUBC039	ses-01	00:09:36	0.253G	0.0612	0	65936019	38	nc31030	2026-07-19T22:58:24.355698+00:00	failed
SUBC057	ses-01	01:48:45	0.273G	1.4657	0	65932550	3	nc11116	2026-07-19T22:58:26.016611+00:00	failed
SUBC042	ses-01	00:08:33	0.249G	0.0535	0	65936033	41	nc11008	2026-07-19T22:58:28.360112+00:00	failed
SUBC036	ses-01	00:09:57	0.256G	0.0723	0	65936016	35	nc31009	2026-07-19T22:58:37.929010+00:00	failed
SUBC037	ses-01	00:09:52	0.257G	0.0712	0	65936017	36	nc31009	2026-07-19T22:58:38.067138+00:00	failed
SUBC038	ses-01	00:09:49	0.254G	0.0709	0	65936018	37	nc11014	2026-07-19T22:58:38.272602+00:00	failed
SUBC040	ses-01	00:09:56	0.258G	0.0702	0	65936020	39	nc30625	2026-07-19T22:58:46.158916+00:00	failed
SUBON08	ses-01	02:41:51	0.271G	2.3558	0	65930590	1	nc10911	2026-07-19T22:59:29.582949+00:00	failed
SUBON08	ses-01	02:44:19	0.279G	2.3832	0	65930535	7	nc30634	2026-07-19T23:01:57.886043+00:00	failed
SUBON06	ses-01	02:47:30	0.272G	1.9971	0	65930591	2	nc10912	2026-07-19T23:05:08.567978+00:00	failed
SUBON07	ses-01	03:03:06	0.285G	2.5259	0	65930597	6	nc30630	2026-07-19T23:20:43.121313+00:00	failed
SUBON06	ses-01	03:04:27	0.272G	2.7564	0	65930596	5	nc30629	2026-07-19T23:22:09.387222+00:00	failed
SUBC040	ses-01	01:09:08	0.330G	0.1333	0	65978975	5	nc30410	2026-07-20T16:19:28.914551+00:00	failed
SUBC042	ses-01	01:09:26	0.337G	0.1366	0	65978977	7	nc30413	2026-07-20T16:19:28.927828+00:00	failed
SUBC038	ses-01	01:09:32	0.334G	0.1348	0	65978973	3	nc31135	2026-07-20T16:19:28.942153+00:00	failed
SUBC039	ses-01	01:09:24	0.324G	0.1391	0	65978974	4	nc30406	2026-07-20T16:19:28.960986+00:00	failed
SUBC037	ses-01	01:09:24	0.331G	0.1461	0	65978972	2	nc31134	2026-07-20T16:19:28.968404+00:00	failed
SUBC043	ses-01	01:09:24	0.327G	0.1341	0	65978978	8	nc30415	2026-07-20T16:19:28.981975+00:00	failed
SUBC036	ses-01	01:09:11	0.341G	0.1511	0	65978971	1	nc31132	2026-07-20T16:19:29.024069+00:00	failed
SUBC041	ses-01	01:10:54	0.433G	0.1498	0	65978976	6	nc30412	2026-07-20T16:21:01.093507+00:00	failed
SUBC044	ses-01	00:00:05	0.144G	0.0006	0	65987439	9	nc31137	2026-07-20T16:23:41.538061+00:00	failed
SUBC050	ses-01	00:28:07	0.323G	0.1361	0	65987445	15	nc11008	2026-07-20T16:51:43.588653+00:00	failed
SUBC052	ses-01	00:26:10	0.331G	0.1263	0	65987704	17	nc11026	2026-07-20T16:53:57.947139+00:00	failed
SUBC049	ses-01	00:29:24	0.340G	0.1338	0	65987444	14	nc11007	2026-07-20T16:53:57.962841+00:00	failed
SUBC051	ses-01	00:30:21	0.328G	0.1358	0	65987446	16	nc11019	2026-07-20T16:53:57.973584+00:00	failed
SUBC046	ses-01	00:30:21	0.327G	0.1331	0	65987441	11	nc11003	2026-07-20T16:53:58.029601+00:00	failed
SUBC047	ses-01	00:30:21	0.345G	0.1464	0	65987442	12	nc11003	2026-07-20T16:53:58.035857+00:00	failed
SUBC045	ses-01	00:30:29	0.333G	0.1349	0	65987440	10	nc11001	2026-07-20T16:54:05.610692+00:00	failed
SUBC057	ses-01	00:00:05	0.146G	0.0005	0	65978832	22	nc10138	2026-07-20T16:54:20.407485+00:00	failed
SUBC048	ses-01	00:36:57	0.379G	0.2100	0	65987443	13	nc11003	2026-07-20T17:00:34.072471+00:00	failed
SUBC056	ses-01	00:17:52	0.289G	0.0862	27	65990436	21	nc10119	2026-07-20T17:12:07.337579+00:00	success
SUBC055	ses-01	00:26:00	0.336G	0.1387	0	65990414	20	nc11014	2026-07-20T17:20:15.586197+00:00	failed
SUBC053	ses-01	00:28:20	0.334G	0.1368	0	65990211	18	nc11108	2026-07-20T17:20:15.598531+00:00	failed
SUBC054	ses-01	00:28:04	0.339G	0.1363	0	65990413	19	nc30409	2026-07-20T17:22:17.583853+00:00	failed
SUBON01	ses-01	00:30:09	0.321G	0.1353	0	66033083	2	nc30550	2026-07-21T01:26:10.156802+00:00	failed
SUBON08	ses-01	00:21:33	0.254G	0.1946	0	66058478	4	nc10227	2026-07-21T13:59:23.197057+00:00	failed
SUBON07	ses-01	01:01:38	0.255G	0.6527	0	66058573	3	nc10224	2026-07-21T14:39:27.198002+00:00	failed
SUBON06	ses-01	01:01:38	0.270G	0.6897	0	66058572	2	nc31105	2026-07-21T14:39:27.167216+00:00	failed
SUBC057	ses-01	01:06:30	0.269G	0.8985	0	66058571	1	nc10326	2026-07-21T14:44:21.008577+00:00	failed
SUBC001	ses-02	00:33:40	0.339G	0.1366	0	66065347	1	nc10532	2026-07-21T16:57:31.817859+00:00	failed
SUBC004	ses-02	00:33:40	0.359G	0.1371	0	66065350	4	nc30515	2026-07-21T16:57:31.843897+00:00	failed
SUBC002	ses-02	00:33:40	0.341G	0.1384	0	66065348	2	nc11012	2026-07-21T16:57:31.845716+00:00	failed
SUBC006	ses-02	00:33:40	0.433G	0.1337	0	66065352	6	nc10352	2026-07-21T16:57:31.848299+00:00	failed
SUBC003	ses-02	00:33:40	0.363G	0.1353	0	66065349	3	nc30413	2026-07-21T16:57:31.849456+00:00	failed
SUBC005	ses-02	00:33:40	0.344G	0.1357	0	66065351	5	nc10336	2026-07-21T16:57:31.867805+00:00	failed
SUBC008	ses-02	00:30:23	0.320G	0.1295	0	66065558	8	nc10545	2026-07-21T16:57:31.932033+00:00	failed
SUBC007	ses-02	00:30:23	0.337G	0.1356	0	66065557	7	nc10143	2026-07-21T16:57:31.966169+00:00	failed
SUBON03	ses-01	00:38:34	0.335G	0.0919	0	66064952	2	nc31426	2026-07-21T16:57:32.116261+00:00	failed
SUBC044	ses-02	00:59:52	0.427G	0.2155	0	66065106	1	nc31225	2026-07-21T17:18:50.110635+00:00	failed
SUBC015	ses-02	00:25:52	0.373G	0.1382	0	66067461	12	nc30644	2026-07-21T17:24:23.115530+00:00	failed
SUBC012	ses-02	00:25:52	0.357G	0.1341	0	66067460	11	nc10918	2026-07-21T17:24:23.202595+00:00	failed
SUBC011	ses-02	00:25:52	0.347G	0.1349	0	66067459	10	nc10918	2026-07-21T17:24:23.209020+00:00	failed
SUBC009	ses-02	00:25:52	0.400G	0.1395	0	66067458	9	nc10450	2026-07-21T17:24:23.221310+00:00	failed
SUBC016	ses-02	00:25:52	0.335G	0.1380	0	66067462	13	nc11110	2026-07-21T17:24:23.254013+00:00	failed
SUBC017	ses-02	00:25:52	0.338G	0.1352	0	66067463	14	nc11110	2026-07-21T17:24:23.256861+00:00	failed
SUBC020	ses-02	00:25:52	0.316G	0.1363	0	66067464	15	nc11124	2026-07-21T17:24:23.388202+00:00	failed
SUBC022	ses-02	00:25:52	0.336G	0.1469	0	66067465	16	nc11124	2026-07-21T17:24:23.581817+00:00	failed
SUBC026	ses-02	00:20:08	0.321G	0.1377	0	66069055	20	nc30644	2026-07-21T17:49:00.873448+00:00	failed
SUBC027	ses-02	00:23:06	0.321G	0.1411	0	66069056	21	nc10507	2026-07-21T17:51:58.800207+00:00	failed
SUBC029	ses-02	00:23:06	0.426G	0.1409	0	66069058	23	nc10553	2026-07-21T17:51:58.801127+00:00	failed
SUBC030	ses-02	00:23:06	0.328G	0.1367	0	66069059	24	nc30412	2026-07-21T17:51:58.804108+00:00	failed
SUBC024	ses-02	00:23:06	0.329G	0.1435	0	66069053	18	nc31130	2026-07-21T17:51:58.837539+00:00	failed
SUBC028	ses-02	00:23:06	0.323G	0.1357	0	66069057	22	nc10538	2026-07-21T17:51:58.888056+00:00	failed
SUBC023	ses-02	00:24:16	0.318G	0.1385	0	66069052	17	nc31030	2026-07-21T17:53:09.019231+00:00	failed
SUBC025	ses-02	00:25:45	0.347G	0.1606	0	66069054	19	nc30640	2026-07-21T17:54:37.760150+00:00	failed
SUBC032	ses-02	00:22:49	0.320G	0.1371	0	66069876	26	nc30412	2026-07-21T18:14:54.648557+00:00	failed
SUBC031	ses-02	00:28:33	0.371G	0.1389	0	66069732	25	nc30423	2026-07-21T18:17:42.948889+00:00	failed
SUBC040	ses-02	00:25:28	0.319G	0.1361	0	66069960	31	nc31132	2026-07-21T18:20:10.517569+00:00	failed
SUBC039	ses-02	00:25:30	0.323G	0.1495	0	66069959	30	nc31130	2026-07-21T18:20:10.554635+00:00	failed
SUBC036	ses-02	00:28:04	0.394G	0.1400	0	66069878	28	nc30449	2026-07-21T18:20:10.661707+00:00	failed
SUBC037	ses-02	00:25:28	0.322G	0.1367	0	66069958	29	nc11115	2026-07-21T18:20:10.745204+00:00	failed
SUBC035	ses-02	00:28:04	0.324G	0.1361	0	66069877	27	nc30421	2026-07-21T18:20:11.426109+00:00	failed
SUBC041	ses-02	00:37:51	0.319G	0.1403	0	66070034	32	nc30450	2026-07-21T18:32:49.671426+00:00	failed
SUBC050	ses-02	00:24:34	0.274G	0.0903	28	66072003	39	nc30516	2026-07-21T18:48:08.866959+00:00	success
SUBC047	ses-02	00:27:51	0.322G	0.1353	0	66072000	36	nc10312	2026-07-21T18:51:25.815700+00:00	failed
SUBC048	ses-02	00:27:51	0.319G	0.1427	0	66072001	37	nc10348	2026-07-21T18:51:25.843222+00:00	failed
SUBC053	ses-02	00:27:50	0.328G	0.1363	0	66072004	40	nc10109	2026-07-21T18:51:25.910113+00:00	failed
SUBC049	ses-02	00:27:50	0.314G	0.1384	0	66072002	38	nc30511	2026-07-21T18:51:25.910431+00:00	failed
SUBC045	ses-02	00:27:51	0.318G	0.1389	0	66071999	35	nc11014	2026-07-21T18:51:27.124387+00:00	failed
SUBC042	ses-02	00:52:42	0.325G	0.1388	0	66071831	33	nc10225	2026-07-21T19:11:21.353809+00:00	failed
SUBC055	ses-02	01:01:51	0.261G	0.6806	0	66073793	41	nc31137	2026-07-21T19:35:28.581975+00:00	failed
SUBG01	ses-02	01:01:00	0.331G	0.1366	0	66365572	3	nc30645	2026-07-24T15:00:10.749212+00:00	failed
SUBG02	ses-02	01:01:00	0.328G	0.1359	0	66365573	4	nc30645	2026-07-24T15:00:10.749290+00:00	failed
SUBON01	ses-02	01:01:01	0.335G	0.1357	0	66365570	1	nc30645	2026-07-24T15:00:10.749211+00:00	failed
SUBTON01	ses-02	01:00:24	0.347G	0.1358	0	66365571	2	nc30645	2026-07-24T15:00:10.749248+00:00	failed
SUBG07	ses-02	01:01:08	0.328G	0.1355	0	66365576	7	nc30646	2026-07-24T15:00:11.306662+00:00	failed
SUBG04	ses-02	01:01:08	0.332G	0.1352	0	66365575	6	nc30646	2026-07-24T15:00:11.307308+00:00	failed
SUBG08	ses-02	01:00:56	0.328G	0.1365	0	66365577	8	nc30646	2026-07-24T15:00:11.307350+00:00	failed
SUBG03	ses-02	01:19:33	0.347G	0.2602	0	66365574	5	nc30645	2026-07-24T15:18:43.146224+00:00	failed
SUBG13	ses-02	00:25:18	0.259G	0.0617	21	66369380	10	nc10210	2026-07-24T15:31:28.609952+00:00	success
SUBG09	ses-02	00:35:27	0.329G	0.1360	0	66369379	9	nc10208	2026-07-24T15:41:37.967271+00:00	failed
SUBG16	ses-02	01:19:36	0.258G	0.8163	0	66365527	11	nc10905	2026-07-24T16:25:49.082085+00:00	failed
SUBG16	ses-02	00:00:58	0.127G	0.0010	0				2026-07-24T16:40:39.580259+00:00	failed
SUBC013		00:00:14	0.147G	0.0008	0	66497192	13	nc11004	2026-07-27T15:41:19.456925+00:00	failed
SUBC017		00:00:17	0.144G	0.0008	0	66497196	17	nc30523	2026-07-27T15:41:22.260994+00:00	failed
SUBC007		00:23:10	0.204G	0.0112	123	66497024	7	nc30630	2026-07-27T16:00:06.981035+00:00	success
SUBC008		00:23:10	0.205G	0.0109	120	66497025	8	nc30630	2026-07-27T16:00:06.981043+00:00	success
SUBC018		00:19:01	0.208G	0.0079	0	66497197	18	nc30543	2026-07-27T16:00:07.022461+00:00	failed
SUBC002		00:23:10	0.210G	0.0111	120	66497019	2	nc30620	2026-07-27T16:00:07.129779+00:00	success
SUBC001		00:23:11	0.200G	0.0068	0	66497018	1	nc30620	2026-07-27T16:00:07.572088+00:00	failed
SUBC012		00:19:10	0.196G	0.0112	121	66497191	12	nc11001	2026-07-27T16:00:15.249976+00:00	success
SUBC010		00:19:15	0.199G	0.0077	53	66497189	10	nc10354	2026-07-27T16:00:19.862536+00:00	success
SUBC011		00:19:15	0.202G	0.0124	124	66497190	11	nc10354	2026-07-27T16:00:19.865330+00:00	success
SUBC006		00:23:31	0.205G	0.0110	118	66497023	6	nc30621	2026-07-27T16:00:22.370733+00:00	success
SUBC004		00:23:31	0.202G	0.0110	118	66497021	4	nc30621	2026-07-27T16:00:22.370734+00:00	success
SUBC003		00:23:28	0.200G	0.0109	118	66497020	3	nc30621	2026-07-27T16:00:22.370733+00:00	success
SUBC005		00:23:31	0.200G	0.0111	122	66497022	5	nc30621	2026-07-27T16:00:22.370736+00:00	success
SUBC009		00:23:42	0.203G	0.0113	118	66497026	9	nc30647	2026-07-27T16:00:33.288576+00:00	success
SUBC014		00:19:30	0.206G	0.0078	59	66497193	14	nc11007	2026-07-27T16:00:35.003826+00:00	success
SUBC021		00:18:34	0.206G	0.0075	59	66497464	20	nc30447	2026-07-27T16:01:50.871431+00:00	success
SUBC022		00:18:34	0.204G	0.0108	122	66497465	21	nc30447	2026-07-27T16:01:50.871423+00:00	success
SUBC016		00:29:36	0.201G	0.0110	122	66497195	16	nc30505	2026-07-27T16:10:41.666693+00:00	success
SUBC020		00:29:36	0.197G	0.0110	118	66497198	19	nc30545	2026-07-27T16:10:41.666692+00:00	success
SUBC015		00:29:36	0.205G	0.0117	121	66497194	15	nc11014	2026-07-27T16:10:41.861441+00:00	success
SUBC023		00:27:24	0.204G	0.0110	119	66497466	22	nc30452	2026-07-27T16:10:42.348678+00:00	success
SUBC038		00:12:20	0.197G	0.0072	59	66498445	37	nc30447	2026-07-27T16:16:27.912391+00:00	success
SUBC017		00:22:54	0.197G	0.0109	118	66498248	1	nc30415	2026-07-27T16:18:45.393836+00:00	success
SUBC013		00:22:54	0.197G	0.0076	59	66498247	1	nc30415	2026-07-27T16:18:45.393879+00:00	success
SUBC024		00:19:05	0.201G	0.0107	122	66498385	23	nc30447	2026-07-27T16:19:34.117462+00:00	success
SUBC039		00:15:26	0.204G	0.0106	122	66498446	38	nc30447	2026-07-27T16:19:34.118012+00:00	success
SUBC001		00:11:05	0.200G	0.0057	117	66498850	1	nc30415	2026-07-27T16:20:58.044409+00:00	success
SUBC027		00:20:29	0.206G	0.0113	118	66498390	26	nc30449	2026-07-27T16:21:05.766067+00:00	success
SUBC034		00:20:36	0.188G	0.0051	50	66498400	33	nc30449	2026-07-27T16:21:05.766051+00:00	success
SUBC035		00:20:37	0.203G	0.0113	118	66498401	34	nc30449	2026-07-27T16:21:05.766060+00:00	success
SUBC032		00:20:28	0.212G	0.0113	118	66498398	31	nc30449	2026-07-27T16:21:05.766030+00:00	success
SUBC026		00:20:14	0.205G	0.0111	123	66498389	25	nc30449	2026-07-27T16:21:05.765610+00:00	success
SUBC031		00:20:37	0.209G	0.0114	120	66498397	30	nc30449	2026-07-27T16:21:05.765603+00:00	success
SUBC033		00:20:36	0.198G	0.0080	59	66498399	32	nc30449	2026-07-27T16:21:05.765566+00:00	success
SUBC030		00:20:37	0.205G	0.0112	118	66498396	29	nc30449	2026-07-27T16:21:05.766028+00:00	success
SUBC029		00:20:37	0.204G	0.0115	120	66498392	28	nc30449	2026-07-27T16:21:05.766043+00:00	success
SUBC028		00:20:54	0.212G	0.0111	119	66498391	27	nc30449	2026-07-27T16:21:25.447020+00:00	success
SUBC043		00:14:15	0.197G	0.0077	59	66498897	42	nc30437	2026-07-27T16:25:06.655335+00:00	success
SUBC046		00:05:44	0.196G	0.0074	58	66499454	45	nc11001	2026-07-27T16:25:24.218752+00:00	success
SUBC025		00:28:20	0.228G	0.0369	125	66498386	24	nc30447	2026-07-27T16:28:49.195506+00:00	success
SUBC056		00:07:30	0.184G	0.0044	28	66499539	55	nc10342	2026-07-27T16:29:12.072445+00:00	success
SUBC041		00:18:20	0.203G	0.0110	121	66498895	40	nc30429	2026-07-27T16:29:12.080427+00:00	success
SUBC042		00:18:20	0.201G	0.0109	121	66498896	41	nc30429	2026-07-27T16:29:12.165221+00:00	success
SUBC040		00:18:23	0.209G	0.0110	118	66498893	39	nc30427	2026-07-27T16:29:12.222760+00:00	success
SUBC051		00:11:28	0.206G	0.0076	59	66499524	50	nc10330	2026-07-27T16:32:43.553549+00:00	success
SUBC052		00:11:28	0.209G	0.0076	59	66499525	51	nc10330	2026-07-27T16:32:43.564820+00:00	success
SUBON01		00:08:31	0.194G	0.0104	118	66499729	57	nc11001	2026-07-27T16:34:01.020150+00:00	success
SUBC045		00:14:35	0.202G	0.0106	118	66499453	44	nc10354	2026-07-27T16:34:15.739466+00:00	success
SUBC036		00:36:04	0.201G	0.0112	121	66498408	35	nc30432	2026-07-27T16:36:49.238951+00:00	success
SUBC037		00:36:04	0.204G	0.0112	118	66498409	36	nc30432	2026-07-27T16:36:49.241666+00:00	success
SUBC018		00:26:55	0.208G	0.0065	62	66498851	1	nc30424	2026-07-27T16:36:49.295139+00:00	success
SUBC049		00:15:37	0.203G	0.0110	119	66499519	48	nc11014	2026-07-27T16:36:54.991933+00:00	success
SUBC055		00:15:34	0.236G	0.0374	0	66499529	54	nc30505	2026-07-27T16:36:55.451489+00:00	failed
SUBG05		00:04:10	0.186G	0.0044	38	66500444	70	nc30424	2026-07-27T16:41:09.974946+00:00	success
SUBTON02		00:07:25	0.197G	0.0075	60	66500253	65	nc11001	2026-07-27T16:41:31.287060+00:00	success
SUBG01		00:09:30	0.205G	0.0102	118	66500263	66	nc10330	2026-07-27T16:43:52.372831+00:00	success
SUBC053		00:22:40	0.207G	0.0107	118	66499526	52	nc10341	2026-07-27T16:44:21.059681+00:00	success
SUBC047		00:23:09	0.204G	0.0108	121	66499517	46	nc11004	2026-07-27T16:44:21.107463+00:00	success
SUBC044		00:27:39	0.199G	0.0123	113	66499152	43	nc11004	2026-07-27T16:44:21.259072+00:00	success
SUBC048		00:23:10	0.214G	0.0289	0	66499518	47	nc11004	2026-07-27T16:44:21.271226+00:00	failed
SUBC054		00:23:00	0.200G	0.0076	56	66499528	53	nc10341	2026-07-27T16:44:21.453328+00:00	success
SUBC050		00:25:22	0.200G	0.0082	89	66499523	49	nc10323	2026-07-27T16:46:43.620450+00:00	success
SUBG04		00:10:30	0.201G	0.0109	118	66500443	69	nc11014	2026-07-27T16:47:29.713549+00:00	success
SUBON07		00:19:42	0.222G	0.0351	0	66499953	62	nc30611	2026-07-27T16:49:04.783177+00:00	failed
SUBON03		00:19:42	0.206G	0.0080	59	66499950	59	nc30611	2026-07-27T16:49:04.783154+00:00	success
SUBON04		00:19:42	0.201G	0.0080	62	66499951	60	nc30611	2026-07-27T16:49:04.783157+00:00	success
SUBON06		00:19:42	0.230G	0.0407	0	66499952	61	nc30611	2026-07-27T16:49:04.783092+00:00	failed
SUBG07		00:08:04	0.195G	0.0104	118	66500760	72	nc11001	2026-07-27T16:49:40.104514+00:00	success
SUBTON01		00:18:57	0.206G	0.0107	117	66500186	64	nc10324	2026-07-27T16:51:52.267452+00:00	success
SUBON08		00:18:57	0.206G	0.0383	0	66500185	63	nc10324	2026-07-27T16:51:52.267464+00:00	failed
SUBON02		00:23:18	0.196G	0.0081	59	66499937	58	nc10303	2026-07-27T16:52:35.720913+00:00	success
SUBG17		00:11:46	0.197G	0.0092	63	66501011	82	nc30545	2026-07-27T17:01:02.646894+00:00	success
SUBG03		00:25:08	0.203G	0.0130	119	66500439	68	nc11009	2026-07-27T17:02:09.996552+00:00	success
SUBG06		00:20:45	0.193G	0.0083	59	66500741	71	nc31033	2026-07-27T17:02:10.032473+00:00	success
SUBG02		00:25:09	0.211G	0.0206	0	66500438	67	nc11009	2026-07-27T17:02:10.584578+00:00	failed
SUBC057		00:36:32	0.214G	0.0819	0	66499727	56	nc31008	2026-07-27T17:02:12.178792+00:00	failed
SUBG18		00:20:51	0.201G	0.0080	64	66501012	83	nc10209	2026-07-27T17:10:06.830305+00:00	success
SUBG19		00:20:49	0.196G	0.0077	59	66496517	84	nc10209	2026-07-27T17:10:06.970233+00:00	success
SUBG14		00:23:14	0.200G	0.0079	59	66500959	79	nc30528	2026-07-27T17:10:07.014143+00:00	success
SUBON07		00:20:39	0.222G	0.0317	51	66501054	1	nc30528	2026-07-27T17:10:07.026486+00:00	success
SUBON08		00:17:05	0.203G	0.0360	30	66501175	1	nc30528	2026-07-27T17:10:07.047871+00:00	success
SUBC048		00:14:58	0.218G	0.0244	0	66501294	1	nc30528	2026-07-27T17:10:07.407496+00:00	failed
SUBG15		00:22:47	0.212G	0.0077	59	66500962	80	nc10208	2026-07-27T17:10:21.449560+00:00	success
SUBG11		00:25:42	0.204G	0.0081	59	66500927	76	nc10208	2026-07-27T17:10:21.710754+00:00	success
SUBG12		00:25:43	0.203G	0.0084	59	66500928	77	nc10208	2026-07-27T17:10:22.105099+00:00	success
SUBG13		00:25:43	0.208G	0.0086	81	66500929	78	nc10208	2026-07-27T17:10:22.365722+00:00	success
SUBG10		00:25:56	0.202G	0.0076	59	66500926	75	nc30456	2026-07-27T17:10:30.852543+00:00	success
SUBG08		00:26:26	0.200G	0.0109	118	66500859	73	nc30456	2026-07-27T17:10:31.165892+00:00	success
SUBG16		00:26:31	0.209G	0.0425	110	66501010	81	nc11018	2026-07-27T17:15:41.177311+00:00	success
SUBG09		00:31:05	0.204G	0.0117	115	66500875	74	nc11018	2026-07-27T17:15:41.603842+00:00	success
SUBG02		00:13:10	0.277G	0.0142	0	66501726	1	nc11001	2026-07-27T17:17:00.690451+00:00	failed
SUBC055		00:37:26	0.212G	0.0333	109	66500954	1	nc31036	2026-07-27T17:23:26.705453+00:00	success
SUBON06		00:35:03	0.222G	0.0367	54	66501051	1	nc10226	2026-07-27T17:24:32.413047+00:00	success
SUBC057		00:24:26	0.206G	0.0715	52	66501725	1	nc31033	2026-07-27T17:28:15.668320+00:00	success
SUBC048		00:13:20	0.220G	0.0173	120	66503487	1	nc11014	2026-07-27T17:53:00.000034+00:00	success
SUBG02		00:39:17	0.208G	0.0094	118	66503488	1	nc31026	2026-07-27T18:19:09.480555+00:00	success
