scan_id	subject	session	run	nifti	n_volumes	n_bvals	n_bvec_columns	status
sub-001_ses-01_run-01_dwi	sub-001	ses-01	run-01	/lustre07/scratch/alexrees/bids/sub-001/ses-01/dwi/sub-001_ses-01_run-01_dwi.nii.gz	385.0	385.0	385.0	PASS
sub-001_ses-01_run-02_dwi	sub-001	ses-01	run-02	/lustre07/scratch/alexrees/bids/sub-001/ses-01/dwi/sub-001_ses-01_run-02_dwi.nii.gz	385.0	385.0	385.0	PASS
sub-001_ses-01_run-05_dwi	sub-001	ses-01	run-05	/lustre07/scratch/alexrees/bids/sub-001/ses-01/dwi/sub-001_ses-01_run-05_dwi.nii.gz	15.0	15.0	15.0	PASS
sub-001_ses-02_run-01_dwi	sub-001	ses-02	run-01	/lustre07/scratch/alexrees/bids/sub-001/ses-02/dwi/sub-001_ses-02_run-01_dwi.nii.gz	385.0	385.0	385.0	PASS
sub-001_ses-02_run-02_dwi	sub-001	ses-02	run-02	/lustre07/scratch/alexrees/bids/sub-001/ses-02/dwi/sub-001_ses-02_run-02_dwi.nii.gz	385.0	385.0	385.0	PASS
sub-001_ses-02_run-05_dwi	sub-001	ses-02	run-05	/lustre07/scratch/alexrees/bids/sub-001/ses-02/dwi/sub-001_ses-02_run-05_dwi.nii.gz	15.0	15.0	15.0	PASS
sub-002_ses-01_run-01_dwi	sub-002	ses-01	run-01	/lustre07/scratch/alexrees/bids/sub-002/ses-01/dwi/sub-002_ses-01_run-01_dwi.nii.gz	385.0	385.0	385.0	PASS
sub-002_ses-01_run-02_dwi	sub-002	ses-01	run-02	/lustre07/scratch/alexrees/bids/sub-002/ses-01/dwi/sub-002_ses-01_run-02_dwi.nii.gz	385.0	385.0	385.0	PASS
sub-002_ses-01_run-05_dwi	sub-002	ses-01	run-05	/lustre07/scratch/alexrees/bids/sub-002/ses-01/dwi/sub-002_ses-01_run-05_dwi.nii.gz	15.0	15.0	15.0	PASS
sub-002_ses-02_run-01_dwi	sub-002	ses-02	run-01	/lustre07/scratch/alexrees/bids/sub-002/ses-02/dwi/sub-002_ses-02_run-01_dwi.nii.gz	385.0	385.0	385.0	PASS
sub-002_ses-02_run-02_dwi	sub-002	ses-02	run-02	/lustre07/scratch/alexrees/bids/sub-002/ses-02/dwi/sub-002_ses-02_run-02_dwi.nii.gz	385.0	385.0	385.0	PASS
sub-002_ses-02_run-05_dwi	sub-002	ses-02	run-05	/lustre07/scratch/alexrees/bids/sub-002/ses-02/dwi/sub-002_ses-02_run-05_dwi.nii.gz	15.0	15.0	15.0	PASS
sub-003_ses-01_run-01_dwi	sub-003	ses-01	run-01	/lustre07/scratch/alexrees/bids/sub-003/ses-01/dwi/sub-003_ses-01_run-01_dwi.nii.gz	385.0	385.0	385.0	PASS
sub-003_ses-01_run-02_dwi	sub-003	ses-01	run-02	/lustre07/scratch/alexrees/bids/sub-003/ses-01/dwi/sub-003_ses-01_run-02_dwi.nii.gz	385.0	385.0	385.0	PASS
sub-003_ses-01_run-05_dwi	sub-003	ses-01	run-05	/lustre07/scratch/alexrees/bids/sub-003/ses-01/dwi/sub-003_ses-01_run-05_dwi.nii.gz	15.0	15.0	15.0	PASS
sub-003_ses-02_run-01_dwi	sub-003	ses-02	run-01	/lustre07/scratch/alexrees/bids/sub-003/ses-02/dwi/sub-003_ses-02_run-01_dwi.nii.gz	385.0	385.0	385.0	PASS
sub-003_ses-02_run-02_dwi	sub-003	ses-02	run-02	/lustre07/scratch/alexrees/bids/sub-003/ses-02/dwi/sub-003_ses-02_run-02_dwi.nii.gz	385.0	385.0	385.0	PASS
sub-003_ses-02_run-05_dwi	sub-003	ses-02	run-05	/lustre07/scratch/alexrees/bids/sub-003/ses-02/dwi/sub-003_ses-02_run-05_dwi.nii.gz	15.0	15.0	15.0	PASS
sub-004_ses-01_run-01_dwi	sub-004	ses-01	run-01	/lustre07/scratch/alexrees/bids/sub-004/ses-01/dwi/sub-004_ses-01_run-01_dwi.nii.gz	385.0	385.0	385.0	PASS
sub-004_ses-01_run-02_dwi	sub-004	ses-01	run-02	/lustre07/scratch/alexrees/bids/sub-004/ses-01/dwi/sub-004_ses-01_run-02_dwi.nii.gz	385.0	385.0	385.0	PASS
sub-004_ses-01_run-05_dwi	sub-004	ses-01	run-05	/lustre07/scratch/alexrees/bids/sub-004/ses-01/dwi/sub-004_ses-01_run-05_dwi.nii.gz	15.0	15.0	15.0	PASS
sub-004_ses-02_run-01_dwi	sub-004	ses-02	run-01	/lustre07/scratch/alexrees/bids/sub-004/ses-02/dwi/sub-004_ses-02_run-01_dwi.nii.gz	385.0	385.0	385.0	PASS
sub-004_ses-02_run-02_dwi	sub-004	ses-02	run-02	/lustre07/scratch/alexrees/bids/sub-004/ses-02/dwi/sub-004_ses-02_run-02_dwi.nii.gz	385.0	385.0	385.0	PASS
sub-004_ses-02_run-05_dwi	sub-004	ses-02	run-05	/lustre07/scratch/alexrees/bids/sub-004/ses-02/dwi/sub-004_ses-02_run-05_dwi.nii.gz	15.0	15.0	15.0	PASS
sub-005_ses-01_run-01_dwi	sub-005	ses-01	run-01	/lustre07/scratch/alexrees/bids/sub-005/ses-01/dwi/sub-005_ses-01_run-01_dwi.nii.gz	385.0	385.0	385.0	PASS
sub-005_ses-01_run-02_dwi	sub-005	ses-01	run-02	/lustre07/scratch/alexrees/bids/sub-005/ses-01/dwi/sub-005_ses-01_run-02_dwi.nii.gz	385.0	385.0	385.0	PASS
sub-005_ses-01_run-05_dwi	sub-005	ses-01	run-05	/lustre07/scratch/alexrees/bids/sub-005/ses-01/dwi/sub-005_ses-01_run-05_dwi.nii.gz	15.0	15.0	15.0	PASS
sub-005_ses-02_run-01_dwi	sub-005	ses-02	run-01	/lustre07/scratch/alexrees/bids/sub-005/ses-02/dwi/sub-005_ses-02_run-01_dwi.nii.gz	385.0	385.0	385.0	PASS
sub-005_ses-02_run-02_dwi	sub-005	ses-02	run-02	/lustre07/scratch/alexrees/bids/sub-005/ses-02/dwi/sub-005_ses-02_run-02_dwi.nii.gz	385.0	385.0	385.0	PASS
sub-005_ses-02_run-05_dwi	sub-005	ses-02	run-05	/lustre07/scratch/alexrees/bids/sub-005/ses-02/dwi/sub-005_ses-02_run-05_dwi.nii.gz	15.0	15.0	15.0	PASS
sub-006_ses-01_run-01_dwi	sub-006	ses-01	run-01	/lustre07/scratch/alexrees/bids/sub-006/ses-01/dwi/sub-006_ses-01_run-01_dwi.nii.gz	385.0	385.0	385.0	PASS
sub-006_ses-01_run-02_dwi	sub-006	ses-01	run-02	/lustre07/scratch/alexrees/bids/sub-006/ses-01/dwi/sub-006_ses-01_run-02_dwi.nii.gz	385.0	385.0	385.0	PASS
sub-006_ses-01_run-05_dwi	sub-006	ses-01	run-05	/lustre07/scratch/alexrees/bids/sub-006/ses-01/dwi/sub-006_ses-01_run-05_dwi.nii.gz	15.0	15.0	15.0	PASS
sub-006_ses-02_run-01_dwi	sub-006	ses-02	run-01	/lustre07/scratch/alexrees/bids/sub-006/ses-02/dwi/sub-006_ses-02_run-01_dwi.nii.gz	290.0	290.0	290.0	PASS
sub-006_ses-02_run-02_dwi	sub-006	ses-02	run-02	/lustre07/scratch/alexrees/bids/sub-006/ses-02/dwi/sub-006_ses-02_run-02_dwi.nii.gz	290.0	290.0	290.0	PASS
sub-006_ses-02_run-05_dwi	sub-006	ses-02	run-05	/lustre07/scratch/alexrees/bids/sub-006/ses-02/dwi/sub-006_ses-02_run-05_dwi.nii.gz	15.0	15.0	15.0	PASS
sub-007_ses-01_run-01_dwi	sub-007	ses-01	run-01	/lustre07/scratch/alexrees/bids/sub-007/ses-01/dwi/sub-007_ses-01_run-01_dwi.nii.gz	385.0	385.0	385.0	PASS
sub-007_ses-01_run-02_dwi	sub-007	ses-01	run-02	/lustre07/scratch/alexrees/bids/sub-007/ses-01/dwi/sub-007_ses-01_run-02_dwi.nii.gz	385.0	385.0	385.0	PASS
sub-007_ses-01_run-05_dwi	sub-007	ses-01	run-05	/lustre07/scratch/alexrees/bids/sub-007/ses-01/dwi/sub-007_ses-01_run-05_dwi.nii.gz	15.0	15.0	15.0	PASS
sub-007_ses-02_run-01_dwi	sub-007	ses-02	run-01	/lustre07/scratch/alexrees/bids/sub-007/ses-02/dwi/sub-007_ses-02_run-01_dwi.nii.gz	385.0	385.0	385.0	PASS
sub-007_ses-02_run-02_dwi	sub-007	ses-02	run-02	/lustre07/scratch/alexrees/bids/sub-007/ses-02/dwi/sub-007_ses-02_run-02_dwi.nii.gz	385.0	385.0	385.0	PASS
sub-007_ses-02_run-05_dwi	sub-007	ses-02	run-05	/lustre07/scratch/alexrees/bids/sub-007/ses-02/dwi/sub-007_ses-02_run-05_dwi.nii.gz	15.0	15.0	15.0	PASS
sub-008_ses-01_run-01_dwi	sub-008	ses-01	run-01	/lustre07/scratch/alexrees/bids/sub-008/ses-01/dwi/sub-008_ses-01_run-01_dwi.nii.gz	385.0	385.0	385.0	PASS
sub-008_ses-01_run-02_dwi	sub-008	ses-01	run-02	/lustre07/scratch/alexrees/bids/sub-008/ses-01/dwi/sub-008_ses-01_run-02_dwi.nii.gz	385.0	385.0	385.0	PASS
sub-008_ses-01_run-05_dwi	sub-008	ses-01	run-05	/lustre07/scratch/alexrees/bids/sub-008/ses-01/dwi/sub-008_ses-01_run-05_dwi.nii.gz	15.0	15.0	15.0	PASS
sub-008_ses-02_run-03_dwi	sub-008	ses-02	run-03	/lustre07/scratch/alexrees/bids/sub-008/ses-02/dwi/sub-008_ses-02_run-03_dwi.nii.gz	15.0	15.0	15.0	PASS
sub-009_ses-01_run-01_dwi	sub-009	ses-01	run-01	/lustre07/scratch/alexrees/bids/sub-009/ses-01/dwi/sub-009_ses-01_run-01_dwi.nii.gz	385.0	385.0	385.0	PASS
sub-009_ses-01_run-02_dwi	sub-009	ses-01	run-02	/lustre07/scratch/alexrees/bids/sub-009/ses-01/dwi/sub-009_ses-01_run-02_dwi.nii.gz	385.0	385.0	385.0	PASS
sub-009_ses-01_run-05_dwi	sub-009	ses-01	run-05	/lustre07/scratch/alexrees/bids/sub-009/ses-01/dwi/sub-009_ses-01_run-05_dwi.nii.gz	15.0	15.0	15.0	PASS
sub-009_ses-02_run-01_dwi	sub-009	ses-02	run-01	/lustre07/scratch/alexrees/bids/sub-009/ses-02/dwi/sub-009_ses-02_run-01_dwi.nii.gz	385.0	385.0	385.0	PASS
sub-009_ses-02_run-02_dwi	sub-009	ses-02	run-02	/lustre07/scratch/alexrees/bids/sub-009/ses-02/dwi/sub-009_ses-02_run-02_dwi.nii.gz	385.0	385.0	385.0	PASS
sub-009_ses-02_run-05_dwi	sub-009	ses-02	run-05	/lustre07/scratch/alexrees/bids/sub-009/ses-02/dwi/sub-009_ses-02_run-05_dwi.nii.gz	15.0	15.0	15.0	PASS
sub-010_ses-01_run-01_dwi	sub-010	ses-01	run-01	/lustre07/scratch/alexrees/bids/sub-010/ses-01/dwi/sub-010_ses-01_run-01_dwi.nii.gz	385.0	385.0	385.0	PASS
sub-010_ses-01_run-02_dwi	sub-010	ses-01	run-02	/lustre07/scratch/alexrees/bids/sub-010/ses-01/dwi/sub-010_ses-01_run-02_dwi.nii.gz	385.0	385.0	385.0	PASS
sub-010_ses-01_run-05_dwi	sub-010	ses-01	run-05	/lustre07/scratch/alexrees/bids/sub-010/ses-01/dwi/sub-010_ses-01_run-05_dwi.nii.gz	15.0	15.0	15.0	PASS
sub-011_ses-01_run-01_dwi	sub-011	ses-01	run-01	/lustre07/scratch/alexrees/bids/sub-011/ses-01/dwi/sub-011_ses-01_run-01_dwi.nii.gz	385.0	385.0	385.0	PASS
sub-011_ses-01_run-02_dwi	sub-011	ses-01	run-02	/lustre07/scratch/alexrees/bids/sub-011/ses-01/dwi/sub-011_ses-01_run-02_dwi.nii.gz	385.0	385.0	385.0	PASS
sub-011_ses-01_run-07_dwi	sub-011	ses-01	run-07	/lustre07/scratch/alexrees/bids/sub-011/ses-01/dwi/sub-011_ses-01_run-07_dwi.nii.gz	15.0	15.0	15.0	PASS
sub-011_ses-02_run-01_dwi	sub-011	ses-02	run-01	/lustre07/scratch/alexrees/bids/sub-011/ses-02/dwi/sub-011_ses-02_run-01_dwi.nii.gz	385.0	385.0	385.0	PASS
sub-011_ses-02_run-02_dwi	sub-011	ses-02	run-02	/lustre07/scratch/alexrees/bids/sub-011/ses-02/dwi/sub-011_ses-02_run-02_dwi.nii.gz	385.0	385.0	385.0	PASS
sub-011_ses-02_run-05_dwi	sub-011	ses-02	run-05	/lustre07/scratch/alexrees/bids/sub-011/ses-02/dwi/sub-011_ses-02_run-05_dwi.nii.gz	15.0	15.0	15.0	PASS
sub-012_ses-01_run-01_dwi	sub-012	ses-01	run-01	/lustre07/scratch/alexrees/bids/sub-012/ses-01/dwi/sub-012_ses-01_run-01_dwi.nii.gz	385.0	385.0	385.0	PASS
sub-012_ses-01_run-02_dwi	sub-012	ses-01	run-02	/lustre07/scratch/alexrees/bids/sub-012/ses-01/dwi/sub-012_ses-01_run-02_dwi.nii.gz	385.0	385.0	385.0	PASS
sub-012_ses-01_run-05_dwi	sub-012	ses-01	run-05	/lustre07/scratch/alexrees/bids/sub-012/ses-01/dwi/sub-012_ses-01_run-05_dwi.nii.gz	15.0	15.0	15.0	PASS
sub-012_ses-02_run-01_dwi	sub-012	ses-02	run-01	/lustre07/scratch/alexrees/bids/sub-012/ses-02/dwi/sub-012_ses-02_run-01_dwi.nii.gz	385.0	385.0	385.0	PASS
sub-012_ses-02_run-02_dwi	sub-012	ses-02	run-02	/lustre07/scratch/alexrees/bids/sub-012/ses-02/dwi/sub-012_ses-02_run-02_dwi.nii.gz	385.0	385.0	385.0	PASS
sub-012_ses-02_run-05_dwi	sub-012	ses-02	run-05	/lustre07/scratch/alexrees/bids/sub-012/ses-02/dwi/sub-012_ses-02_run-05_dwi.nii.gz	15.0	15.0	15.0	PASS
sub-013_ses-01_run-01_dwi	sub-013	ses-01	run-01	/lustre07/scratch/alexrees/bids/sub-013/ses-01/dwi/sub-013_ses-01_run-01_dwi.nii.gz	385.0	385.0	385.0	PASS
sub-013_ses-01_run-02_dwi	sub-013	ses-01	run-02	/lustre07/scratch/alexrees/bids/sub-013/ses-01/dwi/sub-013_ses-01_run-02_dwi.nii.gz	385.0	385.0	385.0	PASS
sub-013_ses-01_run-05_dwi	sub-013	ses-01	run-05	/lustre07/scratch/alexrees/bids/sub-013/ses-01/dwi/sub-013_ses-01_run-05_dwi.nii.gz	15.0	15.0	15.0	PASS
sub-014_ses-01_run-01_dwi	sub-014	ses-01	run-01	/lustre07/scratch/alexrees/bids/sub-014/ses-01/dwi/sub-014_ses-01_run-01_dwi.nii.gz	385.0	385.0	385.0	PASS
sub-014_ses-01_run-02_dwi	sub-014	ses-01	run-02	/lustre07/scratch/alexrees/bids/sub-014/ses-01/dwi/sub-014_ses-01_run-02_dwi.nii.gz	385.0	385.0	385.0	PASS
sub-014_ses-01_run-05_dwi	sub-014	ses-01	run-05	/lustre07/scratch/alexrees/bids/sub-014/ses-01/dwi/sub-014_ses-01_run-05_dwi.nii.gz	15.0	15.0	15.0	PASS
sub-015_ses-01_run-01_dwi	sub-015	ses-01	run-01	/lustre07/scratch/alexrees/bids/sub-015/ses-01/dwi/sub-015_ses-01_run-01_dwi.nii.gz	385.0	385.0	385.0	PASS
sub-015_ses-01_run-02_dwi	sub-015	ses-01	run-02	/lustre07/scratch/alexrees/bids/sub-015/ses-01/dwi/sub-015_ses-01_run-02_dwi.nii.gz	385.0	385.0	385.0	PASS
sub-015_ses-01_run-05_dwi	sub-015	ses-01	run-05	/lustre07/scratch/alexrees/bids/sub-015/ses-01/dwi/sub-015_ses-01_run-05_dwi.nii.gz	15.0	15.0	15.0	PASS
sub-015_ses-02_run-01_dwi	sub-015	ses-02	run-01	/lustre07/scratch/alexrees/bids/sub-015/ses-02/dwi/sub-015_ses-02_run-01_dwi.nii.gz	385.0	385.0	385.0	PASS
sub-015_ses-02_run-02_dwi	sub-015	ses-02	run-02	/lustre07/scratch/alexrees/bids/sub-015/ses-02/dwi/sub-015_ses-02_run-02_dwi.nii.gz	385.0	385.0	385.0	PASS
sub-015_ses-02_run-05_dwi	sub-015	ses-02	run-05	/lustre07/scratch/alexrees/bids/sub-015/ses-02/dwi/sub-015_ses-02_run-05_dwi.nii.gz	15.0	15.0	15.0	PASS
sub-016_ses-01_run-01_dwi	sub-016	ses-01	run-01	/lustre07/scratch/alexrees/bids/sub-016/ses-01/dwi/sub-016_ses-01_run-01_dwi.nii.gz	385.0	385.0	385.0	PASS
sub-016_ses-01_run-02_dwi	sub-016	ses-01	run-02	/lustre07/scratch/alexrees/bids/sub-016/ses-01/dwi/sub-016_ses-01_run-02_dwi.nii.gz	385.0	385.0	385.0	PASS
sub-016_ses-01_run-05_dwi	sub-016	ses-01	run-05	/lustre07/scratch/alexrees/bids/sub-016/ses-01/dwi/sub-016_ses-01_run-05_dwi.nii.gz	15.0	15.0	15.0	PASS
sub-016_ses-02_run-01_dwi	sub-016	ses-02	run-01	/lustre07/scratch/alexrees/bids/sub-016/ses-02/dwi/sub-016_ses-02_run-01_dwi.nii.gz	385.0	385.0	385.0	PASS
sub-016_ses-02_run-02_dwi	sub-016	ses-02	run-02	/lustre07/scratch/alexrees/bids/sub-016/ses-02/dwi/sub-016_ses-02_run-02_dwi.nii.gz	385.0	385.0	385.0	PASS
sub-016_ses-02_run-05_dwi	sub-016	ses-02	run-05	/lustre07/scratch/alexrees/bids/sub-016/ses-02/dwi/sub-016_ses-02_run-05_dwi.nii.gz	15.0	15.0	15.0	PASS
sub-017_ses-01_run-01_dwi	sub-017	ses-01	run-01	/lustre07/scratch/alexrees/bids/sub-017/ses-01/dwi/sub-017_ses-01_run-01_dwi.nii.gz	385.0	385.0	385.0	PASS
sub-017_ses-01_run-02_dwi	sub-017	ses-01	run-02	/lustre07/scratch/alexrees/bids/sub-017/ses-01/dwi/sub-017_ses-01_run-02_dwi.nii.gz	385.0	385.0	385.0	PASS
sub-017_ses-01_run-05_dwi	sub-017	ses-01	run-05	/lustre07/scratch/alexrees/bids/sub-017/ses-01/dwi/sub-017_ses-01_run-05_dwi.nii.gz	15.0	15.0	15.0	PASS
sub-017_ses-02_run-01_dwi	sub-017	ses-02	run-01	/lustre07/scratch/alexrees/bids/sub-017/ses-02/dwi/sub-017_ses-02_run-01_dwi.nii.gz	385.0	385.0	385.0	PASS
sub-017_ses-02_run-02_dwi	sub-017	ses-02	run-02	/lustre07/scratch/alexrees/bids/sub-017/ses-02/dwi/sub-017_ses-02_run-02_dwi.nii.gz	385.0	385.0	385.0	PASS
sub-017_ses-02_run-05_dwi	sub-017	ses-02	run-05	/lustre07/scratch/alexrees/bids/sub-017/ses-02/dwi/sub-017_ses-02_run-05_dwi.nii.gz	15.0	15.0	15.0	PASS
sub-018_ses-01_run-01_dwi	sub-018	ses-01	run-01	/lustre07/scratch/alexrees/bids/sub-018/ses-01/dwi/sub-018_ses-01_run-01_dwi.nii.gz	259.0	259.0	259.0	PASS
sub-018_ses-01_run-02_dwi	sub-018	ses-01	run-02	/lustre07/scratch/alexrees/bids/sub-018/ses-01/dwi/sub-018_ses-01_run-02_dwi.nii.gz	259.0	259.0	259.0	PASS
sub-018_ses-01_run-03_dwi	sub-018	ses-01	run-03	/lustre07/scratch/alexrees/bids/sub-018/ses-01/dwi/sub-018_ses-01_run-03_dwi.nii.gz	15.0	15.0	15.0	PASS
sub-018_ses-01_run-12_dwi	sub-018	ses-01	run-12	/lustre07/scratch/alexrees/bids/sub-018/ses-01/dwi/sub-018_ses-01_run-12_dwi.nii.gz	385.0	385.0	385.0	PASS
sub-018_ses-01_run-13_dwi	sub-018	ses-01	run-13	/lustre07/scratch/alexrees/bids/sub-018/ses-01/dwi/sub-018_ses-01_run-13_dwi.nii.gz	385.0	385.0	385.0	PASS
sub-019_ses-01_run-01_dwi	sub-019	ses-01	run-01	/lustre07/scratch/alexrees/bids/sub-019/ses-01/dwi/sub-019_ses-01_run-01_dwi.nii.gz	385.0	385.0	385.0	PASS
sub-019_ses-01_run-02_dwi	sub-019	ses-01	run-02	/lustre07/scratch/alexrees/bids/sub-019/ses-01/dwi/sub-019_ses-01_run-02_dwi.nii.gz	385.0	385.0	385.0	PASS
sub-019_ses-01_run-05_dwi	sub-019	ses-01	run-05	/lustre07/scratch/alexrees/bids/sub-019/ses-01/dwi/sub-019_ses-01_run-05_dwi.nii.gz	15.0	15.0	15.0	PASS
sub-019_ses-02_run-01_dwi	sub-019	ses-02	run-01	/lustre07/scratch/alexrees/bids/sub-019/ses-02/dwi/sub-019_ses-02_run-01_dwi.nii.gz	385.0	385.0	385.0	PASS
sub-019_ses-02_run-02_dwi	sub-019	ses-02	run-02	/lustre07/scratch/alexrees/bids/sub-019/ses-02/dwi/sub-019_ses-02_run-02_dwi.nii.gz	385.0	385.0	385.0	PASS
sub-019_ses-02_run-05_dwi	sub-019	ses-02	run-05	/lustre07/scratch/alexrees/bids/sub-019/ses-02/dwi/sub-019_ses-02_run-05_dwi.nii.gz	15.0	15.0	15.0	PASS
sub-020_ses-01_run-01_dwi	sub-020	ses-01	run-01	/lustre07/scratch/alexrees/bids/sub-020/ses-01/dwi/sub-020_ses-01_run-01_dwi.nii.gz	385.0	385.0	385.0	PASS
sub-020_ses-01_run-02_dwi	sub-020	ses-01	run-02	/lustre07/scratch/alexrees/bids/sub-020/ses-01/dwi/sub-020_ses-01_run-02_dwi.nii.gz	385.0	385.0	385.0	PASS
sub-020_ses-01_run-05_dwi	sub-020	ses-01	run-05	/lustre07/scratch/alexrees/bids/sub-020/ses-01/dwi/sub-020_ses-01_run-05_dwi.nii.gz	15.0	15.0	15.0	PASS
sub-021_ses-01_run-01_dwi	sub-021	ses-01	run-01	/lustre07/scratch/alexrees/bids/sub-021/ses-01/dwi/sub-021_ses-01_run-01_dwi.nii.gz	385.0	385.0	385.0	PASS
sub-021_ses-01_run-02_dwi	sub-021	ses-01	run-02	/lustre07/scratch/alexrees/bids/sub-021/ses-01/dwi/sub-021_ses-01_run-02_dwi.nii.gz	385.0	385.0	385.0	PASS
sub-021_ses-01_run-05_dwi	sub-021	ses-01	run-05	/lustre07/scratch/alexrees/bids/sub-021/ses-01/dwi/sub-021_ses-01_run-05_dwi.nii.gz	15.0	15.0	15.0	PASS
sub-021_ses-02_run-01_dwi	sub-021	ses-02	run-01	/lustre07/scratch/alexrees/bids/sub-021/ses-02/dwi/sub-021_ses-02_run-01_dwi.nii.gz	385.0	385.0	385.0	PASS
sub-021_ses-02_run-02_dwi	sub-021	ses-02	run-02	/lustre07/scratch/alexrees/bids/sub-021/ses-02/dwi/sub-021_ses-02_run-02_dwi.nii.gz	385.0	385.0	385.0	PASS
sub-021_ses-02_run-05_dwi	sub-021	ses-02	run-05	/lustre07/scratch/alexrees/bids/sub-021/ses-02/dwi/sub-021_ses-02_run-05_dwi.nii.gz	15.0	15.0	15.0	PASS
sub-022_ses-01_run-01_dwi	sub-022	ses-01	run-01	/lustre07/scratch/alexrees/bids/sub-022/ses-01/dwi/sub-022_ses-01_run-01_dwi.nii.gz	385.0	385.0	385.0	PASS
sub-022_ses-01_run-02_dwi	sub-022	ses-01	run-02	/lustre07/scratch/alexrees/bids/sub-022/ses-01/dwi/sub-022_ses-01_run-02_dwi.nii.gz	385.0	385.0	385.0	PASS
sub-022_ses-01_run-05_dwi	sub-022	ses-01	run-05	/lustre07/scratch/alexrees/bids/sub-022/ses-01/dwi/sub-022_ses-01_run-05_dwi.nii.gz	15.0	15.0	15.0	PASS
sub-022_ses-02_run-01_dwi	sub-022	ses-02	run-01	/lustre07/scratch/alexrees/bids/sub-022/ses-02/dwi/sub-022_ses-02_run-01_dwi.nii.gz	385.0	385.0	385.0	PASS
sub-022_ses-02_run-02_dwi	sub-022	ses-02	run-02	/lustre07/scratch/alexrees/bids/sub-022/ses-02/dwi/sub-022_ses-02_run-02_dwi.nii.gz	385.0	385.0	385.0	PASS
sub-022_ses-02_run-05_dwi	sub-022	ses-02	run-05	/lustre07/scratch/alexrees/bids/sub-022/ses-02/dwi/sub-022_ses-02_run-05_dwi.nii.gz	15.0	15.0	15.0	PASS
sub-023_ses-01_run-01_dwi	sub-023	ses-01	run-01	/lustre07/scratch/alexrees/bids/sub-023/ses-01/dwi/sub-023_ses-01_run-01_dwi.nii.gz	385.0	385.0	385.0	PASS
sub-023_ses-01_run-02_dwi	sub-023	ses-01	run-02	/lustre07/scratch/alexrees/bids/sub-023/ses-01/dwi/sub-023_ses-01_run-02_dwi.nii.gz	385.0	385.0	385.0	PASS
sub-023_ses-01_run-05_dwi	sub-023	ses-01	run-05	/lustre07/scratch/alexrees/bids/sub-023/ses-01/dwi/sub-023_ses-01_run-05_dwi.nii.gz	15.0	15.0	15.0	PASS
sub-023_ses-02_run-01_dwi	sub-023	ses-02	run-01	/lustre07/scratch/alexrees/bids/sub-023/ses-02/dwi/sub-023_ses-02_run-01_dwi.nii.gz	385.0	385.0	385.0	PASS
sub-023_ses-02_run-02_dwi	sub-023	ses-02	run-02	/lustre07/scratch/alexrees/bids/sub-023/ses-02/dwi/sub-023_ses-02_run-02_dwi.nii.gz	385.0	385.0	385.0	PASS
sub-023_ses-02_run-05_dwi	sub-023	ses-02	run-05	/lustre07/scratch/alexrees/bids/sub-023/ses-02/dwi/sub-023_ses-02_run-05_dwi.nii.gz	15.0	15.0	15.0	PASS
sub-024_ses-02_run-01_dwi	sub-024	ses-02	run-01	/lustre07/scratch/alexrees/bids/sub-024/ses-02/dwi/sub-024_ses-02_run-01_dwi.nii.gz	385.0	385.0	385.0	PASS
sub-024_ses-02_run-02_dwi	sub-024	ses-02	run-02	/lustre07/scratch/alexrees/bids/sub-024/ses-02/dwi/sub-024_ses-02_run-02_dwi.nii.gz	385.0	385.0	385.0	PASS
sub-024_ses-02_run-05_dwi	sub-024	ses-02	run-05	/lustre07/scratch/alexrees/bids/sub-024/ses-02/dwi/sub-024_ses-02_run-05_dwi.nii.gz	15.0	15.0	15.0	PASS
sub-025_ses-01_run-01_dwi	sub-025	ses-01	run-01	/lustre07/scratch/alexrees/bids/sub-025/ses-01/dwi/sub-025_ses-01_run-01_dwi.nii.gz	164.0	164.0	164.0	PASS
sub-025_ses-01_run-02_dwi	sub-025	ses-01	run-02	/lustre07/scratch/alexrees/bids/sub-025/ses-01/dwi/sub-025_ses-01_run-02_dwi.nii.gz	164.0	164.0	164.0	PASS
sub-025_ses-01_run-03_dwi	sub-025	ses-01	run-03	/lustre07/scratch/alexrees/bids/sub-025/ses-01/dwi/sub-025_ses-01_run-03_dwi.nii.gz	385.0	385.0	385.0	PASS
sub-025_ses-01_run-04_dwi	sub-025	ses-01	run-04	/lustre07/scratch/alexrees/bids/sub-025/ses-01/dwi/sub-025_ses-01_run-04_dwi.nii.gz	385.0	385.0	385.0	PASS
sub-025_ses-01_run-07_dwi	sub-025	ses-01	run-07	/lustre07/scratch/alexrees/bids/sub-025/ses-01/dwi/sub-025_ses-01_run-07_dwi.nii.gz	15.0	15.0	15.0	PASS
sub-025_ses-02_run-01_dwi	sub-025	ses-02	run-01	/lustre07/scratch/alexrees/bids/sub-025/ses-02/dwi/sub-025_ses-02_run-01_dwi.nii.gz	385.0	385.0	385.0	PASS
sub-025_ses-02_run-02_dwi	sub-025	ses-02	run-02	/lustre07/scratch/alexrees/bids/sub-025/ses-02/dwi/sub-025_ses-02_run-02_dwi.nii.gz	385.0	385.0	385.0	PASS
sub-025_ses-02_run-05_dwi	sub-025	ses-02	run-05	/lustre07/scratch/alexrees/bids/sub-025/ses-02/dwi/sub-025_ses-02_run-05_dwi.nii.gz	15.0	15.0	15.0	PASS
sub-026_ses-01_run-01_dwi	sub-026	ses-01	run-01	/lustre07/scratch/alexrees/bids/sub-026/ses-01/dwi/sub-026_ses-01_run-01_dwi.nii.gz	385.0	385.0	385.0	PASS
sub-026_ses-01_run-02_dwi	sub-026	ses-01	run-02	/lustre07/scratch/alexrees/bids/sub-026/ses-01/dwi/sub-026_ses-01_run-02_dwi.nii.gz	385.0	385.0	385.0	PASS
sub-026_ses-01_run-05_dwi	sub-026	ses-01	run-05	/lustre07/scratch/alexrees/bids/sub-026/ses-01/dwi/sub-026_ses-01_run-05_dwi.nii.gz	15.0	15.0	15.0	PASS
sub-026_ses-02_run-01_dwi	sub-026	ses-02	run-01	/lustre07/scratch/alexrees/bids/sub-026/ses-02/dwi/sub-026_ses-02_run-01_dwi.nii.gz	385.0	385.0	385.0	PASS
sub-026_ses-02_run-02_dwi	sub-026	ses-02	run-02	/lustre07/scratch/alexrees/bids/sub-026/ses-02/dwi/sub-026_ses-02_run-02_dwi.nii.gz	385.0	385.0	385.0	PASS
sub-026_ses-02_run-05_dwi	sub-026	ses-02	run-05	/lustre07/scratch/alexrees/bids/sub-026/ses-02/dwi/sub-026_ses-02_run-05_dwi.nii.gz	15.0	15.0	15.0	PASS
sub-027_ses-01_run-01_dwi	sub-027	ses-01	run-01	/lustre07/scratch/alexrees/bids/sub-027/ses-01/dwi/sub-027_ses-01_run-01_dwi.nii.gz	385.0	385.0	385.0	PASS
sub-027_ses-01_run-02_dwi	sub-027	ses-01	run-02	/lustre07/scratch/alexrees/bids/sub-027/ses-01/dwi/sub-027_ses-01_run-02_dwi.nii.gz	385.0	385.0	385.0	PASS
sub-027_ses-01_run-05_dwi	sub-027	ses-01	run-05	/lustre07/scratch/alexrees/bids/sub-027/ses-01/dwi/sub-027_ses-01_run-05_dwi.nii.gz	15.0	15.0	15.0	PASS
sub-027_ses-02_run-01_dwi	sub-027	ses-02	run-01	/lustre07/scratch/alexrees/bids/sub-027/ses-02/dwi/sub-027_ses-02_run-01_dwi.nii.gz	385.0	385.0	385.0	PASS
sub-027_ses-02_run-02_dwi	sub-027	ses-02	run-02	/lustre07/scratch/alexrees/bids/sub-027/ses-02/dwi/sub-027_ses-02_run-02_dwi.nii.gz	385.0	385.0	385.0	PASS
sub-027_ses-02_run-05_dwi	sub-027	ses-02	run-05	/lustre07/scratch/alexrees/bids/sub-027/ses-02/dwi/sub-027_ses-02_run-05_dwi.nii.gz	15.0	15.0	15.0	PASS
sub-028_ses-01_run-01_dwi	sub-028	ses-01	run-01	/lustre07/scratch/alexrees/bids/sub-028/ses-01/dwi/sub-028_ses-01_run-01_dwi.nii.gz	307.0	307.0	307.0	PASS
sub-028_ses-01_run-02_dwi	sub-028	ses-01	run-02	/lustre07/scratch/alexrees/bids/sub-028/ses-01/dwi/sub-028_ses-01_run-02_dwi.nii.gz	307.0	307.0	307.0	PASS
sub-028_ses-01_run-05_dwi	sub-028	ses-01	run-05	/lustre07/scratch/alexrees/bids/sub-028/ses-01/dwi/sub-028_ses-01_run-05_dwi.nii.gz	15.0	15.0	15.0	PASS
sub-028_ses-02_run-01_dwi	sub-028	ses-02	run-01	/lustre07/scratch/alexrees/bids/sub-028/ses-02/dwi/sub-028_ses-02_run-01_dwi.nii.gz	385.0	385.0	385.0	PASS
sub-028_ses-02_run-02_dwi	sub-028	ses-02	run-02	/lustre07/scratch/alexrees/bids/sub-028/ses-02/dwi/sub-028_ses-02_run-02_dwi.nii.gz	385.0	385.0	385.0	PASS
sub-028_ses-02_run-05_dwi	sub-028	ses-02	run-05	/lustre07/scratch/alexrees/bids/sub-028/ses-02/dwi/sub-028_ses-02_run-05_dwi.nii.gz	15.0	15.0	15.0	PASS
sub-029_ses-01_run-01_dwi	sub-029	ses-01	run-01	/lustre07/scratch/alexrees/bids/sub-029/ses-01/dwi/sub-029_ses-01_run-01_dwi.nii.gz	385.0	385.0	385.0	PASS
sub-029_ses-01_run-02_dwi	sub-029	ses-01	run-02	/lustre07/scratch/alexrees/bids/sub-029/ses-01/dwi/sub-029_ses-01_run-02_dwi.nii.gz	385.0	385.0	385.0	PASS
sub-029_ses-01_run-05_dwi	sub-029	ses-01	run-05	/lustre07/scratch/alexrees/bids/sub-029/ses-01/dwi/sub-029_ses-01_run-05_dwi.nii.gz	15.0	15.0	15.0	PASS
sub-029_ses-02_run-01_dwi	sub-029	ses-02	run-01	/lustre07/scratch/alexrees/bids/sub-029/ses-02/dwi/sub-029_ses-02_run-01_dwi.nii.gz	385.0	385.0	385.0	PASS
sub-029_ses-02_run-02_dwi	sub-029	ses-02	run-02	/lustre07/scratch/alexrees/bids/sub-029/ses-02/dwi/sub-029_ses-02_run-02_dwi.nii.gz	385.0	385.0	385.0	PASS
sub-029_ses-02_run-05_dwi	sub-029	ses-02	run-05	/lustre07/scratch/alexrees/bids/sub-029/ses-02/dwi/sub-029_ses-02_run-05_dwi.nii.gz	15.0	15.0	15.0	PASS
sub-030_ses-01_run-01_dwi	sub-030	ses-01	run-01	/lustre07/scratch/alexrees/bids/sub-030/ses-01/dwi/sub-030_ses-01_run-01_dwi.nii.gz	385.0	385.0	385.0	PASS
sub-030_ses-01_run-02_dwi	sub-030	ses-01	run-02	/lustre07/scratch/alexrees/bids/sub-030/ses-01/dwi/sub-030_ses-01_run-02_dwi.nii.gz	385.0	385.0	385.0	PASS
sub-030_ses-01_run-05_dwi	sub-030	ses-01	run-05	/lustre07/scratch/alexrees/bids/sub-030/ses-01/dwi/sub-030_ses-01_run-05_dwi.nii.gz	15.0	15.0	15.0	PASS
sub-030_ses-02_run-01_dwi	sub-030	ses-02	run-01	/lustre07/scratch/alexrees/bids/sub-030/ses-02/dwi/sub-030_ses-02_run-01_dwi.nii.gz	385.0	385.0	385.0	PASS
sub-030_ses-02_run-02_dwi	sub-030	ses-02	run-02	/lustre07/scratch/alexrees/bids/sub-030/ses-02/dwi/sub-030_ses-02_run-02_dwi.nii.gz	385.0	385.0	385.0	PASS
sub-030_ses-02_run-05_dwi	sub-030	ses-02	run-05	/lustre07/scratch/alexrees/bids/sub-030/ses-02/dwi/sub-030_ses-02_run-05_dwi.nii.gz	15.0	15.0	15.0	PASS
sub-031_ses-01_run-01_dwi	sub-031	ses-01	run-01	/lustre07/scratch/alexrees/bids/sub-031/ses-01/dwi/sub-031_ses-01_run-01_dwi.nii.gz	385.0	385.0	385.0	PASS
sub-031_ses-01_run-02_dwi	sub-031	ses-01	run-02	/lustre07/scratch/alexrees/bids/sub-031/ses-01/dwi/sub-031_ses-01_run-02_dwi.nii.gz	385.0	385.0	385.0	PASS
sub-031_ses-01_run-05_dwi	sub-031	ses-01	run-05	/lustre07/scratch/alexrees/bids/sub-031/ses-01/dwi/sub-031_ses-01_run-05_dwi.nii.gz	15.0	15.0	15.0	PASS
sub-031_ses-02_run-01_dwi	sub-031	ses-02	run-01	/lustre07/scratch/alexrees/bids/sub-031/ses-02/dwi/sub-031_ses-02_run-01_dwi.nii.gz	385.0	385.0	385.0	PASS
sub-031_ses-02_run-02_dwi	sub-031	ses-02	run-02	/lustre07/scratch/alexrees/bids/sub-031/ses-02/dwi/sub-031_ses-02_run-02_dwi.nii.gz	385.0	385.0	385.0	PASS
sub-031_ses-02_run-05_dwi	sub-031	ses-02	run-05	/lustre07/scratch/alexrees/bids/sub-031/ses-02/dwi/sub-031_ses-02_run-05_dwi.nii.gz	15.0	15.0	15.0	PASS
sub-032_ses-01_run-01_dwi	sub-032	ses-01	run-01	/lustre07/scratch/alexrees/bids/sub-032/ses-01/dwi/sub-032_ses-01_run-01_dwi.nii.gz	385.0	385.0	385.0	PASS
sub-032_ses-01_run-02_dwi	sub-032	ses-01	run-02	/lustre07/scratch/alexrees/bids/sub-032/ses-01/dwi/sub-032_ses-01_run-02_dwi.nii.gz	385.0	385.0	385.0	PASS
sub-032_ses-01_run-05_dwi	sub-032	ses-01	run-05	/lustre07/scratch/alexrees/bids/sub-032/ses-01/dwi/sub-032_ses-01_run-05_dwi.nii.gz	15.0	15.0	15.0	PASS
sub-033_ses-01_run-01_dwi	sub-033	ses-01	run-01	/lustre07/scratch/alexrees/bids/sub-033/ses-01/dwi/sub-033_ses-01_run-01_dwi.nii.gz	27.0	27.0	27.0	PASS
sub-033_ses-01_run-02_dwi	sub-033	ses-01	run-02	/lustre07/scratch/alexrees/bids/sub-033/ses-01/dwi/sub-033_ses-01_run-02_dwi.nii.gz	27.0	27.0	27.0	PASS
sub-034_ses-01_run-01_dwi	sub-034	ses-01	run-01	/lustre07/scratch/alexrees/bids/sub-034/ses-01/dwi/sub-034_ses-01_run-01_dwi.nii.gz	385.0	385.0	385.0	PASS
sub-034_ses-01_run-02_dwi	sub-034	ses-01	run-02	/lustre07/scratch/alexrees/bids/sub-034/ses-01/dwi/sub-034_ses-01_run-02_dwi.nii.gz	385.0	385.0	385.0	PASS
sub-034_ses-01_run-05_dwi	sub-034	ses-01	run-05	/lustre07/scratch/alexrees/bids/sub-034/ses-01/dwi/sub-034_ses-01_run-05_dwi.nii.gz	15.0	15.0	15.0	PASS
sub-034_ses-02_run-01_dwi	sub-034	ses-02	run-01	/lustre07/scratch/alexrees/bids/sub-034/ses-02/dwi/sub-034_ses-02_run-01_dwi.nii.gz	385.0	385.0	385.0	PASS
sub-034_ses-02_run-02_dwi	sub-034	ses-02	run-02	/lustre07/scratch/alexrees/bids/sub-034/ses-02/dwi/sub-034_ses-02_run-02_dwi.nii.gz	385.0	385.0	385.0	PASS
sub-034_ses-02_run-05_dwi	sub-034	ses-02	run-05	/lustre07/scratch/alexrees/bids/sub-034/ses-02/dwi/sub-034_ses-02_run-05_dwi.nii.gz	15.0	15.0	15.0	PASS
sub-035_ses-01_run-01_dwi	sub-035	ses-01	run-01	/lustre07/scratch/alexrees/bids/sub-035/ses-01/dwi/sub-035_ses-01_run-01_dwi.nii.gz	385.0	385.0	385.0	PASS
sub-035_ses-01_run-02_dwi	sub-035	ses-01	run-02	/lustre07/scratch/alexrees/bids/sub-035/ses-01/dwi/sub-035_ses-01_run-02_dwi.nii.gz	385.0	385.0	385.0	PASS
sub-035_ses-01_run-05_dwi	sub-035	ses-01	run-05	/lustre07/scratch/alexrees/bids/sub-035/ses-01/dwi/sub-035_ses-01_run-05_dwi.nii.gz	15.0	15.0	15.0	PASS
sub-035_ses-02_run-01_dwi	sub-035	ses-02	run-01	/lustre07/scratch/alexrees/bids/sub-035/ses-02/dwi/sub-035_ses-02_run-01_dwi.nii.gz	385.0	385.0	385.0	PASS
sub-035_ses-02_run-02_dwi	sub-035	ses-02	run-02	/lustre07/scratch/alexrees/bids/sub-035/ses-02/dwi/sub-035_ses-02_run-02_dwi.nii.gz	385.0	385.0	385.0	PASS
sub-035_ses-02_run-05_dwi	sub-035	ses-02	run-05	/lustre07/scratch/alexrees/bids/sub-035/ses-02/dwi/sub-035_ses-02_run-05_dwi.nii.gz	15.0	15.0	15.0	PASS
sub-036_ses-01_run-01_dwi	sub-036	ses-01	run-01	/lustre07/scratch/alexrees/bids/sub-036/ses-01/dwi/sub-036_ses-01_run-01_dwi.nii.gz	385.0	385.0	385.0	PASS
sub-036_ses-01_run-02_dwi	sub-036	ses-01	run-02	/lustre07/scratch/alexrees/bids/sub-036/ses-01/dwi/sub-036_ses-01_run-02_dwi.nii.gz	385.0	385.0	385.0	PASS
sub-036_ses-01_run-05_dwi	sub-036	ses-01	run-05	/lustre07/scratch/alexrees/bids/sub-036/ses-01/dwi/sub-036_ses-01_run-05_dwi.nii.gz	15.0	15.0	15.0	PASS
sub-036_ses-02_run-01_dwi	sub-036	ses-02	run-01	/lustre07/scratch/alexrees/bids/sub-036/ses-02/dwi/sub-036_ses-02_run-01_dwi.nii.gz	385.0	385.0	385.0	PASS
sub-036_ses-02_run-02_dwi	sub-036	ses-02	run-02	/lustre07/scratch/alexrees/bids/sub-036/ses-02/dwi/sub-036_ses-02_run-02_dwi.nii.gz	385.0	385.0	385.0	PASS
sub-036_ses-02_run-05_dwi	sub-036	ses-02	run-05	/lustre07/scratch/alexrees/bids/sub-036/ses-02/dwi/sub-036_ses-02_run-05_dwi.nii.gz	15.0	15.0	15.0	PASS
sub-037_ses-01_run-01_dwi	sub-037	ses-01	run-01	/lustre07/scratch/alexrees/bids/sub-037/ses-01/dwi/sub-037_ses-01_run-01_dwi.nii.gz	385.0	385.0	385.0	PASS
sub-037_ses-01_run-02_dwi	sub-037	ses-01	run-02	/lustre07/scratch/alexrees/bids/sub-037/ses-01/dwi/sub-037_ses-01_run-02_dwi.nii.gz	385.0	385.0	385.0	PASS
sub-037_ses-01_run-05_dwi	sub-037	ses-01	run-05	/lustre07/scratch/alexrees/bids/sub-037/ses-01/dwi/sub-037_ses-01_run-05_dwi.nii.gz	15.0	15.0	15.0	PASS
sub-038_ses-01_run-01_dwi	sub-038	ses-01	run-01	/lustre07/scratch/alexrees/bids/sub-038/ses-01/dwi/sub-038_ses-01_run-01_dwi.nii.gz	385.0	385.0	385.0	PASS
sub-038_ses-01_run-02_dwi	sub-038	ses-01	run-02	/lustre07/scratch/alexrees/bids/sub-038/ses-01/dwi/sub-038_ses-01_run-02_dwi.nii.gz	385.0	385.0	385.0	PASS
sub-038_ses-01_run-05_dwi	sub-038	ses-01	run-05	/lustre07/scratch/alexrees/bids/sub-038/ses-01/dwi/sub-038_ses-01_run-05_dwi.nii.gz	15.0	15.0	15.0	PASS
sub-038_ses-02_run-01_dwi	sub-038	ses-02	run-01	/lustre07/scratch/alexrees/bids/sub-038/ses-02/dwi/sub-038_ses-02_run-01_dwi.nii.gz	385.0	385.0	385.0	PASS
sub-038_ses-02_run-02_dwi	sub-038	ses-02	run-02	/lustre07/scratch/alexrees/bids/sub-038/ses-02/dwi/sub-038_ses-02_run-02_dwi.nii.gz	385.0	385.0	385.0	PASS
sub-038_ses-02_run-05_dwi	sub-038	ses-02	run-05	/lustre07/scratch/alexrees/bids/sub-038/ses-02/dwi/sub-038_ses-02_run-05_dwi.nii.gz	15.0	15.0	15.0	PASS
sub-039_ses-01_run-01_dwi	sub-039	ses-01	run-01	/lustre07/scratch/alexrees/bids/sub-039/ses-01/dwi/sub-039_ses-01_run-01_dwi.nii.gz	385.0	385.0	385.0	PASS
sub-039_ses-01_run-02_dwi	sub-039	ses-01	run-02	/lustre07/scratch/alexrees/bids/sub-039/ses-01/dwi/sub-039_ses-01_run-02_dwi.nii.gz	385.0	385.0	385.0	PASS
sub-039_ses-01_run-05_dwi	sub-039	ses-01	run-05	/lustre07/scratch/alexrees/bids/sub-039/ses-01/dwi/sub-039_ses-01_run-05_dwi.nii.gz	15.0	15.0	15.0	PASS
sub-039_ses-02_run-01_dwi	sub-039	ses-02	run-01	/lustre07/scratch/alexrees/bids/sub-039/ses-02/dwi/sub-039_ses-02_run-01_dwi.nii.gz	385.0	385.0	385.0	PASS
sub-039_ses-02_run-02_dwi	sub-039	ses-02	run-02	/lustre07/scratch/alexrees/bids/sub-039/ses-02/dwi/sub-039_ses-02_run-02_dwi.nii.gz	385.0	385.0	385.0	PASS
sub-039_ses-02_run-05_dwi	sub-039	ses-02	run-05	/lustre07/scratch/alexrees/bids/sub-039/ses-02/dwi/sub-039_ses-02_run-05_dwi.nii.gz	15.0	15.0	15.0	PASS
sub-040_ses-01_run-01_dwi	sub-040	ses-01	run-01	/lustre07/scratch/alexrees/bids/sub-040/ses-01/dwi/sub-040_ses-01_run-01_dwi.nii.gz	385.0	385.0	385.0	PASS
sub-040_ses-01_run-02_dwi	sub-040	ses-01	run-02	/lustre07/scratch/alexrees/bids/sub-040/ses-01/dwi/sub-040_ses-01_run-02_dwi.nii.gz	385.0	385.0	385.0	PASS
sub-040_ses-01_run-05_dwi	sub-040	ses-01	run-05	/lustre07/scratch/alexrees/bids/sub-040/ses-01/dwi/sub-040_ses-01_run-05_dwi.nii.gz	15.0	15.0	15.0	PASS
sub-040_ses-02_run-01_dwi	sub-040	ses-02	run-01	/lustre07/scratch/alexrees/bids/sub-040/ses-02/dwi/sub-040_ses-02_run-01_dwi.nii.gz	385.0	385.0	385.0	PASS
sub-040_ses-02_run-02_dwi	sub-040	ses-02	run-02	/lustre07/scratch/alexrees/bids/sub-040/ses-02/dwi/sub-040_ses-02_run-02_dwi.nii.gz	385.0	385.0	385.0	PASS
sub-040_ses-02_run-05_dwi	sub-040	ses-02	run-05	/lustre07/scratch/alexrees/bids/sub-040/ses-02/dwi/sub-040_ses-02_run-05_dwi.nii.gz	15.0	15.0	15.0	PASS
sub-041_ses-01_run-01_dwi	sub-041	ses-01	run-01	/lustre07/scratch/alexrees/bids/sub-041/ses-01/dwi/sub-041_ses-01_run-01_dwi.nii.gz	385.0	385.0	385.0	PASS
sub-041_ses-01_run-02_dwi	sub-041	ses-01	run-02	/lustre07/scratch/alexrees/bids/sub-041/ses-01/dwi/sub-041_ses-01_run-02_dwi.nii.gz	385.0	385.0	385.0	PASS
sub-041_ses-01_run-05_dwi	sub-041	ses-01	run-05	/lustre07/scratch/alexrees/bids/sub-041/ses-01/dwi/sub-041_ses-01_run-05_dwi.nii.gz	15.0	15.0	15.0	PASS
sub-041_ses-02_run-01_dwi	sub-041	ses-02	run-01	/lustre07/scratch/alexrees/bids/sub-041/ses-02/dwi/sub-041_ses-02_run-01_dwi.nii.gz	385.0	385.0	385.0	PASS
sub-041_ses-02_run-02_dwi	sub-041	ses-02	run-02	/lustre07/scratch/alexrees/bids/sub-041/ses-02/dwi/sub-041_ses-02_run-02_dwi.nii.gz	385.0	385.0	385.0	PASS
sub-041_ses-02_run-05_dwi	sub-041	ses-02	run-05	/lustre07/scratch/alexrees/bids/sub-041/ses-02/dwi/sub-041_ses-02_run-05_dwi.nii.gz	15.0	15.0	15.0	PASS
sub-042_ses-01_run-01_dwi	sub-042	ses-01	run-01	/lustre07/scratch/alexrees/bids/sub-042/ses-01/dwi/sub-042_ses-01_run-01_dwi.nii.gz	385.0	385.0	385.0	PASS
sub-042_ses-01_run-02_dwi	sub-042	ses-01	run-02	/lustre07/scratch/alexrees/bids/sub-042/ses-01/dwi/sub-042_ses-01_run-02_dwi.nii.gz	385.0	385.0	385.0	PASS
sub-042_ses-01_run-05_dwi	sub-042	ses-01	run-05	/lustre07/scratch/alexrees/bids/sub-042/ses-01/dwi/sub-042_ses-01_run-05_dwi.nii.gz	15.0	15.0	15.0	PASS
sub-043_ses-02_run-01_dwi	sub-043	ses-02	run-01	/lustre07/scratch/alexrees/bids/sub-043/ses-02/dwi/sub-043_ses-02_run-01_dwi.nii.gz	385.0	385.0	385.0	PASS
sub-043_ses-02_run-02_dwi	sub-043	ses-02	run-02	/lustre07/scratch/alexrees/bids/sub-043/ses-02/dwi/sub-043_ses-02_run-02_dwi.nii.gz	385.0	385.0	385.0	PASS
sub-043_ses-02_run-03_dwi	sub-043	ses-02	run-03	/lustre07/scratch/alexrees/bids/sub-043/ses-02/dwi/sub-043_ses-02_run-03_dwi.nii.gz	385.0	385.0	385.0	PASS
sub-043_ses-02_run-04_dwi	sub-043	ses-02	run-04	/lustre07/scratch/alexrees/bids/sub-043/ses-02/dwi/sub-043_ses-02_run-04_dwi.nii.gz	385.0	385.0	385.0	PASS
sub-043_ses-02_run-09_dwi	sub-043	ses-02	run-09	/lustre07/scratch/alexrees/bids/sub-043/ses-02/dwi/sub-043_ses-02_run-09_dwi.nii.gz	15.0	15.0	15.0	PASS
sub-043_ses-02_run-10_dwi	sub-043	ses-02	run-10	/lustre07/scratch/alexrees/bids/sub-043/ses-02/dwi/sub-043_ses-02_run-10_dwi.nii.gz	15.0	15.0	15.0	PASS
sub-044_ses-01_run-01_dwi	sub-044	ses-01	run-01	/lustre07/scratch/alexrees/bids/sub-044/ses-01/dwi/sub-044_ses-01_run-01_dwi.nii.gz	385.0	385.0	385.0	PASS
sub-044_ses-01_run-02_dwi	sub-044	ses-01	run-02	/lustre07/scratch/alexrees/bids/sub-044/ses-01/dwi/sub-044_ses-01_run-02_dwi.nii.gz	385.0	385.0	385.0	PASS
sub-044_ses-01_run-05_dwi	sub-044	ses-01	run-05	/lustre07/scratch/alexrees/bids/sub-044/ses-01/dwi/sub-044_ses-01_run-05_dwi.nii.gz	15.0	15.0	15.0	PASS
sub-044_ses-02_run-01_dwi	sub-044	ses-02	run-01	/lustre07/scratch/alexrees/bids/sub-044/ses-02/dwi/sub-044_ses-02_run-01_dwi.nii.gz	385.0	385.0	385.0	PASS
sub-044_ses-02_run-02_dwi	sub-044	ses-02	run-02	/lustre07/scratch/alexrees/bids/sub-044/ses-02/dwi/sub-044_ses-02_run-02_dwi.nii.gz	385.0	385.0	385.0	PASS
sub-044_ses-02_run-05_dwi	sub-044	ses-02	run-05	/lustre07/scratch/alexrees/bids/sub-044/ses-02/dwi/sub-044_ses-02_run-05_dwi.nii.gz	15.0	15.0	15.0	PASS
sub-045_ses-01_run-01_dwi	sub-045	ses-01	run-01	/lustre07/scratch/alexrees/bids/sub-045/ses-01/dwi/sub-045_ses-01_run-01_dwi.nii.gz	385.0	385.0	385.0	PASS
sub-045_ses-01_run-02_dwi	sub-045	ses-01	run-02	/lustre07/scratch/alexrees/bids/sub-045/ses-01/dwi/sub-045_ses-01_run-02_dwi.nii.gz	385.0	385.0	385.0	PASS
sub-045_ses-01_run-05_dwi	sub-045	ses-01	run-05	/lustre07/scratch/alexrees/bids/sub-045/ses-01/dwi/sub-045_ses-01_run-05_dwi.nii.gz	15.0	15.0	15.0	PASS
sub-046_ses-01_run-01_dwi	sub-046	ses-01	run-01	/lustre07/scratch/alexrees/bids/sub-046/ses-01/dwi/sub-046_ses-01_run-01_dwi.nii.gz	385.0	385.0	385.0	PASS
sub-046_ses-01_run-02_dwi	sub-046	ses-01	run-02	/lustre07/scratch/alexrees/bids/sub-046/ses-01/dwi/sub-046_ses-01_run-02_dwi.nii.gz	385.0	385.0	385.0	PASS
sub-046_ses-01_run-05_dwi	sub-046	ses-01	run-05	/lustre07/scratch/alexrees/bids/sub-046/ses-01/dwi/sub-046_ses-01_run-05_dwi.nii.gz	15.0	15.0	15.0	PASS
sub-046_ses-02_run-01_dwi	sub-046	ses-02	run-01	/lustre07/scratch/alexrees/bids/sub-046/ses-02/dwi/sub-046_ses-02_run-01_dwi.nii.gz	385.0	385.0	385.0	PASS
sub-046_ses-02_run-02_dwi	sub-046	ses-02	run-02	/lustre07/scratch/alexrees/bids/sub-046/ses-02/dwi/sub-046_ses-02_run-02_dwi.nii.gz	385.0	385.0	385.0	PASS
sub-046_ses-02_run-05_dwi	sub-046	ses-02	run-05	/lustre07/scratch/alexrees/bids/sub-046/ses-02/dwi/sub-046_ses-02_run-05_dwi.nii.gz	15.0	15.0	15.0	PASS
sub-047_ses-01_run-01_dwi	sub-047	ses-01	run-01	/lustre07/scratch/alexrees/bids/sub-047/ses-01/dwi/sub-047_ses-01_run-01_dwi.nii.gz	124.0	124.0	124.0	PASS
sub-047_ses-01_run-02_dwi	sub-047	ses-01	run-02	/lustre07/scratch/alexrees/bids/sub-047/ses-01/dwi/sub-047_ses-01_run-02_dwi.nii.gz	124.0	124.0	124.0	PASS
sub-047_ses-01_run-03_dwi	sub-047	ses-01	run-03	/lustre07/scratch/alexrees/bids/sub-047/ses-01/dwi/sub-047_ses-01_run-03_dwi.nii.gz	385.0	385.0	385.0	PASS
sub-047_ses-01_run-04_dwi	sub-047	ses-01	run-04	/lustre07/scratch/alexrees/bids/sub-047/ses-01/dwi/sub-047_ses-01_run-04_dwi.nii.gz	385.0	385.0	385.0	PASS
sub-047_ses-01_run-07_dwi	sub-047	ses-01	run-07	/lustre07/scratch/alexrees/bids/sub-047/ses-01/dwi/sub-047_ses-01_run-07_dwi.nii.gz	15.0	15.0	15.0	PASS
sub-047_ses-02_run-01_dwi	sub-047	ses-02	run-01	/lustre07/scratch/alexrees/bids/sub-047/ses-02/dwi/sub-047_ses-02_run-01_dwi.nii.gz	385.0	385.0	385.0	PASS
sub-047_ses-02_run-02_dwi	sub-047	ses-02	run-02	/lustre07/scratch/alexrees/bids/sub-047/ses-02/dwi/sub-047_ses-02_run-02_dwi.nii.gz	385.0	385.0	385.0	PASS
sub-047_ses-02_run-05_dwi	sub-047	ses-02	run-05	/lustre07/scratch/alexrees/bids/sub-047/ses-02/dwi/sub-047_ses-02_run-05_dwi.nii.gz	15.0	15.0	15.0	PASS
sub-048_ses-01_run-01_dwi	sub-048	ses-01	run-01	/lustre07/scratch/alexrees/bids/sub-048/ses-01/dwi/sub-048_ses-01_run-01_dwi.nii.gz	385.0	385.0	385.0	PASS
sub-048_ses-01_run-02_dwi	sub-048	ses-01	run-02	/lustre07/scratch/alexrees/bids/sub-048/ses-01/dwi/sub-048_ses-01_run-02_dwi.nii.gz	385.0	385.0	385.0	PASS
sub-048_ses-01_run-05_dwi	sub-048	ses-01	run-05	/lustre07/scratch/alexrees/bids/sub-048/ses-01/dwi/sub-048_ses-01_run-05_dwi.nii.gz	15.0	15.0	15.0	PASS
sub-048_ses-02_run-01_dwi	sub-048	ses-02	run-01	/lustre07/scratch/alexrees/bids/sub-048/ses-02/dwi/sub-048_ses-02_run-01_dwi.nii.gz	385.0	385.0	385.0	PASS
sub-048_ses-02_run-02_dwi	sub-048	ses-02	run-02	/lustre07/scratch/alexrees/bids/sub-048/ses-02/dwi/sub-048_ses-02_run-02_dwi.nii.gz	385.0	385.0	385.0	PASS
sub-048_ses-02_run-05_dwi	sub-048	ses-02	run-05	/lustre07/scratch/alexrees/bids/sub-048/ses-02/dwi/sub-048_ses-02_run-05_dwi.nii.gz	15.0	15.0	15.0	PASS
sub-049_ses-01_run-01_dwi	sub-049	ses-01	run-01	/lustre07/scratch/alexrees/bids/sub-049/ses-01/dwi/sub-049_ses-01_run-01_dwi.nii.gz	385.0	385.0	385.0	PASS
sub-049_ses-01_run-02_dwi	sub-049	ses-01	run-02	/lustre07/scratch/alexrees/bids/sub-049/ses-01/dwi/sub-049_ses-01_run-02_dwi.nii.gz	385.0	385.0	385.0	PASS
sub-049_ses-01_run-05_dwi	sub-049	ses-01	run-05	/lustre07/scratch/alexrees/bids/sub-049/ses-01/dwi/sub-049_ses-01_run-05_dwi.nii.gz	15.0	15.0	15.0	PASS
sub-050_ses-01_run-01_dwi	sub-050	ses-01	run-01	/lustre07/scratch/alexrees/bids/sub-050/ses-01/dwi/sub-050_ses-01_run-01_dwi.nii.gz	385.0	385.0	385.0	PASS
sub-050_ses-01_run-02_dwi	sub-050	ses-01	run-02	/lustre07/scratch/alexrees/bids/sub-050/ses-01/dwi/sub-050_ses-01_run-02_dwi.nii.gz	385.0	385.0	385.0	PASS
sub-050_ses-01_run-05_dwi	sub-050	ses-01	run-05	/lustre07/scratch/alexrees/bids/sub-050/ses-01/dwi/sub-050_ses-01_run-05_dwi.nii.gz	15.0	15.0	15.0	PASS
sub-051_ses-01_run-01_dwi	sub-051	ses-01	run-01	/lustre07/scratch/alexrees/bids/sub-051/ses-01/dwi/sub-051_ses-01_run-01_dwi.nii.gz	385.0	385.0	385.0	PASS
sub-051_ses-01_run-02_dwi	sub-051	ses-01	run-02	/lustre07/scratch/alexrees/bids/sub-051/ses-01/dwi/sub-051_ses-01_run-02_dwi.nii.gz	385.0	385.0	385.0	PASS
sub-051_ses-01_run-05_dwi	sub-051	ses-01	run-05	/lustre07/scratch/alexrees/bids/sub-051/ses-01/dwi/sub-051_ses-01_run-05_dwi.nii.gz	15.0	15.0	15.0	PASS
sub-052_ses-01_run-01_dwi	sub-052	ses-01	run-01	/lustre07/scratch/alexrees/bids/sub-052/ses-01/dwi/sub-052_ses-01_run-01_dwi.nii.gz	385.0	385.0	385.0	PASS
sub-052_ses-01_run-02_dwi	sub-052	ses-01	run-02	/lustre07/scratch/alexrees/bids/sub-052/ses-01/dwi/sub-052_ses-01_run-02_dwi.nii.gz	385.0	385.0	385.0	PASS
sub-052_ses-01_run-05_dwi	sub-052	ses-01	run-05	/lustre07/scratch/alexrees/bids/sub-052/ses-01/dwi/sub-052_ses-01_run-05_dwi.nii.gz	15.0	15.0	15.0	PASS
sub-052_ses-02_run-01_dwi	sub-052	ses-02	run-01	/lustre07/scratch/alexrees/bids/sub-052/ses-02/dwi/sub-052_ses-02_run-01_dwi.nii.gz	385.0	385.0	385.0	PASS
sub-052_ses-02_run-02_dwi	sub-052	ses-02	run-02	/lustre07/scratch/alexrees/bids/sub-052/ses-02/dwi/sub-052_ses-02_run-02_dwi.nii.gz	385.0	385.0	385.0	PASS
sub-052_ses-02_run-05_dwi	sub-052	ses-02	run-05	/lustre07/scratch/alexrees/bids/sub-052/ses-02/dwi/sub-052_ses-02_run-05_dwi.nii.gz	15.0	15.0	15.0	PASS
sub-053_ses-01_run-01_dwi	sub-053	ses-01	run-01	/lustre07/scratch/alexrees/bids/sub-053/ses-01/dwi/sub-053_ses-01_run-01_dwi.nii.gz	385.0	385.0	385.0	PASS
sub-053_ses-01_run-02_dwi	sub-053	ses-01	run-02	/lustre07/scratch/alexrees/bids/sub-053/ses-01/dwi/sub-053_ses-01_run-02_dwi.nii.gz	385.0	385.0	385.0	PASS
sub-053_ses-01_run-05_dwi	sub-053	ses-01	run-05	/lustre07/scratch/alexrees/bids/sub-053/ses-01/dwi/sub-053_ses-01_run-05_dwi.nii.gz	15.0	15.0	15.0	PASS
sub-054_ses-01_run-01_dwi	sub-054	ses-01	run-01	/lustre07/scratch/alexrees/bids/sub-054/ses-01/dwi/sub-054_ses-01_run-01_dwi.nii.gz	385.0	385.0	385.0	PASS
sub-054_ses-01_run-02_dwi	sub-054	ses-01	run-02	/lustre07/scratch/alexrees/bids/sub-054/ses-01/dwi/sub-054_ses-01_run-02_dwi.nii.gz	385.0	385.0	385.0	PASS
sub-054_ses-01_run-05_dwi	sub-054	ses-01	run-05	/lustre07/scratch/alexrees/bids/sub-054/ses-01/dwi/sub-054_ses-01_run-05_dwi.nii.gz	15.0	15.0	15.0	PASS
sub-054_ses-02_run-01_dwi	sub-054	ses-02	run-01	/lustre07/scratch/alexrees/bids/sub-054/ses-02/dwi/sub-054_ses-02_run-01_dwi.nii.gz	385.0	385.0	385.0	PASS
sub-054_ses-02_run-05_dwi	sub-054	ses-02	run-05	/lustre07/scratch/alexrees/bids/sub-054/ses-02/dwi/sub-054_ses-02_run-05_dwi.nii.gz	15.0	15.0	15.0	PASS
sub-056_ses-01_run-01_dwi	sub-056	ses-01	run-01	/lustre07/scratch/alexrees/bids/sub-056/ses-01/dwi/sub-056_ses-01_run-01_dwi.nii.gz	385.0	385.0	385.0	PASS
sub-056_ses-01_run-05_dwi	sub-056	ses-01	run-05	/lustre07/scratch/alexrees/bids/sub-056/ses-01/dwi/sub-056_ses-01_run-05_dwi.nii.gz	15.0	15.0	15.0	PASS
sub-057_ses-01_run-01_dwi	sub-057	ses-01	run-01	/lustre07/scratch/alexrees/bids/sub-057/ses-01/dwi/sub-057_ses-01_run-01_dwi.nii.gz	385.0	385.0	385.0	PASS
sub-057_ses-01_run-02_dwi	sub-057	ses-01	run-02	/lustre07/scratch/alexrees/bids/sub-057/ses-01/dwi/sub-057_ses-01_run-02_dwi.nii.gz	385.0	385.0	385.0	PASS
sub-057_ses-01_run-05_dwi	sub-057	ses-01	run-05	/lustre07/scratch/alexrees/bids/sub-057/ses-01/dwi/sub-057_ses-01_run-05_dwi.nii.gz	15.0	15.0	15.0	PASS
sub-058_ses-01_run-01_dwi	sub-058	ses-01	run-01	/lustre07/scratch/alexrees/bids/sub-058/ses-01/dwi/sub-058_ses-01_run-01_dwi.nii.gz	385.0	385.0	385.0	PASS
sub-058_ses-01_run-02_dwi	sub-058	ses-01	run-02	/lustre07/scratch/alexrees/bids/sub-058/ses-01/dwi/sub-058_ses-01_run-02_dwi.nii.gz	385.0	385.0	385.0	PASS
sub-058_ses-01_run-05_dwi	sub-058	ses-01	run-05	/lustre07/scratch/alexrees/bids/sub-058/ses-01/dwi/sub-058_ses-01_run-05_dwi.nii.gz	15.0	15.0	15.0	PASS
sub-059_ses-01_run-01_dwi	sub-059	ses-01	run-01	/lustre07/scratch/alexrees/bids/sub-059/ses-01/dwi/sub-059_ses-01_run-01_dwi.nii.gz	385.0	385.0	385.0	PASS
sub-059_ses-01_run-02_dwi	sub-059	ses-01	run-02	/lustre07/scratch/alexrees/bids/sub-059/ses-01/dwi/sub-059_ses-01_run-02_dwi.nii.gz	385.0	385.0	385.0	PASS
sub-059_ses-01_run-05_dwi	sub-059	ses-01	run-05	/lustre07/scratch/alexrees/bids/sub-059/ses-01/dwi/sub-059_ses-01_run-05_dwi.nii.gz	15.0	15.0	15.0	PASS
sub-060_ses-01_run-01_dwi	sub-060	ses-01	run-01	/lustre07/scratch/alexrees/bids/sub-060/ses-01/dwi/sub-060_ses-01_run-01_dwi.nii.gz	385.0	385.0	385.0	PASS
sub-060_ses-01_run-02_dwi	sub-060	ses-01	run-02	/lustre07/scratch/alexrees/bids/sub-060/ses-01/dwi/sub-060_ses-01_run-02_dwi.nii.gz	385.0	385.0	385.0	PASS
sub-060_ses-01_run-05_dwi	sub-060	ses-01	run-05	/lustre07/scratch/alexrees/bids/sub-060/ses-01/dwi/sub-060_ses-01_run-05_dwi.nii.gz	15.0	15.0	15.0	PASS
sub-061_ses-01_run-01_dwi	sub-061	ses-01	run-01	/lustre07/scratch/alexrees/bids/sub-061/ses-01/dwi/sub-061_ses-01_run-01_dwi.nii.gz	385.0	385.0	385.0	PASS
sub-061_ses-01_run-05_dwi	sub-061	ses-01	run-05	/lustre07/scratch/alexrees/bids/sub-061/ses-01/dwi/sub-061_ses-01_run-05_dwi.nii.gz	15.0	15.0	15.0	PASS
sub-061_ses-01_run-13_dwi	sub-061	ses-01	run-13	/lustre07/scratch/alexrees/bids/sub-061/ses-01/dwi/sub-061_ses-01_run-13_dwi.nii.gz	15.0	15.0	15.0	PASS
sub-062_ses-01_run-03_dwi	sub-062	ses-01	run-03	/lustre07/scratch/alexrees/bids/sub-062/ses-01/dwi/sub-062_ses-01_run-03_dwi.nii.gz	15.0	15.0	15.0	PASS
sub-062_ses-01_run-11_dwi	sub-062	ses-01	run-11	/lustre07/scratch/alexrees/bids/sub-062/ses-01/dwi/sub-062_ses-01_run-11_dwi.nii.gz	385.0	385.0	385.0	PASS
sub-063_ses-01_run-03_dwi	sub-063	ses-01	run-03	/lustre07/scratch/alexrees/bids/sub-063/ses-01/dwi/sub-063_ses-01_run-03_dwi.nii.gz	15.0	15.0	15.0	PASS
sub-063_ses-01_run-11_dwi	sub-063	ses-01	run-11	/lustre07/scratch/alexrees/bids/sub-063/ses-01/dwi/sub-063_ses-01_run-11_dwi.nii.gz	385.0	385.0	385.0	PASS
sub-064_ses-01_run-01_dwi	sub-064	ses-01	run-01	/lustre07/scratch/alexrees/bids/sub-064/ses-01/dwi/sub-064_ses-01_run-01_dwi.nii.gz	385.0	385.0	385.0	PASS
sub-064_ses-01_run-02_dwi	sub-064	ses-01	run-02	/lustre07/scratch/alexrees/bids/sub-064/ses-01/dwi/sub-064_ses-01_run-02_dwi.nii.gz	385.0	385.0	385.0	PASS
sub-064_ses-01_run-05_dwi	sub-064	ses-01	run-05	/lustre07/scratch/alexrees/bids/sub-064/ses-01/dwi/sub-064_ses-01_run-05_dwi.nii.gz	15.0	15.0	15.0	PASS
sub-065_ses-01_run-01_dwi	sub-065	ses-01	run-01	/lustre07/scratch/alexrees/bids/sub-065/ses-01/dwi/sub-065_ses-01_run-01_dwi.nii.gz	385.0	385.0	385.0	PASS
sub-065_ses-01_run-02_dwi	sub-065	ses-01	run-02	/lustre07/scratch/alexrees/bids/sub-065/ses-01/dwi/sub-065_ses-01_run-02_dwi.nii.gz	385.0	385.0	385.0	PASS
sub-065_ses-01_run-05_dwi	sub-065	ses-01	run-05	/lustre07/scratch/alexrees/bids/sub-065/ses-01/dwi/sub-065_ses-01_run-05_dwi.nii.gz	15.0	15.0	15.0	PASS
sub-066_ses-01_run-01_dwi	sub-066	ses-01	run-01	/lustre07/scratch/alexrees/bids/sub-066/ses-01/dwi/sub-066_ses-01_run-01_dwi.nii.gz	385.0	385.0	385.0	PASS
sub-066_ses-01_run-02_dwi	sub-066	ses-01	run-02	/lustre07/scratch/alexrees/bids/sub-066/ses-01/dwi/sub-066_ses-01_run-02_dwi.nii.gz	385.0	385.0	385.0	PASS
sub-066_ses-01_run-05_dwi	sub-066	ses-01	run-05	/lustre07/scratch/alexrees/bids/sub-066/ses-01/dwi/sub-066_ses-01_run-05_dwi.nii.gz	15.0	15.0	15.0	PASS
sub-067_ses-01_run-01_dwi	sub-067	ses-01	run-01	/lustre07/scratch/alexrees/bids/sub-067/ses-01/dwi/sub-067_ses-01_run-01_dwi.nii.gz	385.0	385.0	385.0	PASS
sub-067_ses-01_run-05_dwi	sub-067	ses-01	run-05	/lustre07/scratch/alexrees/bids/sub-067/ses-01/dwi/sub-067_ses-01_run-05_dwi.nii.gz	15.0	15.0	15.0	PASS
sub-068_ses-01_run-01_dwi	sub-068	ses-01	run-01	/lustre07/scratch/alexrees/bids/sub-068/ses-01/dwi/sub-068_ses-01_run-01_dwi.nii.gz	385.0	385.0	385.0	PASS
sub-068_ses-01_run-02_dwi	sub-068	ses-01	run-02	/lustre07/scratch/alexrees/bids/sub-068/ses-01/dwi/sub-068_ses-01_run-02_dwi.nii.gz	385.0	385.0	385.0	PASS
sub-068_ses-01_run-05_dwi	sub-068	ses-01	run-05	/lustre07/scratch/alexrees/bids/sub-068/ses-01/dwi/sub-068_ses-01_run-05_dwi.nii.gz	15.0	15.0	15.0	PASS
sub-069_ses-01_run-01_dwi	sub-069	ses-01	run-01	/lustre07/scratch/alexrees/bids/sub-069/ses-01/dwi/sub-069_ses-01_run-01_dwi.nii.gz	385.0	385.0	385.0	PASS
sub-069_ses-01_run-02_dwi	sub-069	ses-01	run-02	/lustre07/scratch/alexrees/bids/sub-069/ses-01/dwi/sub-069_ses-01_run-02_dwi.nii.gz	385.0	385.0	385.0	PASS
sub-069_ses-01_run-05_dwi	sub-069	ses-01	run-05	/lustre07/scratch/alexrees/bids/sub-069/ses-01/dwi/sub-069_ses-01_run-05_dwi.nii.gz	15.0	15.0	15.0	PASS
sub-071_ses-01_run-01_dwi	sub-071	ses-01	run-01	/lustre07/scratch/alexrees/bids/sub-071/ses-01/dwi/sub-071_ses-01_run-01_dwi.nii.gz	385.0	385.0	385.0	PASS
sub-071_ses-01_run-02_dwi	sub-071	ses-01	run-02	/lustre07/scratch/alexrees/bids/sub-071/ses-01/dwi/sub-071_ses-01_run-02_dwi.nii.gz	385.0	385.0	385.0	PASS
sub-071_ses-01_run-05_dwi	sub-071	ses-01	run-05	/lustre07/scratch/alexrees/bids/sub-071/ses-01/dwi/sub-071_ses-01_run-05_dwi.nii.gz	15.0	15.0	15.0	PASS
sub-072_ses-01_run-01_dwi	sub-072	ses-01	run-01	/lustre07/scratch/alexrees/bids/sub-072/ses-01/dwi/sub-072_ses-01_run-01_dwi.nii.gz	385.0	385.0	385.0	PASS
sub-072_ses-01_run-02_dwi	sub-072	ses-01	run-02	/lustre07/scratch/alexrees/bids/sub-072/ses-01/dwi/sub-072_ses-01_run-02_dwi.nii.gz	385.0	385.0	385.0	PASS
sub-072_ses-01_run-05_dwi	sub-072	ses-01	run-05	/lustre07/scratch/alexrees/bids/sub-072/ses-01/dwi/sub-072_ses-01_run-05_dwi.nii.gz	15.0	15.0	15.0	PASS
sub-073_ses-01_run-01_dwi	sub-073	ses-01	run-01	/lustre07/scratch/alexrees/bids/sub-073/ses-01/dwi/sub-073_ses-01_run-01_dwi.nii.gz	385.0	385.0	385.0	PASS
sub-073_ses-01_run-02_dwi	sub-073	ses-01	run-02	/lustre07/scratch/alexrees/bids/sub-073/ses-01/dwi/sub-073_ses-01_run-02_dwi.nii.gz	385.0	385.0	385.0	PASS
sub-073_ses-01_run-05_dwi	sub-073	ses-01	run-05	/lustre07/scratch/alexrees/bids/sub-073/ses-01/dwi/sub-073_ses-01_run-05_dwi.nii.gz	15.0	15.0	15.0	PASS
sub-074_ses-01_run-01_dwi	sub-074	ses-01	run-01	/lustre07/scratch/alexrees/bids/sub-074/ses-01/dwi/sub-074_ses-01_run-01_dwi.nii.gz	385.0	385.0	385.0	PASS
sub-074_ses-01_run-02_dwi	sub-074	ses-01	run-02	/lustre07/scratch/alexrees/bids/sub-074/ses-01/dwi/sub-074_ses-01_run-02_dwi.nii.gz	385.0	385.0	385.0	PASS
sub-074_ses-01_run-05_dwi	sub-074	ses-01	run-05	/lustre07/scratch/alexrees/bids/sub-074/ses-01/dwi/sub-074_ses-01_run-05_dwi.nii.gz	15.0	15.0	15.0	PASS
sub-075_ses-01_run-01_dwi	sub-075	ses-01	run-01	/lustre07/scratch/alexrees/bids/sub-075/ses-01/dwi/sub-075_ses-01_run-01_dwi.nii.gz	385.0	385.0	385.0	PASS
sub-075_ses-01_run-02_dwi	sub-075	ses-01	run-02	/lustre07/scratch/alexrees/bids/sub-075/ses-01/dwi/sub-075_ses-01_run-02_dwi.nii.gz	385.0	385.0	385.0	PASS
sub-075_ses-01_run-05_dwi	sub-075	ses-01	run-05	/lustre07/scratch/alexrees/bids/sub-075/ses-01/dwi/sub-075_ses-01_run-05_dwi.nii.gz	15.0	15.0	15.0	PASS
sub-076_ses-01_run-01_dwi	sub-076	ses-01	run-01	/lustre07/scratch/alexrees/bids/sub-076/ses-01/dwi/sub-076_ses-01_run-01_dwi.nii.gz	385.0	385.0	385.0	PASS
sub-076_ses-01_run-02_dwi	sub-076	ses-01	run-02	/lustre07/scratch/alexrees/bids/sub-076/ses-01/dwi/sub-076_ses-01_run-02_dwi.nii.gz	385.0	385.0	385.0	PASS
sub-076_ses-01_run-05_dwi	sub-076	ses-01	run-05	/lustre07/scratch/alexrees/bids/sub-076/ses-01/dwi/sub-076_ses-01_run-05_dwi.nii.gz	15.0	15.0	15.0	PASS
sub-077_ses-01_run-01_dwi	sub-077	ses-01	run-01	/lustre07/scratch/alexrees/bids/sub-077/ses-01/dwi/sub-077_ses-01_run-01_dwi.nii.gz	385.0	385.0	385.0	PASS
sub-077_ses-01_run-02_dwi	sub-077	ses-01	run-02	/lustre07/scratch/alexrees/bids/sub-077/ses-01/dwi/sub-077_ses-01_run-02_dwi.nii.gz	385.0	385.0	385.0	PASS
sub-077_ses-01_run-05_dwi	sub-077	ses-01	run-05	/lustre07/scratch/alexrees/bids/sub-077/ses-01/dwi/sub-077_ses-01_run-05_dwi.nii.gz	15.0	15.0	15.0	PASS
sub-078_ses-01_run-01_dwi	sub-078	ses-01	run-01	/lustre07/scratch/alexrees/bids/sub-078/ses-01/dwi/sub-078_ses-01_run-01_dwi.nii.gz	385.0	385.0	385.0	PASS
sub-078_ses-01_run-02_dwi	sub-078	ses-01	run-02	/lustre07/scratch/alexrees/bids/sub-078/ses-01/dwi/sub-078_ses-01_run-02_dwi.nii.gz	385.0	385.0	385.0	PASS
sub-078_ses-01_run-05_dwi	sub-078	ses-01	run-05	/lustre07/scratch/alexrees/bids/sub-078/ses-01/dwi/sub-078_ses-01_run-05_dwi.nii.gz	15.0	15.0	15.0	PASS
sub-079_ses-01_run-01_dwi	sub-079	ses-01	run-01	/lustre07/scratch/alexrees/bids/sub-079/ses-01/dwi/sub-079_ses-01_run-01_dwi.nii.gz	385.0	385.0	385.0	PASS
sub-079_ses-01_run-02_dwi	sub-079	ses-01	run-02	/lustre07/scratch/alexrees/bids/sub-079/ses-01/dwi/sub-079_ses-01_run-02_dwi.nii.gz	385.0	385.0	385.0	PASS
sub-079_ses-01_run-05_dwi	sub-079	ses-01	run-05	/lustre07/scratch/alexrees/bids/sub-079/ses-01/dwi/sub-079_ses-01_run-05_dwi.nii.gz	15.0	15.0	15.0	PASS
sub-080_ses-01_run-01_dwi	sub-080	ses-01	run-01	/lustre07/scratch/alexrees/bids/sub-080/ses-01/dwi/sub-080_ses-01_run-01_dwi.nii.gz	385.0	385.0	385.0	PASS
sub-080_ses-01_run-02_dwi	sub-080	ses-01	run-02	/lustre07/scratch/alexrees/bids/sub-080/ses-01/dwi/sub-080_ses-01_run-02_dwi.nii.gz	385.0	385.0	385.0	PASS
sub-080_ses-01_run-05_dwi	sub-080	ses-01	run-05	/lustre07/scratch/alexrees/bids/sub-080/ses-01/dwi/sub-080_ses-01_run-05_dwi.nii.gz	15.0	15.0	15.0	PASS
sub-081_ses-01_run-01_dwi	sub-081	ses-01	run-01	/lustre07/scratch/alexrees/bids/sub-081/ses-01/dwi/sub-081_ses-01_run-01_dwi.nii.gz	385.0	385.0	385.0	PASS
sub-081_ses-01_run-02_dwi	sub-081	ses-01	run-02	/lustre07/scratch/alexrees/bids/sub-081/ses-01/dwi/sub-081_ses-01_run-02_dwi.nii.gz	385.0	385.0	385.0	PASS
sub-081_ses-01_run-05_dwi	sub-081	ses-01	run-05	/lustre07/scratch/alexrees/bids/sub-081/ses-01/dwi/sub-081_ses-01_run-05_dwi.nii.gz	15.0	15.0	15.0	PASS
sub-082_ses-01_run-01_dwi	sub-082	ses-01	run-01	/lustre07/scratch/alexrees/bids/sub-082/ses-01/dwi/sub-082_ses-01_run-01_dwi.nii.gz	385.0	385.0	385.0	PASS
sub-082_ses-01_run-02_dwi	sub-082	ses-01	run-02	/lustre07/scratch/alexrees/bids/sub-082/ses-01/dwi/sub-082_ses-01_run-02_dwi.nii.gz	385.0	385.0	385.0	PASS
sub-082_ses-01_run-03_dwi	sub-082	ses-01	run-03	/lustre07/scratch/alexrees/bids/sub-082/ses-01/dwi/sub-082_ses-01_run-03_dwi.nii.gz	15.0	15.0	15.0	PASS
sub-083_ses-01_run-01_dwi	sub-083	ses-01	run-01	/lustre07/scratch/alexrees/bids/sub-083/ses-01/dwi/sub-083_ses-01_run-01_dwi.nii.gz	385.0	385.0	385.0	PASS
sub-083_ses-01_run-02_dwi	sub-083	ses-01	run-02	/lustre07/scratch/alexrees/bids/sub-083/ses-01/dwi/sub-083_ses-01_run-02_dwi.nii.gz	385.0	385.0	385.0	PASS
sub-083_ses-01_run-05_dwi	sub-083	ses-01	run-05	/lustre07/scratch/alexrees/bids/sub-083/ses-01/dwi/sub-083_ses-01_run-05_dwi.nii.gz	15.0	15.0	15.0	PASS
sub-084_ses-01_run-01_dwi	sub-084	ses-01	run-01	/lustre07/scratch/alexrees/bids/sub-084/ses-01/dwi/sub-084_ses-01_run-01_dwi.nii.gz	385.0	385.0	385.0	PASS
sub-084_ses-01_run-02_dwi	sub-084	ses-01	run-02	/lustre07/scratch/alexrees/bids/sub-084/ses-01/dwi/sub-084_ses-01_run-02_dwi.nii.gz	385.0	385.0	385.0	PASS
sub-084_ses-01_run-05_dwi	sub-084	ses-01	run-05	/lustre07/scratch/alexrees/bids/sub-084/ses-01/dwi/sub-084_ses-01_run-05_dwi.nii.gz	15.0	15.0	15.0	PASS
	sub-057	ses-02						
	sub-057	ses-02						
	sub-057	ses-02						
	sub-057	ses-02						
	sub-064	ses-02						
	sub-064	ses-02						
	sub-064	ses-02						
	sub-064	ses-02						
	sub-066	ses-02						
	sub-066	ses-02						
	sub-066	ses-02						
	sub-066	ses-02						
	sub-067	ses-02						
	sub-067	ses-02						
	sub-067	ses-02						
	sub-067	ses-02						
	sub-068	ses-02			385.0	385.0	385.0	PASS
	sub-068	ses-02						
	sub-068	ses-02						
	sub-068	ses-02						
	sub-069	ses-02						
	sub-069	ses-02						
	sub-069	ses-02						
	sub-069	ses-02						
	sub-072	ses-02						
	sub-072	ses-02						
	sub-072	ses-02						
	sub-072	ses-02						
	sub-073	ses-02						
	sub-073	ses-02						
	sub-073	ses-02						
	sub-073	ses-02						
	sub-074	ses-02						
	sub-074	ses-02						
	sub-074	ses-02						
	sub-074	ses-02						
	sub-081	ses-02						
	sub-081	ses-02						
