iqm	PC1	PC2	PC3	PC4	PC5	PC6	PC7	PC8	PC9	PC10	PC11	PC12	PC13	PC14	PC15	PC16	PC17	PC18	PC19	PC20	PC21	PC22	PC23	PC24	PC25	PC26	PC27	PC28	PC29	PC30	PC31	PC32	PC33	PC34	PC35	PC36	PC37	PC38	PC39	PC40	PC41	PC42	PC43	PC44	PC45	PC46	PC47	PC48	PC49	PC50	PC51	PC52	PC53	PC54	PC55	PC56
cjv	0.1922483915	-0.1010188214	0.008209336636	-0.0002671447191	-0.0493555754	-0.02374257708	-0.05386644216	0.008712901631	0.0248799842	0.04671735054	-0.06722964847	-0.06675196934	0.01886163157	-0.2109714067	0.0007932277752	0.04746754792	-0.09857771558	0.02000863962	0.2692146989	-0.124021337	-0.08199057485	0.1133530527	0.1605463773	0.06138810388	0.1397855667	-0.1903918646	0.0454377237	0.09866908695	-0.1894401774	0.1272753616	0.01983768855	-0.2998992149	0.08116799666	-0.1592382683	0.1018320639	-0.3888528467	-0.4224166882	0.09875921706	0.08596160522	-0.04206160175	-0.02270080197	-0.08105158333	0.2416209007	0.1488650432	-0.01121428504	0.01804413326	0.1995984578	0.08541066592	-0.06815054731	-0.004091047787	-0.007300737102	-0	-0	-0	0	0
cnr	-0.1921610247	0.1036492649	0.06218880533	-0.01664104723	0.03929018774	-0.02270918131	0.05634510907	-0.009150613261	-0.02568466466	0.02057133811	0.1107630995	0.07912364825	-0.06980384354	0.1266827962	-0.03488827933	-0.02070262483	0.175946036	-0.03907625048	-0.113663127	-0.0413310308	0.03922869269	0.03946520909	-0.106830745	0.05187312955	0.1391247659	-0.08540176189	0.04506363924	0.06620012364	-0.0640019093	0.07760602838	0.01039771292	-0.02470017787	-0.06308514221	-0.05358550588	0.03481547138	-0.01619845789	-0.2018150581	-0.05245700906	0.6662457506	0.3142203877	-0.359960361	0.1519658583	-0.1084700904	-0.1043632076	0.05772688178	-0.124276266	-0.04498223052	-0.01929070125	0.03945855117	-0.0008414853125	0.001243593474	-2.374617596e-15	5.381687521e-16	7.014499561e-16	1.035311489e-15	-1.062527896e-16
efc	0.07094344768	0.1316543658	-0.247892567	0.1074210841	0.1013475676	0.1978137463	0.02216643794	0.02425451401	-0.1830263351	-0.1372611676	0.08078893912	-0.2312566235	0.1806521732	-0.139384341	0.1160991999	-0.2231304904	0.3377176207	0.2401857604	0.005606274324	0.03607643656	-0.20028855	-0.5530484301	0.1340687368	0.1213645168	0.231662111	0.01231724181	0.0904651527	-0.04486118765	-0.0337038961	0.04103845794	-0.08184687012	0.00219260612	-0.003230497394	0.01510853091	-0.002256128966	0.007216210031	-0.008921579221	0.009604085525	0.01230439819	-0.009849419315	0.003101788267	0.02062091426	0.004598847936	0.001541700165	-0.0007441370234	-0.001338527389	0.003722937738	-0.000706274984	4.225813849e-05	-3.097754698e-05	0.0001042798333	-1.482085584e-15	-2.706014917e-15	1.300607878e-16	-9.840336552e-17	3.542882716e-16
fber	-0.1494760132	0.06058469177	0.0519602725	-0.07499700961	0.04124729104	-0.1547439818	0.05387222583	-0.1606474381	0.2488698078	0.1100284938	-0.1678612906	0.3052478716	-0.08751531325	0.2162535872	-0.05931128103	0.1990018609	-0.367279228	0.03103797747	0.1195734638	-0.05157637406	-0.3422905864	-0.5237464751	-0.03735832699	-0.03683770978	0.2177393876	-0.02644186606	0.05537126208	-0.08317867566	-0.08121294031	-0.03979709551	-0.04195677179	-0.01642968461	-0.03868155042	0.007959455476	-0.0275879763	0.006991643149	0.00553564236	0.004651069054	-0.005360000873	0.004734770299	-0.001232652097	0.004465686957	0.01664037335	0.01353646645	-0.00586588885	-0.003923848211	-0.003460805368	0.001784874567	0.0003608857151	-0.0002073630647	-6.020913137e-05	-1.458051449e-15	-1.890688028e-15	1.522385852e-16	-1.087937025e-16	1.811988273e-16
fwhm_avg	0.03062375052	0.1546995458	0.01019379413	0.385769908	-0.1656719395	-0.07019367874	-0.1886511932	0.1043169436	0.05434195347	0.003880048624	-0.006735462343	0.07621897636	-0.03245794543	0.02526363168	0.01670151476	0.006360427925	0.01881945907	0.006096128264	-0.002989343602	0.02637416082	-0.02795419248	0.001185551538	-0.01463368058	-0.004318777729	-0.00229468658	-0.01732358139	0.003996093051	0.02093921401	0.01998797867	-0.001519274748	0.008477928977	-0.03493171954	-0.02693750899	-0.008081667622	-0.005729864541	0.01542517726	0.004534973134	0.006331018351	-0.001797447054	-0.003482812809	-0.003145877469	-0.005142048028	0.0004262429595	-0.001167978025	-0.0006251891938	1.298665104e-05	5.816000763e-05	0.000203348304	-0.0001038679223	-0.0001523973268	1.302933119e-05	0.7543832073	-0.3833249706	-0.1069164868	-0.05648851849	-0.01152612194
fwhm_x	0.01344745109	0.1489854337	-0.00843634155	0.3685950923	-0.1745765966	-0.07407115731	-0.1927869993	0.07569119957	0.1044652203	0.01554290646	-0.08161706627	0.1149847203	-0.01045650994	0.1061867061	-0.0935715024	0.04726265435	0.03307136763	0.1334367486	-0.1515389665	0.01136093927	0.1664790165	0.05850203623	0.3298560684	0.2227169587	0.1061136346	0.3169210873	-0.1881273813	-0.1591121239	-0.3937768236	-0.2451927005	0.0514052969	-0.04216776054	-0.05341572328	-0.04023213037	0.03620618275	-0.01800353804	0.02796652918	0.01151346531	0.01390354504	0.02312161131	-0.003963390032	-0.0005637141352	0.01308827932	0.0007148000405	0.003483790133	-0.001102637537	0.005564013954	-0.002913331417	0.001801118412	-0.0002310288973	0.000105329763	-0.2462666221	0.1251355342	0.03490263543	0.01844054388	0.003762675373
fwhm_y	0.002822569179	0.1692963065	-0.002557897354	0.3755763688	-0.1297348504	-0.05911103378	-0.1449956264	0.1376583166	-0.01270047321	-0.04147219959	0.07450879248	0.02531197095	-0.08544467276	-0.07581735837	0.182864728	-0.08858266972	0.06928918083	-0.02630620013	0.230788661	-0.0717402004	-0.1382679183	-0.06504910514	-0.5206479381	-0.3852006253	-0.1632135445	-0.122962172	-0.1357985244	-0.07295337029	-0.1925393514	0.03071988798	0.05262543608	0.03735467418	0.0708312554	-0.0004107224779	0.002512363839	-0.01349516632	-0.03398307754	-0.0479639618	-0.01105206978	-2.442982966e-05	0.006691004368	-0.02499738125	-0.003203412607	-0.0004561611127	0.001504071853	-0.0008870407561	-0.003064625857	0.00113740083	-0.00241106408	-0.0006000770735	4.261775994e-07	-0.2552557189	0.1297031668	0.03617663337	0.01911365107	0.003900018602
fwhm_z	0.06585839739	0.1270853899	0.03598757262	0.3604708112	-0.1687812722	-0.06776937597	-0.1997080982	0.08605030663	0.06392553141	0.03344863175	-0.01381532767	0.07846543394	-0.0003467277468	0.04234377791	-0.03810752954	0.05446283987	-0.04017744189	-0.07441445183	-0.08235360177	0.1222910367	-0.09252932498	0.01067628635	0.1403043478	0.13889695	0.04765128888	-0.2062752541	0.2901217332	0.254186191	0.5567062931	0.1774947147	-0.06802319524	-0.08807311554	-0.08719036985	0.01352398801	-0.04793555505	0.067395132	0.01798685372	0.04898378308	-0.006764898574	-0.02871682009	-0.01072341373	0.009118941478	-0.007197029455	-0.003248719154	-0.0059176021	0.001753568456	-0.001879037609	0.002004877328	0.0003229954937	0.0003284365058	-5.60123044e-05	-0.2895592455	0.1471338283	0.0410383701	0.02168231296	0.00442413768
icvs_csf	-0.1499643503	-0.1228374399	-0.09240596042	0.05714800709	0.04528213841	-0.1683289779	0.1319997872	0.01431289576	-0.05291749341	-0.2510270638	0.2123349504	0.2226807808	0.07465848208	-0.08738608497	0.1931283938	0.01253673095	-0.005233578095	-0.2646891533	-0.06194256927	0.2170936696	-0.2938505063	0.07996450281	0.1370665811	0.0828066284	-0.2127443808	0.1132919548	0.1995474145	0.07028557032	-0.2855258794	0.1294305389	-0.0142057131	-0.1156445168	-0.06695638092	0.03594518716	0.0326130118	0.03612307866	0.01045107657	0.01122828725	-0.0757801834	-0.006869752517	-0.04643479984	0.009804421503	-0.02613673493	-0.01356379932	-0.003658143027	-0.001046555406	0.01040197198	0.0004006848565	0.001990123695	0.002623390386	0.001147531566	0.2129310287	0.4177294239	0.004679479553	-0.00077294934	0.004235810853
icvs_gm	-0.1457086546	0.1706364456	0.1321909526	-0.08047005367	-0.03493472031	0.1828206242	-0.05862050691	-0.1267942638	0.03598329751	0.01670698657	-0.046924024	0.08605172787	0.002053243221	0.2382642476	0.1089175272	-0.0168364158	0.2523243837	0.03555515771	-0.06969260119	-0.1467523478	0.1023523419	0.07487185431	0.001308949656	-0.02742825962	0.1948624467	-0.2354266338	-0.06280979245	-0.1380296457	0.09142066098	-0.03411891563	0.03125814545	-0.1157471006	0.2547300687	-0.1620541078	-0.2117242151	-0.08986787111	-0.06156971243	0.1010877461	-0.3336740725	0.1440823499	-0.04164560352	-0.03229230795	-0.03262243075	-0.05419457865	-0.03357006108	0.002477202045	0.01062789061	0.01166020772	-0.01636811126	-0.001441821523	-0.002287621124	0.224489491	0.4404048876	0.004933494143	-0.000814907085	0.004465741927
icvs_wm	0.1944896465	-0.03655643205	-0.03008528184	0.01773966909	-0.005414164435	-0.01564184046	-0.04497173304	0.07647043024	0.009597508319	0.1495358022	-0.1043384273	-0.2007815625	-0.04921665558	-0.1049457708	-0.1972929936	0.003340091597	-0.167073213	0.1455578808	0.08675551168	-0.03996058746	0.1191235962	-0.1017994314	-0.08869559643	-0.03452422091	0.00467947764	0.08643262001	-0.08541647266	0.04820027354	0.1211739627	-0.05987472559	-0.01201165172	0.1522659259	-0.1291554508	0.08642710138	0.1221102671	0.03755677509	0.03489023211	-0.07547053627	0.2739201392	-0.09291566747	0.05787685016	0.01552983138	0.03877845242	0.04529397952	0.02501762906	-0.001002689059	-0.01384234656	-0.008132289337	0.009780455305	-0.000706829386	0.000809951214	0.3323679499	0.652041523	0.007304285501	-0.001206510808	0.006611754887
inu_med	0.1960031378	-0.07514577911	0.04239545631	-0.05107306284	-0.04933349091	0.0004249129884	-0.03458903753	0.02559397731	-0.02456317248	0.02496271574	0.005743918674	-0.1102538291	-0.08307380542	-0.008348460032	-0.01198989961	-0.07580564569	-0.05783760699	-0.09523795055	-0.1450724264	0.1052905408	0.00137861536	0.07951290275	-0.1762188088	-0.1215855654	0.163500454	0.005559616595	0.1103239192	-0.2722638787	-0.08070456418	-0.1206092601	-0.6491779118	-0.3645944753	-0.1613900704	-0.1337672675	-0.03324499313	0.2119778169	0.08129306435	0.1707727977	0.02678191917	0.0248319894	-0.0551406505	-0.05146255129	0.04859052426	0.007371181601	-0.01278790094	0.004932564777	0.006408096124	-0.01848237442	-0.002781311991	-0.002889609782	-1.159483291e-05	-3.053113318e-16	1.776356839e-15	-9.870576578e-16	-1.812786032e-16	-2.13587828e-16
inu_range	0.198724725	-0.02796159784	0.04673008898	0.01073629369	-0.05236072861	-0.02008829869	-0.08310435623	0.04955280478	0.03506775465	0.03353477176	-0.03161692603	-0.0287560746	-0.0316377186	0.0890097842	-0.07394433585	-0.08111252499	-0.0712719349	-0.1022234661	-0.1936595604	0.1521417408	-0.1122531509	0.07797969518	-0.02808637688	0.03296452006	0.1496654407	0.04805040079	0.2098306082	-0.07119835199	-0.1471296902	0.1681721397	-0.2548835117	0.5173501012	0.5603598571	0.1001724185	0.04611254581	-0.1497970447	-0.08361562764	-0.09406345978	0.001510945077	0.02343181867	0.009248282799	0.03185306963	-0.003644748562	0.01934422918	0.007354706764	0.001290754726	-0.01050666379	0.002094979838	0.005031234492	-0.001045459433	0.0007011133355	-2.511879593e-15	-4.773959006e-15	2.844946501e-16	2.940356292e-16	3.829402073e-16
qi_2	0.0361189323	0.1415618101	-0.2182077831	-0.0271231175	-0.09486584754	0.1997363198	0.1646474514	-0.03690115426	0.1777985375	-0.2714800598	-0.126943729	0.2055349036	-0.3031981243	-0.07054252171	-0.0419201724	-0.6091108809	-0.2461343918	-0.1382154747	0.06672776987	-0.04288809384	0.08329575337	0.0318589754	-0.09499283142	0.291323415	0.03018410641	-0.04129104589	-0.09928394499	0.03784144014	0.04408636077	0.02156515071	0.03133397645	-5.062702779e-05	-0.001111920446	-0.09219005147	0.06433890678	0.02897380862	0.02383408311	0.01736399546	-0.005849914359	0.0007793555688	0.00609052918	-0.004797179523	0.001064803944	-0.00148083317	-0.002564001185	-0.002604275183	-0.001775032983	0.0002876885085	-0.002399085916	-0.0001607444282	5.808725587e-05	2.775557562e-16	1.318389842e-16	-2.393918397e-16	-4.683753385e-17	-3.415236843e-16
rpve_csf	-0.05930516021	-0.2200433477	0.1726723806	-0.118136147	-0.189776546	0.09068053336	-0.02980308424	0.3842889492	-0.01613985607	-0.06152419982	-0.0291114357	0.123627835	-0.02971787073	-0.005733309933	0.007069020337	-0.0314925569	0.04438567537	0.07514646918	0.004060939858	-0.05933581776	-0.008331407457	-0.1074407728	0.0173797492	0.02004807861	-0.006409054393	0.005232511445	0.007826867092	0.0006315366818	0.003410890763	0.01757086636	-0.003725866089	-0.007133282153	0.001922382443	0.0102279226	-0.01320717893	0.003527155898	0.005057446513	0.01583858062	0.006466490037	0.005750352239	0.006653098086	0.0157132013	-0.01086937512	-0.01608259647	0.01464566158	0.008916051649	0.001437762875	-0.004740439813	-0.05104544478	0.4509610685	0.6765809689	2.853273173e-13	5.920403057e-13	1.628905344e-14	-3.797309689e-15	1.075571923e-14
rpve_gm	-0.06814258009	-0.2112075376	0.1739070899	-0.1178509843	-0.1858239852	0.09201899717	-0.02509035404	0.3860702314	-0.01708362658	-0.06226125542	-0.02097697234	0.1236785704	-0.03034050528	0.004427306265	0.005380689448	-0.03253266827	0.04976185999	0.07069816827	-0.001477697367	-0.05946093545	-0.008678572522	-0.1030457451	0.01136753754	0.01989794948	0.001414497141	0.01097087749	0.009472313138	-6.77787758e-05	0.005158266687	0.0207829941	-0.005035169783	-0.001425195934	-0.01003855656	0.01206402682	-0.004352998146	0.001342147711	0.00769441669	0.003197871347	0.003190460236	-0.004960627914	0.004993998119	0.006548680154	-0.005467853349	0.02145629465	-0.01222113582	-0.002245699287	-0.005139314074	-0.01720782845	0.0117628207	0.3626260486	-0.7321433917	-7.120692924e-14	-2.628314233e-13	-1.37737044e-15	1.433228536e-14	-6.691262128e-15
rpve_wm	-0.06766199415	-0.2108584168	0.1734950523	-0.1203357549	-0.1823761173	0.09293249869	-0.02666746979	0.390264182	-0.01654261332	-0.06231178017	-0.01828245209	0.1231528026	-0.03389536614	0.01017514533	0.005457076331	-0.03218585119	0.05372180961	0.06660128807	-0.002503952864	-0.0604915435	-0.01065524867	-0.1045135474	0.01071222835	0.02248611602	0.0003644377864	0.01683507311	0.01216369028	0.002604262646	0.006205875133	0.0214244888	6.579487058e-05	0.006692848086	-0.01814257224	0.007818160765	-0.00973153048	0.008272744388	0.004722734652	-0.009039462894	-0.003813740771	-0.00874365768	-0.008351857902	-0.02274882473	0.01732963632	0.006721969121	-0.004285305916	-0.008955374583	0.00805459974	0.02265844471	0.04059174472	-0.8118604866	0.05235566574	-2.141203881e-13	-3.304578833e-13	-1.480239542e-14	-1.037277902e-14	-4.163770023e-15
snr_csf	-0.0367108476	0.1803271724	-0.1146910369	-0.143233806	0.2954185837	0.0373381192	-0.2511999893	0.2409064603	-0.05272147341	-0.1332685252	-0.04211029329	0.114222539	-0.04573776078	-0.09754637318	0.07477520224	0.1083405915	-0.01415312495	-0.1670701581	0.1507142414	0.1067604591	-0.03633018387	0.01477195738	0.0691165241	-0.06046730422	0.04155548748	0.03409620198	-0.007406710687	0.2226911735	0.09338739094	-0.5303721318	-0.1046960235	0.07062858456	0.1641952877	-0.1285329259	-0.04166042247	-0.04847146548	-0.07307295337	0.09239342277	0.1130876856	-0.1244710619	-0.06033623631	-0.184741732	-0.2981635243	0.08596884125	0.003182070759	0.008661246276	0.01303399314	-0.005053282439	-0.01108434191	-0.00135037968	-0.0004132670355	-0.007224234146	0.004228683154	-0.051824191	-0.02677729137	-0.001503612195
snr_gm	-0.1504607928	0.1854364121	0.1463122177	-0.05976554014	-0.07457362242	0.1362753958	0.006049721008	-0.04698379657	-0.01738347703	0.04253056059	-0.1310002397	0.06541674491	0.1337456324	-0.1229660024	-0.02197399561	-0.0009458865289	0.08505430008	-0.02255900716	0.05323747591	-0.01033019744	-0.01088963509	0.1447881591	-0.07524329147	-0.03910847162	0.2741790963	-0.05568575981	0.07978170711	0.1402660614	-0.08913842788	-0.05433563868	-0.04369648808	-0.0700140774	-0.06135719601	0.416539328	0.5498370811	0.06666058537	0.1449672347	-0.09110214687	-0.1708736824	0.01019497321	-0.1354185207	0.01396012409	-0.04828193379	0.08920137502	0.05274160622	0.0674119517	0.1339456948	0.01013086678	-0.01622747041	0.00150378087	0.007242259368	-0.03388060642	0.01983190837	-0.2430479111	-0.1255815982	-0.007051722293
snr_total	-0.1459353365	0.2363990714	0.09760114654	-0.007866523107	0.03159977687	0.04942531274	0.1279145534	0.1346628495	-0.0005847608834	0.09208250106	0.03201873487	-0.06847242955	0.05970759881	-0.07967616073	-0.1288340876	-0.0007938180892	-0.03712605148	-0.06980694442	0.05934672529	-0.03653075216	0.02559314303	0.04259179571	0.008674125883	-0.01999322701	0.1185339004	0.03456774655	0.05707387116	0.1298829158	-0.1116987656	0.0604498151	0.03357196079	-0.1412163323	0.1961124667	0.09631210894	-0.007109920019	0.1664395892	0.1514882647	0.04858608376	0.04548996528	-0.09384688952	0.03087102541	-0.05407425182	0.03263506029	0.05423024276	-0.03723593397	0.015160681	0.04062282862	-0.002126089363	-0.001807130636	0.001441659694	0.003788894377	0.09689201071	-0.05671543933	0.6950702272	0.3591391904	0.02016656796
snr_wm	-0.1318704854	0.2301709722	0.08005298192	0.03451783946	0.05189735098	-0.001471110791	0.2103972909	0.1938038571	0.01371997492	0.1268643828	0.1178659565	-0.1453760141	0.02380213554	-0.04280651139	-0.1844806729	-0.01243341402	-0.09580587977	-0.072004215	0.04293553774	-0.05950896075	0.04674372084	-0.0133029807	0.04342709702	-0.00263431642	0.02847775817	0.07496731368	0.04327729482	0.09350534934	-0.1273668885	0.1732253434	0.08247924033	-0.1776018376	0.2989019458	-0.05787688388	-0.2857161633	0.2136226956	0.1546665366	0.1070751817	0.1409285587	-0.1282970707	0.120422497	-0.06577289094	0.1044485064	0.02420772184	-0.08139903105	-0.01318515631	-0.01046144287	-0.007703561056	0.006832758964	0.001479784751	0.001873954805	-0.066558165	0.03895961639	-0.4774655674	-0.2467039885	-0.01385304885
snrd_csf	-0.06551531227	-0.1080771492	0.2824242304	0.143445836	0.2668776095	-0.006187225565	-0.04269829938	-0.006546413752	0.07952767463	-0.1148721121	-0.1106748065	-0.1164191225	0.01727471283	0.01818472331	0.008403513858	-0.09922227436	-0.01495254404	-0.02981620744	0.02700295269	0.003632722541	0.002705277369	-0.00581449766	0.00783549402	0.03358267116	0.0360522259	0.06301671531	-0.02900340162	0.03479910212	0.005225910538	-0.04083412517	0.0274607234	0.03307221765	0.01295706386	-0.03180745029	0.04139363703	0.5534758019	-0.578211769	-0.1253116476	-0.1323172246	0.01711166649	0.09568004051	0.1491158747	0.0363924011	0.0404746418	0.001082073749	0.06807116609	0.006348558819	-0.01202825226	0.0009226260652	0.001889139071	-0.0005011011146	-0.0001179892646	-0.001669167114	0.05848219436	-0.1181547193	0.08437344347
snrd_gm	-0.07005156181	-0.1290535574	0.2713496602	0.1663757297	0.2445065462	-0.02609818855	-0.02075616704	-0.02213117535	0.07085042314	-0.1291193001	-0.1077201807	-0.1281684756	0.03125291439	-4.307621638e-06	0.01806292685	-0.1009045608	-0.03215759834	-0.002455811696	0.01054029046	0.01713360337	0.008480325621	-0.01434581936	-0.01679116671	0.0516274944	-0.0003948617539	-0.04202060662	-0.0008987365289	-0.01423770833	-0.001053743981	-0.008534696683	-0.01042572196	-0.005605227732	-0.003890604695	-0.01066336018	-0.006280717238	-0.1680249474	0.2448767952	0.03171462173	-0.02258900006	-0.02539389232	0.003209057339	-0.06291781389	-0.01301659335	0.06696764866	0.1975593689	-0.705325533	0.1460682767	0.01756310516	0.0007897789418	0.007881710402	0.002882165875	-0.0002265101245	-0.003204386874	0.1122713084	-0.2268277564	0.1619760852
snrd_total	-0.07239948564	-0.1239090826	0.2721285355	0.1611214782	0.2477704778	-0.02472880013	-0.02340693162	-0.01770278352	0.07121245077	-0.13149721	-0.107873121	-0.1258564998	0.03128892427	0.01458668962	0.01994188592	-0.09899374061	-0.02601999366	-0.0144016429	0.01006568594	0.01412225344	0.006730720856	-0.01491162916	-0.02068360715	0.06318159884	0.007442198655	-0.03320743719	-0.01662345275	-0.005076399043	-0.006080523392	-0.006297479188	-0.00399761598	-0.008433589689	-0.007587618877	0.005319353848	-0.004908417745	-0.08779793627	0.09237069572	0.01787622555	0.02718820307	-0.001998023226	-0.01845962294	-0.02418176887	-0.006101027402	-0.01062859875	-0.01443939971	0.04101386133	-0.01240081473	0.0007719313401	-0.0001578117384	-0.0009652427767	-0.0001025571008	0.0006428141941	0.009093745237	-0.3186152973	0.6437156032	-0.4596727273
snrd_wm	-0.07658827663	-0.125744579	0.2675411006	0.1634468875	0.2416917763	-0.03089477887	-0.01771626246	-0.01867561781	0.06791756432	-0.1393020764	-0.1064408335	-0.1273070761	0.03670731731	0.02414266052	0.02582539934	-0.09705101426	-0.02563108335	-0.01730376506	0.002993918831	0.01591870255	0.006965575159	-0.01886131895	-0.03477514035	0.083316924	0.002068496072	-0.06430810523	-0.02356921041	-0.01383453012	-0.01431007089	0.009023820829	-0.01151152468	-0.02688629454	-0.01844428154	0.03200698258	-0.02208841962	-0.279362207	0.2408051879	0.0637386578	0.127543871	0.008174371478	-0.07972727692	-0.06305128082	-0.017584279	-0.08938990506	-0.1808010028	0.5945475537	-0.1395646606	-0.006886384298	-0.001299275902	-0.008775388815	-0.002202113257	-0.0002995487889	-0.004237648137	0.1484734272	-0.2999688419	0.2142056134
summary_bg_k	-0.04703570381	-0.02933639124	0.1018916509	-0.03740014204	0.05187752044	-0.2029446993	-0.2195257052	-0.03230249601	-0.4937201908	0.4570359158	0.05501541081	0.172835592	0.2223743013	0.145819868	0.1950949615	-0.4624691244	-0.1959764673	-0.08897015914	0.1169375349	-0.04901352311	0.06889124818	-0.0449998484	0.04897655471	0.08238412235	0.0117118111	0.06099565445	-0.02135660299	0.0168399261	0.005477337643	-0.007960105574	-0.001509460634	-0.00436413063	-0.01869735023	-0.007119173041	-0.009876484755	-0.005625782641	0.009222911724	0.006257650141	-0.007593269542	-0.0005752784055	0.003931858323	-0.00109038435	0.006309547463	0.0008513154893	-0.0002717634155	-0.0004345451921	0.001319006437	-0.0008448473551	-0.00035264733	-1.198537553e-05	-7.447393983e-05	5.551115123e-17	2.775557562e-16	-2.220446049e-16	-2.775557562e-17	-1.769417945e-16
summary_bg_mad	0.06141266237	-0.1062315685	0.04065674331	0.1984905129	0.2388477964	0.3321233569	0.0653024918	-0.05946976329	-0.05456243532	0.1750191024	0.1143484959	0.3012618949	-0.1783880817	-0.1277960715	-0.07975809687	-0.005221784059	0.002297700283	0.1252815447	-0.02594271217	-0.05013062851	-0.009623621621	0.04763636881	0.08476879218	-0.1672371467	-0.01544050418	0.0663651204	0.1181788761	-0.02311174367	0.005600298673	0.01165089027	-0.009856220887	0.01066688903	-0.003828426773	-0.001354540773	-0.004056374215	-0.01834610445	0.0119670482	0.009718623707	0.0002139514349	-0.0001355893035	-0.00170940243	-0.001442500721	0.00128005996	-0.002289092799	-0.005858300901	0.01259612838	-0.003829834983	-0.0001063974411	-0.0002352374687	-0.00028364189	-6.469230394e-05	0.004264723487	-0.0054735057	-0.1894981296	0.3313131391	0.595209136
summary_bg_mean	0.1433122201	-0.0372372277	-0.07504190513	0.106813011	0.03159067904	0.2983210921	0.1051702374	0.1156526879	-0.01336422413	0.01720688001	-0.08985059074	0.0009421192305	0.3814660043	0.2311878186	0.09238279613	0.1742313463	-0.1495291293	-0.1383740506	-0.007635036337	-0.0326914947	-0.01656132396	-0.01197507495	-0.05936057151	0.002193483241	-0.0268706326	-0.008736548187	-0.03330526176	0.008244855393	-0.01765679753	0.1033788043	0.09330246951	0.07636292754	0.03684281893	-0.5498362929	0.4095138415	0.1271494597	0.1485455429	0.09108281898	0.03644843584	0.04817222854	-0.0178118661	0.02196573569	-0.03334435549	-0.04586283984	-0.01701314226	0.0043789175	-0.01338965833	0.002800938888	-0.006481277979	-0.0007816412788	-0.000265607199	1.165734176e-15	2.220446049e-16	-7.771561172e-16	-7.771561172e-16	-4.024558464e-16
summary_bg_median	0.06141266237	-0.1062315685	0.04065674331	0.1984905129	0.2388477964	0.3321233569	0.0653024918	-0.05946976329	-0.05456243532	0.1750191024	0.1143484959	0.3012618949	-0.1783880817	-0.1277960715	-0.07975809687	-0.005221784059	0.002297700283	0.1252815447	-0.02594271217	-0.05013062851	-0.009623621621	0.04763636881	0.08476879218	-0.1672371467	-0.01544050418	0.0663651204	0.1181788761	-0.02311174367	0.005600298673	0.01165089027	-0.009856220887	0.01066688903	-0.003828426773	-0.001354540773	-0.004056374215	-0.01834610445	0.0119670482	0.009718623707	0.0002139514349	-0.0001355893035	-0.00170940243	-0.001442500721	0.00128005996	-0.002289092799	-0.005858300901	0.01259612838	-0.003829834983	-0.0001063974411	-0.0002352374687	-0.00028364189	-6.469230394e-05	-0.004264723487	0.0054735057	0.1894981296	-0.3313131391	-0.595209136
summary_bg_p95	0.1517352507	-0.09903071387	-0.002302968845	0.1088075486	0.06289494921	0.25323262	0.0680139694	0.04952553437	-0.07248110879	0.1860524039	0.1369207183	0.08639069881	0.1017354651	-0.02395405822	-0.04980366501	0.2501839149	-0.009934521251	-0.2503429897	-0.06061315064	0.1374656233	0.01036156272	-0.1103884327	-0.3225209401	0.5249587937	-0.01517972457	-0.2097965175	-0.282270688	-0.01047289793	-0.06592806612	-0.112905652	-0.01678057074	-0.07892563215	0.01459047197	0.2628461156	-0.1652403103	-0.02713634761	-0.08623915935	-0.06499471776	-0.03951999144	-0.02090232815	0.01286639142	-0.0189984388	0.005923243843	0.02560535265	0.02220539729	-0.0217451869	0.004941857794	0.001455032073	0.00163201385	0.001232936964	1.842578961e-05	-1.136018506e-15	-2.056321192e-15	3.60822483e-16	4.440892099e-16	1.942890293e-16
summary_bg_stdv	0.1210809652	0.04953178632	-0.1510934821	0.07507259639	-0.008575990856	0.2801581707	0.1325537071	0.1063132992	0.05819689453	-0.1441121453	-0.2300722863	-0.01926435112	0.3532929182	0.3274165604	0.1544313425	-0.06688823884	-0.2226098169	-0.02033222939	0.03567967897	-0.1113917986	0.02308228059	0.1227787505	0.1107609276	-0.2560779102	-0.05914177462	0.06865860862	0.08086083034	0.03164235507	-0.02610564061	-0.0360793983	-0.06898074476	-0.06936041082	-0.1042835525	0.3988683772	-0.32517659	-0.08663558651	-0.1307792271	-0.0814645911	0.101996968	0.03382160568	-0.06425594014	0.01466205187	0.005152240382	0.01483596274	0.02377818428	-0.02886768926	0.003632420398	-0.007785688784	0.01462973303	0.0003061867595	8.867915886e-05	-1.254874383e-15	5.880935957e-16	4.996003611e-16	7.771561172e-16	2.775557562e-16
summary_csf_k	0.06582176081	-0.01198206347	0.01157379959	-0.1260544667	0.06865998771	-0.05537631155	-0.2431875819	-0.03108651739	0.5200007757	-0.03589438023	0.4691349805	0.1878000944	0.4906126612	-0.1173299493	-0.1413292848	-0.1671890976	-0.02044089192	0.1611824341	0.0429861185	-0.09072985404	0.1158036581	0.006791957098	-0.1191819928	0.0285252065	-0.02671968656	0.001200004943	0.09448547703	-0.03576958477	0.02174482396	-0.04747615218	-0.03827879744	-0.004269210583	0.0142373309	-0.01574798664	-0.01500334113	0.007455981649	0.008892390662	-0.03192396057	0.007096607142	-2.28359756e-05	-0.009469763834	0.006911650197	0.004534733348	-0.005004348793	0.0007984241354	0.004973942545	-0.0004094482072	0.0006638166218	0.0001494795811	-0.0005389524483	-5.690717438e-05	6.889010597e-17	7.341646499e-16	3.330669074e-16	-5.551115123e-17	-1.387778781e-17
summary_csf_mad	0.1100239691	0.03072020313	0.2366170081	0.02716811325	-0.2255441181	0.01299162694	0.169757713	-0.2191707927	-0.03708230659	0.003015504038	-0.02303157979	-0.02878241268	0.07289566986	-0.1241657896	0.1363932719	-0.01596031087	0.02647575897	0.08494648681	-0.2283909189	-0.3765574777	-0.3436368351	0.0488357614	-0.1974299125	0.1437063662	-0.1014855542	0.3511512234	0.06135812595	0.2891071998	0.1132609881	-0.3140638389	-0.03747074971	-0.03619943203	0.1091290858	-0.09002988208	-0.0581139106	-0.05044259867	-0.002065234392	7.500652177e-05	0.05821190575	0.07663291485	0.0638922032	-0.03608874576	0.0438607043	0.01494041783	-0.002371654972	0.004851259112	0.009819097971	0.004441440647	-0.003365318534	-0.0002222739715	-0.00141074035	-3.158928346e-16	-1.18290574e-15	1.040834086e-17	-3.053113318e-16	-3.885780586e-16
summary_csf_mean	0.1476211092	0.1875906974	0.09556033177	-0.1475645985	0.1297697777	0.05379839951	-0.1377489883	0.06926096429	0.02798821446	-0.01995201969	-0.0340994761	0.05354556951	-0.04619382464	0.004285914624	0.06078722168	0.034799068	0.08060404752	-0.08005602356	0.08144444156	0.07864585517	-0.1121969676	0.03213822931	0.03959876345	0.04152671854	-0.01262990754	0.1457906674	-0.03190023712	-0.0738795995	0.06172970561	0.1154998763	0.06211575427	0.03980498154	-0.09187880676	0.0314588715	0.01872670139	0.08980192546	0.02838070367	-0.2126212956	0.04098647837	0.2968667382	0.02791480279	-0.5939916404	0.4067697739	-0.2827774761	0.09729944435	-0.005265611962	-0.01208857153	-0.004226972981	-0.005318308284	0.02843183028	-0.004226033837	1.03528297e-14	1.531587357e-14	1.956768081e-15	1.613292833e-16	-1.221245327e-15
summary_csf_median	0.1230861529	0.2109016406	0.1171148406	-0.1607147964	0.1300897556	0.1025986852	-0.1534922212	0.08298301956	0.03660809202	-0.03183324952	0.01489754208	0.04778923094	-0.07386785045	0.03760586223	0.1030731152	0.04499239676	0.08895917876	-0.09302507358	0.1788698826	0.158393371	-0.146484121	0.08653164182	-0.01151085491	0.01933251635	0.02643874687	0.2107072557	-0.1004462361	-0.01039843955	0.08983635937	-0.01047423378	0.007595780222	-0.01627762986	-0.04372399355	-0.02418561339	-0.05530686522	-0.1071093566	0.1500801176	0.0162046444	0.005554813819	-0.01651107589	0.004496603031	0.6636017494	0.4029945722	0.02523290115	-0.08375940515	-0.02744293951	0.001102381449	0.01676145471	0.005248338511	-0.004487483928	0.00255663984	1.530026106e-15	6.501743588e-15	2.164934898e-15	6.730727087e-16	-7.632783294e-16
summary_csf_p05	0.04681050633	0.1117398764	-0.1647691645	-0.06117582438	0.2865259429	-0.1541498108	-0.2254958286	0.1484472155	-0.1062605166	-0.1167418957	-0.2381157177	0.1442083883	0.04301680077	-0.2583588375	0.02508407333	0.1354891285	-0.06143364015	-0.1037880795	-0.3987078318	-0.4584571225	0.08864671413	-0.02839969246	-0.1546448462	0.04627556141	0.06375755872	0.1018575859	0.005178964806	-0.1364160163	0.02296243172	0.304969425	0.05259686206	-0.0498209517	-0.04184899264	0.0534451852	-0.0273803701	-0.01651119658	-0.02253107512	0.05074055899	-0.06860832429	-0.1024736339	-0.07514253801	0.07206042767	-0.02083835444	-0.008822510024	0.005790507886	-0.006975309338	-0.003823929335	0.0006055317108	0.006273270252	0.000926616948	0.0008565496796	-2.775557562e-17	1.42247325e-15	-1.665334537e-16	1.110223025e-16	2.220446049e-16
summary_csf_p95	0.1772496192	0.1242381686	0.142597264	-0.09581476106	0.02417904251	0.03745586546	-0.05544853566	-0.0148455569	0.04527997602	0.001764775413	-0.002379351291	0.02621434199	-0.02396812189	0.02174982101	0.06190600162	0.01097725847	0.0356281298	0.02535434379	0.1007922072	0.09049048763	-0.1084364079	0.04713283728	0.00890888383	0.05308089465	-0.02346377158	0.1890143703	-0.09464375373	-0.1777052123	0.06662246877	0.2825276432	0.05117044034	-0.1614423607	-0.0212802272	0.0873039346	0.04312123692	-0.04333426212	-0.01589398915	0.07980175323	0.1227555348	0.2977855013	0.423240747	-0.02338904189	-0.5281726587	0.3103465067	-0.06803166201	0.01636963259	0.03526568067	0.009790154044	0.003094474078	-0.01720957411	0.005506567654	-4.74620343e-15	-1.012558093e-14	-2.220446049e-16	-9.36750677e-16	1.054711873e-15
summary_csf_stdv	0.1617014565	0.09465696493	0.2056784211	-0.07505639767	-0.07342882742	0.08600741798	0.02195320422	-0.08085897747	0.08081307547	0.06366102322	0.05550070983	-0.04133540015	-0.03892781372	0.1069734212	0.05820023529	-0.0294896148	0.08740331107	0.02267217636	0.1067661978	0.05876359292	-0.1503831875	0.07014562244	-0.0309814122	0.0703705522	0.03039555903	0.2275029919	-0.07369722422	-0.1285881666	0.0300131185	0.2095750292	0.1014449078	0.08129877347	-0.1283043306	0.0001242838467	-0.0531659707	0.03560915981	-0.1221800945	0.1819259332	-0.01828357143	-0.5687406421	-0.4500290032	-0.1555239161	-0.2128922293	-0.06902128738	0.04602284085	-0.01186692362	-0.0007157460857	-0.01091838586	0.002660553017	0.01245379376	0.003350747166	-1.054711873e-15	2.414735079e-15	-2.194425197e-15	4.30211422e-16	6.52256027e-16
summary_gm_k	0.1502803655	-0.09640279087	-0.04186780578	0.0620389494	0.02895506695	-0.1712443995	0.1453286294	0.02762210837	0.04171851391	0.06922580951	-0.1375372083	0.1212376484	0.1240796886	0.07907598336	-0.4451836214	-0.149727623	0.4511870167	-0.4187552494	0.1559441253	-0.2733604176	-0.2315057839	0.02597763737	0.1502725937	-0.09326359833	-0.01421611194	-0.07658255841	-0.09708412998	-0.09169630643	0.03972573509	-0.08787126221	-0.04467750494	0.09064452954	-0.08463143131	0.017638655	0.0004611266248	0.007804433479	0.03604195108	0.0480604369	0.01710411343	-0.02737216194	0.08094503579	0.01319202242	-0.01283289078	0.01902342627	0.005638699351	-0.003261706542	-0.03985729928	-0.00523794456	0.005985737982	0.001320007793	0.002083007061	-5.551115123e-17	2.498001805e-16	-0	2.775557562e-17	0
summary_gm_mad	0.1571982842	0.02248608635	0.0343877937	0.05824825303	0.06606846361	-0.08365381154	0.07133792228	0.1087542077	-0.05924645425	-0.1496177779	0.4674507878	-0.1455524464	-0.2237353239	0.1683333957	0.2303172524	0.1102170192	-0.1862656906	-0.02159714206	0.1462515265	-0.4621300494	-0.06759473477	0.1013677906	0.2208598794	0.11787869	0.1404838419	-0.1831083271	-0.01421782655	-0.1721775155	0.04950690656	-0.1038427204	-0.02369592868	0.09938580372	0.01225530079	0.1650975264	0.151968415	0.106795307	0.09554485065	0.0137081371	-0.001068201517	0.01740237821	0.01128264796	0.03163500429	-0.02203529249	-0.02995949241	0.01332955944	-0.01099875474	-0.05990681448	-0.0199546492	0.001239985193	4.129077002e-05	0.002066747925	2.498001805e-16	1.526556659e-16	-1.110223025e-16	2.220446049e-16	1.825796458e-16
summary_gm_mean	0.1954268966	0.04002075957	0.09732324339	-0.01524057957	-0.03189599919	-0.07104431473	0.0580002841	-0.01602666605	-0.04434267067	-0.03389280213	-0.09847838955	0.06069768273	0.05652258501	-0.1598057456	-0.02907969375	0.01434126792	-0.05542599754	0.05816357999	0.07275788994	0.04842252813	0.03492538806	-0.05633698554	0.0826801764	-0.01824610306	-0.08880896295	-0.0639530996	-0.03061082956	-0.009982884166	-0.01877906962	-0.02298689223	0.009937358215	-0.0707472855	0.1260733354	0.07440386714	0.005439932316	0.06759623196	0.01473236777	0.03450352661	-0.01158663196	0.0977854052	-0.09848590716	0.1101715741	-0.1392138866	-0.335069632	-0.1147813918	-0.1095959319	-0.1412181095	-0.1271069496	-0.7699218019	-0.05792431073	-0.04288453812	-2.949376854e-14	-5.900835376e-14	1.998401444e-15	-1.977584763e-15	4.163336342e-17
summary_gm_median	0.1956384788	0.03607318785	0.08935025443	-0.01251077689	-0.02460216123	-0.07746323891	0.06556716422	-0.0007418811411	-0.04778913655	-0.03871044744	-0.1005908255	0.06219758725	0.06592717869	-0.1595565442	-0.04327278839	0.0194540561	-0.06605621866	0.08426761222	0.119108688	0.06902612339	0.04651543399	-0.04542941015	0.0542617673	-0.02212162325	-0.05383288147	-0.03702189636	-0.02238501737	0.03476504494	-0.01803673836	-0.03446255215	0.008727880828	-0.1543026245	0.1745789251	0.1157591074	0.1140341298	-0.02505880077	-0.08754370568	0.2341477402	-0.07606877534	0.07942514235	0.007606405768	0.09488245082	-0.1003393059	-0.4490329562	0.01691387005	-0.1243753277	-0.3499263416	-0.04771049469	0.5733002346	0.007233032354	0.006460991881	-1.942890293e-15	-8.326672685e-16	-2.373101715e-15	1.262878691e-15	-5.551115123e-17
summary_gm_p05	0.06824950527	0.2150792388	0.254604456	-0.07213712499	-0.134983142	0.07388738785	0.004826338396	-0.1174676236	-0.07044074899	-0.03537902939	-0.1509102443	0.09213129641	0.129874951	-0.3507234186	0.09251553412	0.04811043178	-0.07473773496	0.01474987198	0.009057276277	-0.02401245885	-0.0255839378	0.02068336771	0.219154148	0.04343685826	-0.1765406689	-0.3781780109	0.02349644417	-0.1853730127	-0.144086997	-0.03172250815	-0.06837708908	0.2871785546	-0.1362101327	-0.1180998712	-0.220230784	0.1758129915	0.1128659476	-0.1061426207	0.1453508294	-0.0128310751	-0.01737415857	0.06837083059	-0.06007419574	0.01736656016	-0.05581280112	0.05376107379	0.2784688982	0.01973043937	0.1667351538	0.004346888015	0.0008950650465	3.524958103e-15	4.274358645e-15	-8.604228441e-16	5.551115123e-16	-6.661338148e-16
summary_gm_p95	0.2005228347	-0.0365628339	0.01064914314	0.01392671786	0.01191662089	-0.1174465684	0.05919825066	-0.008377215059	-0.03317408898	-0.04596683052	-0.04508029554	0.04945445912	0.008034956102	-0.05633343904	-0.02976562525	-0.0008125844558	-0.02382120347	0.06793243548	0.04044006789	0.0422340488	0.03879616383	-0.1143791854	0.09052246233	-0.02652726916	-0.1849550282	0.004623023466	-0.1004249011	-0.05179078805	0.0957671523	-0.009019914066	0.06919782537	-0.09490358069	0.2419969818	0.02266853248	-0.01828839749	0.1557145933	0.1198911244	-0.01083093852	-0.08536527502	0.2626881023	-0.5266218089	-0.03703065495	0.1014117122	0.5470107457	0.1361079567	0.05417712813	-0.1856680236	0.07477711705	0.049399494	0.005838653614	0.006363635008	1.201816424e-14	2.85743651e-14	1.231653668e-15	1.09807996e-15	2.324529458e-16
summary_gm_stdv	0.1812546972	-0.1306116054	-0.08577720135	0.04021149054	0.0646260454	-0.1334967934	0.04561091308	0.05342763423	0.006676899288	-0.01303121045	0.04006971984	-0.01326195473	-0.07057625556	0.09404728053	-0.06767432359	-0.0211225189	-0.004236186958	0.01544861516	0.02657827374	0.01759059944	0.02754467053	-0.09000561609	-0.01940473033	-0.04619861838	-0.008214880585	0.1339944475	-0.08930202522	0.05836445841	0.09697260894	-0.00707476979	0.05732982502	-0.1385420215	0.173561696	0.03084991636	-0.02178534934	0.05505927747	0.08944558533	-0.1012652691	-0.07179424783	0.138203544	-0.1994537586	0.06997426828	-0.1436182722	-0.276498607	-0.1333125879	0.09212788541	0.7467007888	0.01350609075	0.1280166709	0.00756508499	-0.007386088199	3.552713679e-15	-6.106226635e-16	-1.054711873e-15	9.020562075e-16	-9.575673587e-16
summary_wm_k	0.1680915813	-0.0002861367407	0.1408947328	-0.08496599258	-0.04719274539	0.08643080699	-0.1243040679	-0.04872546398	0.1032168693	0.01565600228	0.2008648983	-0.08852557058	-0.05624809401	-0.03392871481	0.0278554897	-0.12491647	-0.1036224807	-0.2375163237	-0.4308663058	0.06456453398	-0.05390983882	-0.1932025136	0.1931980874	-0.3439479746	0.1106161154	-0.1217974816	-0.3762750728	0.3465609274	-0.1202253015	0.04482756974	0.1169994307	0.04326336564	-0.12680058	0.05527422973	0.009796672245	-0.01444133948	-0.01259228119	0.1928188373	-0.03014123531	0.06231607843	0.009759394861	-0.021452763	0.01635514471	0.02601656899	-0.02298641689	-0.01154048806	-0.0005334284314	0.002979113423	-0.005333181841	-0.0003940686846	-0.0001155787328	-6.383782392e-16	-5.689893001e-16	2.775557562e-16	8.326672685e-17	-2.220446049e-16
summary_wm_mad	0.1636304172	-0.1954733501	-0.09471260695	0.01356427519	0.01204598549	-0.07827554506	-0.06073025222	-0.05172992049	-0.03594592855	-0.05643402654	-0.07631154561	0.06207661624	-0.008069219966	-0.009267224668	0.0344067083	0.07975718006	0.0695752107	0.1255689942	0.2472659533	-0.02728522459	0.04783594086	0.1654184694	-0.1700854895	0.08778900356	0.3744590367	0.0217271047	0.09358468653	0.3510969958	-0.2279540065	0.09749370459	0.06706255009	0.2562087635	-0.1956803569	-0.02508932176	-0.2842855816	0.1976224756	0.1574987317	0.2454531953	-0.1038568836	0.2117716623	-0.04381958726	-0.03789747216	-0.03445562294	0.04903299574	-0.164494293	-0.04192074473	-0.05123628993	0.01628097419	0.01091400544	0.003413120378	0.001517216365	3.858025011e-15	8.430756093e-15	1.401656569e-15	1.665334537e-16	-4.996003611e-16
summary_wm_mean	0.1635024457	0.1283008391	0.1217158148	-0.007530270299	0.05020991732	-0.1337938274	0.1890441375	0.02675847715	-0.1106398176	-0.1375741448	0.05476736476	0.1528837366	0.01846400976	0.1184145484	-0.02535472121	0.0100372337	0.05621512021	0.06783451662	-0.07482447945	0.05873491451	0.1524519894	-0.05144582975	-0.05705435675	-0.03669425476	0.04025642988	-0.04288964031	0.0294212478	0.05504731816	0.00704221385	-0.01502180117	-0.009738515277	-0.01145157646	-0.07237356064	-0.05985440479	0.07799125543	-0.1180594533	-0.07692031646	-0.1904853471	-0.03551247991	-0.1197511712	0.01444279262	-0.1041156464	0.09415947933	0.2064003155	-0.4452023354	-0.1151772574	-0.0008785411978	-0.6221809692	0.09229625957	0.003854673995	0.03130935157	4.662936703e-15	1.992850329e-14	-9.839351556e-15	-5.204170428e-15	-3.053113318e-16
summary_wm_median	0.1372009681	0.1485200482	0.1176051436	-0.0009184726447	0.06805815997	-0.169596909	0.2236808085	-0.01423829738	-0.1393035597	-0.2067166212	0.03142602636	0.2568554266	0.04301815998	0.1934362378	0.01452000508	0.02091686373	0.1048524127	0.142024987	-0.09826298295	0.106124366	0.2351049949	-0.0886673479	-0.117095249	-0.0176966693	-0.08835274759	-0.0590813358	0.05786701824	-0.01276090144	0.04099117676	-0.06985490281	0.003456418133	0.1116647313	0.001199684098	0.1248963466	0.1183604941	0.01903245453	-0.09562611707	0.4366481167	0.1286801536	-0.1060156508	0.1841180626	-0.06578151845	0.2101908666	0.0491231811	0.07391335774	0.0575307877	0.1754327983	0.3721353119	-0.0949917359	0.005196714601	-0.008087904712	4.05231404e-15	2.831068713e-15	5.03069808e-15	2.331468352e-15	-2.532696275e-16
summary_wm_p05	0.1115322458	0.2246826964	0.1512626441	0.01441457053	0.05189073809	-0.1062709226	0.2563981657	0.1789425706	-0.09595876164	-0.02677852386	0.1215063027	-0.02926610764	0.01398447251	-0.02429770711	-0.1620760166	0.01170381285	-0.09137674266	-0.004449545099	0.02983497446	0.03967920409	0.1066534773	-0.02927410539	-0.05515712238	-0.02744634933	0.1157147118	0.05884139419	0.07645592742	0.1102285964	-0.05539833048	0.02441196421	-0.04642922582	0.06307247782	-0.2241764011	-0.2047141608	-0.1310189887	-0.2203389442	-0.05917486373	-0.1579853665	-0.2689242517	0.1142992778	0.002716899571	0.1047457835	-0.1437637902	-0.03465970742	0.5744046853	0.1815760519	0.01186686222	-0.09302528146	-0.03982372267	-0.006976183988	-0.009280669212	-1.527944438e-14	-3.297362383e-14	-1.748601264e-15	5.273559367e-16	6.383782392e-16
summary_wm_p95	0.1992437513	-0.0006632986994	0.07282134992	-0.02603336071	0.0130948092	-0.08023693714	0.0539331167	-0.02488406458	-0.06276764813	-0.09593280414	0.01532737377	0.1011470339	-0.01513588107	0.06517603421	0.0132874349	-0.0009408806658	0.04726211096	0.02580319624	-0.03974623768	0.02165398843	0.05534924525	0.003620087242	0.008785965522	-0.06596252125	0.168246578	-0.04979367726	-0.03894440464	0.1234439782	-0.05197920956	0.02783422516	-0.01294325126	-0.1704890734	0.007173026695	-0.119462408	-0.02649547779	-0.005110431223	0.08106710872	-0.5697918219	0.005261925072	-0.2080745107	0.03920953682	-0.001977777262	-0.1273081317	-0.03276767732	-0.1981969021	-0.07721112052	-0.2079615743	0.5701943517	0.02495531154	0.02293384848	0.004780774393	2.273181643e-14	3.969047313e-14	9.797718192e-15	3.136380045e-15	6.938893904e-16
summary_wm_stdv	0.1589912508	-0.1918598531	-0.04128884525	-0.04018756094	-0.01964994285	-0.02782341179	-0.1407805765	-0.188638634	-0.006713026288	-0.1199357509	-0.09438740711	0.1828384316	-0.0187437705	0.09863908284	0.1588736741	0.01600870486	0.1363455913	0.08145266248	-0.004018885963	0.01381369574	0.002185756132	0.04213962637	0.01916160452	-0.03021272233	0.1162757727	-0.1215944261	-0.08214805147	0.1064915131	-0.06131120619	0.05268401256	0.06935527287	-0.1904521246	0.2298797294	0.01288805712	-0.0358983749	0.1803135877	0.182162286	-0.1150501018	0.2533092307	-0.2613443959	0.1909845188	0.04050830381	0.03346174538	-0.007560285999	0.4826358749	0.1391663469	0.0199245596	-0.323983281	-0.004701353457	-0.01985596573	-0.01017843572	-2.174649349e-14	-4.363176487e-14	-6.633582572e-15	-1.942890293e-15	3.885780586e-16
tpm_overlap_csf	0.1215840111	0.1455424307	-0.02643605632	-0.1582724901	0.1689759393	0.06902721691	-0.2415094808	0.07434781011	-0.05818165794	0.04305710182	-0.04975919126	-0.1127478003	-0.1415589829	0.3328970625	-0.278306372	-0.08816254042	0.01488157199	0.2870797208	-0.1139734653	-0.07857954764	-0.2495505813	0.06218190144	-0.05119834849	0.1453691615	-0.4070492091	-0.2456046048	0.162888054	0.1981478983	-0.2878417781	-0.00510288806	0.01092061871	-0.1023878612	-0.07331467565	0.006113087672	0.0612277671	0.05115423469	0.03606657328	0.009766868709	-0.099666166	-0.00901734307	-0.01975248979	0.03016072441	-0.05561850205	-0.001902173949	-0.001598157656	0.003216399532	-0.003591421076	0.0003979761797	0.001562259232	0.001375090539	-0.0006100330368	3.60822483e-16	-2.498001805e-16	-2.862293735e-16	-2.220446049e-16	0
tpm_overlap_gm	-0.01130799184	-0.01585628279	0.139636555	-0.007820268904	-0.1908016913	0.2301659216	-0.3076702255	-0.315663753	-0.2351818786	-0.3127854524	0.1181209138	-0.04369703329	-0.05275085455	0.08036307579	-0.2585726998	0.1305514246	-0.03581848201	-0.3110817036	0.2074205653	-0.1493996387	0.2861030426	-0.2759878855	-0.004504931224	-0.01351424365	-0.1242683008	0.186618899	0.211633977	0.05122587388	-0.07450716267	0.06741881724	-0.04156427163	-0.03252846534	0.0243776779	0.01171081109	-0.01011391475	-0.02434465213	-0.0033844207	-0.009409437664	0.004401249328	0.007122622102	-0.01538920751	0.00156918809	-0.006752733662	0.004135594584	-0.004827495573	-0.001064073726	0.01003098742	0.001369737257	0.002504406523	0.001172876344	-0.0004741515616	1.075528555e-16	3.330669074e-16	-5.551115123e-17	1.110223025e-16	-5.204170428e-17
tpm_overlap_wm	-0.1506456513	-0.03361364735	-0.01556916421	0.03203675144	-0.05624117533	0.03727206808	-0.08810768863	-0.04544813181	-0.3727853806	-0.3316471528	0.1155268567	0.05196528216	0.1767105858	-0.01585649048	-0.4130427955	-0.001734784148	-0.2472471181	0.2084738546	-0.05070448873	0.1205910983	-0.3478824555	0.2371198034	-0.05941755008	-0.07304408075	0.2139633675	-0.02535447739	-0.268710123	-0.1616419259	0.147211532	-0.009390790277	0.0947354212	-0.002148284169	0.02888902861	-0.02155749477	-0.05704314657	0.005778522702	-0.02385094439	0.02165212148	0.02962666425	0.007199051571	-0.007395851244	-0.02843123539	0.04604525958	-0.01106464936	-0.01104280735	-0.005784402365	0.01501936383	0.001477260805	-0.008726127236	-0.0007492480652	0.001141074811	8.326672685e-16	2.053912596e-15	2.775557562e-16	-1.102633609e-16	-2.775557562e-17
wm2max	-0.1964503504	0.06066838661	-0.02918553233	0.04641070162	0.05184169257	-0.007134258602	0.03429358232	-0.04451300786	0.007295435243	-0.03670438162	0.01515720465	0.1107015009	0.03227832578	0.03858878885	0.01840702211	0.09513043455	0.04391654541	0.1709543078	0.1490987157	-0.1339325405	0.04032963756	0.004615092368	0.1190618956	0.05623793453	-0.1753232384	0.06148085099	-0.469250641	0.2915385529	0.03424112739	0.3053373192	-0.6182558782	0.09532974169	0.04048325117	-0.0169888991	0.03882478662	-0.01381466981	-0.01866464861	-0.01045602516	-0.0324750243	-0.01502272722	-0.01713235153	-0.02760129702	0.008685226587	-0.02407570514	0.00450439061	-0.005266263523	0.01003702031	-0.001496620877	-0.006722919331	-0.0009079090492	0.0003178485032	4.510281038e-16	8.326672685e-16	-4.163336342e-16	1.630640067e-16	-1.387778781e-16
