subject	session	physio_uid	target_stem	target_bold_exists	target_already_has_trigger	start_time_missing	ambiguous
sub-001	ses-01	1.3.12.2.1107.5.2.43.166092.2023050514503246786661989.0.0.0	sub-001_ses-01_task-control_run-01	True	False	True	False
sub-001	ses-01	1.3.12.2.1107.5.2.43.166092.2023050516511632509348136.0.0.0	sub-001_ses-01_task-control_run-05	True	False	True	False
sub-001	ses-01	1.3.12.2.1107.5.2.43.166092.202305051649173319740653.0.0.0	sub-001_ses-01_task-control_run-03	True	False	True	False
sub-001	ses-01	1.3.12.2.1107.5.2.43.166092.2023050514415648251600347.0.0.0	sub-001_ses-01_task-fmri_run-05	True	False	True	False
sub-001	ses-01	1.3.12.2.1107.5.2.43.166092.2023050514454334799981168.0.0.0	sub-001_ses-01_task-fmri_run-07	True	False	True	False
sub-001	ses-01	1.3.12.2.1107.5.2.43.166092.2023050514513883800269474.0.0.0	sub-001_ses-01_task-fmri_run-01	True	False	True	False
sub-001	ses-01	1.3.12.2.1107.5.2.43.166092.2023050514554365362650295.0.0.0	sub-001_ses-01_task-fmri_run-03	True	False	True	False
sub-001	ses-01	1.3.12.2.1107.5.2.43.166092.202305051500457862031116.0.0.0	sub-001_ses-01_task-movie_run-01	True	False	True	False
sub-001	ses-01	1.3.12.2.1107.5.2.43.166092.2023050515045018007606241.0.0.0	sub-001_ses-01_task-movie_run-03	True	False	True	False
sub-001	ses-01	1.3.12.2.1107.5.2.43.166092.2023050515084849627781366.0.0.0	sub-001_ses-01_task-movie_run-05	True	False	True	False
sub-001	ses-01	1.3.12.2.1107.5.2.43.166092.2023050515124536070056491.0.0.0	sub-001_ses-01_task-movie_run-07	True	False	True	False
sub-001	ses-01	1.3.12.2.1107.5.2.43.166092.2023050515170547378131616.0.0.0	sub-001_ses-01_task-rest_run-01	True	False	True	False
sub-002	ses-01	1.3.12.2.1107.5.2.43.166092.2023051115042683836053391.0.0.0	sub-002_ses-01_task-control_run-01	True	False	True	False
sub-002	ses-01	1.3.12.2.1107.5.2.43.166092.2023051115564579187247406.0.0.0	sub-002_ses-01_task-control_run-05	True	False	True	False
sub-002	ses-01	1.3.12.2.1107.5.2.43.166092.2023051115543076689739917.0.0.0	sub-002_ses-01_task-control_run-03	True	False	True	False
sub-002	ses-01	1.3.12.2.1107.5.2.43.166092.2023051114541253368489638.0.0.0				True	True
sub-002	ses-01	1.3.12.2.1107.5.2.43.166092.2023051114550789818991749.0.0.0				True	True
sub-002	ses-01	1.3.12.2.1107.5.2.43.166092.2023051114595856308772570.0.0.0	sub-002_ses-01_task-fmri_run-01	True	False	True	False
sub-002	ses-01	1.3.12.2.1107.5.2.43.166092.2023051115053342701160876.0.0.0	sub-002_ses-01_task-fmri_run-03	True	False	True	False
sub-002	ses-01	1.3.12.2.1107.5.2.43.166092.202305111510124601641697.0.0.0	sub-002_ses-01_task-fmri_run-05	True	False	True	False
sub-002	ses-01	1.3.12.2.1107.5.2.43.166092.2023051115152619939322518.0.0.0	sub-002_ses-01_task-movie_run-01	True	False	True	False
sub-002	ses-01	1.3.12.2.1107.5.2.43.166092.2023051115193536439197643.0.0.0	sub-002_ses-01_task-movie_run-03	True	False	True	False
sub-002	ses-01	1.3.12.2.1107.5.2.43.166092.2023051115243651812172768.0.0.0	sub-002_ses-01_task-movie_run-05	True	False	True	False
sub-002	ses-01	1.3.12.2.1107.5.2.43.166092.2023051115293929297347893.0.0.0	sub-002_ses-01_task-movie_run-07	True	False	True	False
sub-002	ses-01	1.3.12.2.1107.5.2.43.166092.2023051115342921485923018.0.0.0	sub-002_ses-01_task-rest_run-01	True	False	True	False
sub-003	ses-01	1.3.12.2.1107.5.2.43.166092.202305191323364913261989.0.0.0	sub-003_ses-01_task-control_run-01	True	False	True	False
sub-003	ses-01	1.3.12.2.1107.5.2.43.166092.2023051914111460627056025.0.0.0	sub-003_ses-01_task-control_run-05	True	False	True	False
sub-003	ses-01	1.3.12.2.1107.5.2.43.166092.2023051914080762240648540.0.0.0	sub-003_ses-01_task-control_run-03	True	False	True	False
sub-003	ses-01	1.3.12.2.1107.5.2.43.166092.2023051913152399289400347.0.0.0	sub-003_ses-01_task-fmri_run-05	True	False	True	False
sub-003	ses-01	1.3.12.2.1107.5.2.43.166092.2023051913194638664881168.0.0.0	sub-003_ses-01_task-fmri_run-07	True	False	True	False
sub-003	ses-01	1.3.12.2.1107.5.2.43.166092.202305191324426551969474.0.0.0	sub-003_ses-01_task-fmri_run-01	True	False	True	False
sub-003	ses-01	1.3.12.2.1107.5.2.43.166092.2023051913285498779650295.0.0.0	sub-003_ses-01_task-fmri_run-03	True	False	True	False
sub-003	ses-01	1.3.12.2.1107.5.2.43.166092.2023051913335446266731116.0.0.0	sub-003_ses-01_task-movie_run-01	True	False	True	False
sub-003	ses-01	1.3.12.2.1107.5.2.43.166092.2023051913375689690806241.0.0.0	sub-003_ses-01_task-movie_run-03	True	False	True	False
sub-003	ses-01	1.3.12.2.1107.5.2.43.166092.2023051913412899585781366.0.0.0	sub-003_ses-01_task-movie_run-05	True	False	True	False
sub-003	ses-01	1.3.12.2.1107.5.2.43.166092.2023051913455728457056491.0.0.0	sub-003_ses-01_task-movie_run-07	True	False	True	False
sub-003	ses-01	1.3.12.2.1107.5.2.43.166092.2023051913495585601031616.0.0.0	sub-003_ses-01_task-rest_run-01	True	False	True	False
sub-004	ses-01	1.3.12.2.1107.5.2.43.166092.2023052214452179190761989.0.0.0	sub-004_ses-01_task-control_run-01	True	False	True	False
sub-004	ses-01	1.3.12.2.1107.5.2.43.166092.2023052215433740984356025.0.0.0	sub-004_ses-01_task-control_run-05	True	False	True	False
sub-004	ses-01	1.3.12.2.1107.5.2.43.166092.2023052215380787059148532.0.0.0	sub-004_ses-01_task-control_run-03	True	False	True	False
sub-004	ses-01	1.3.12.2.1107.5.2.43.166092.2023052214362229709900347.0.0.0	sub-004_ses-01_task-fmri_run-05	True	False	True	False
sub-004	ses-01	1.3.12.2.1107.5.2.43.166092.2023052214405387805181168.0.0.0	sub-004_ses-01_task-fmri_run-07	True	False	True	False
sub-004	ses-01	1.3.12.2.1107.5.2.43.166092.2023052214464053854669474.0.0.0	sub-004_ses-01_task-fmri_run-01	True	False	True	False
sub-004	ses-01	1.3.12.2.1107.5.2.43.166092.2023052214504719531350295.0.0.0	sub-004_ses-01_task-fmri_run-03	True	False	True	False
sub-004	ses-01	1.3.12.2.1107.5.2.43.166092.202305221455535265531116.0.0.0	sub-004_ses-01_task-movie_run-01	True	False	True	False
sub-004	ses-01	1.3.12.2.1107.5.2.43.166092.2023052215000057710006241.0.0.0	sub-004_ses-01_task-movie_run-03	True	False	True	False
sub-004	ses-01	1.3.12.2.1107.5.2.43.166092.2023052215041923487281366.0.0.0	sub-004_ses-01_task-movie_run-05	True	False	True	False
sub-004	ses-01	1.3.12.2.1107.5.2.43.166092.202305221508185027056491.0.0.0	sub-004_ses-01_task-movie_run-07	True	False	True	False
sub-004	ses-01	1.3.12.2.1107.5.2.43.166092.2023052215131361516431616.0.0.0	sub-004_ses-01_task-rest_run-01	True	False	True	False
sub-005	ses-01	1.3.12.2.1107.5.2.43.166092.2023052410445812434266309.0.0.0	sub-005_ses-01_task-control_run-01	True	False	True	False
sub-005	ses-01	1.3.12.2.1107.5.2.43.166092.2023052411303871835052860.0.0.0	sub-005_ses-01_task-control_run-03	True	False	True	False
sub-005	ses-01	1.3.12.2.1107.5.2.43.166092.2023052411353316751968562.0.0.0	sub-005_ses-01_task-control_run-07	True	False	True	False
sub-005	ses-01	1.3.12.2.1107.5.2.43.166092.2023052411331117558260353.0.0.0	sub-005_ses-01_task-control_run-05	True	False	True	False
sub-005	ses-01	1.3.12.2.1107.5.2.43.166092.2023052410354530672204667.0.0.0	sub-005_ses-01_task-fmri_run-05	True	False	True	False
sub-005	ses-01	1.3.12.2.1107.5.2.43.166092.2023052410395693293185488.0.0.0	sub-005_ses-01_task-fmri_run-07	True	False	True	False
sub-005	ses-01	1.3.12.2.1107.5.2.43.166092.2023052410460525585673794.0.0.0	sub-005_ses-01_task-fmri_run-01	True	False	True	False
sub-005	ses-01	1.3.12.2.1107.5.2.43.166092.2023052410495682435054615.0.0.0	sub-005_ses-01_task-fmri_run-03	True	False	True	False
sub-005	ses-01	1.3.12.2.1107.5.2.43.166092.2023052410543677255635436.0.0.0	sub-005_ses-01_task-movie_run-01	True	False	True	False
sub-005	ses-01	1.3.12.2.1107.5.2.43.166092.202305241058101434110561.0.0.0	sub-005_ses-01_task-movie_run-03	True	False	True	False
sub-005	ses-01	1.3.12.2.1107.5.2.43.166092.202305241106048118060811.0.0.0	sub-005_ses-01_task-movie_run-07	True	False	True	False
sub-005	ses-01	1.3.12.2.1107.5.2.43.166092.2023052411105034806835936.0.0.0	sub-005_ses-01_task-rest_run-01	True	False	True	False
sub-006	ses-01	1.3.12.2.1107.5.2.43.166092.2023052509292966267361989.0.0.0	sub-006_ses-01_task-control_run-01	True	False	True	False
sub-006	ses-01	1.3.12.2.1107.5.2.43.166092.2023052510235142134748549.0.0.0	sub-006_ses-01_task-control_run-03	True	False	True	False
sub-006	ses-01	1.3.12.2.1107.5.2.43.166092.2023052510260928694856036.0.0.0	sub-006_ses-01_task-control_run-05	True	False	True	False
sub-006	ses-01	1.3.12.2.1107.5.2.43.166092.2023052509203417005600347.0.0.0	sub-006_ses-01_task-fmri_run-05	True	False	True	False
sub-006	ses-01	1.3.12.2.1107.5.2.43.166092.2023052509245457146781168.0.0.0	sub-006_ses-01_task-fmri_run-07	True	False	True	False
sub-006	ses-01	1.3.12.2.1107.5.2.43.166092.2023052509304281523269474.0.0.0	sub-006_ses-01_task-fmri_run-01	True	False	True	False
sub-006	ses-01	1.3.12.2.1107.5.2.43.166092.2023052509352048428750295.0.0.0	sub-006_ses-01_task-fmri_run-03	True	False	True	False
sub-006	ses-01	1.3.12.2.1107.5.2.43.166092.2023052509402761330131116.0.0.0	sub-006_ses-01_task-movie_run-01	True	False	True	False
sub-006	ses-01	1.3.12.2.1107.5.2.43.166092.2023052509442839743506241.0.0.0	sub-006_ses-01_task-movie_run-03	True	False	True	False
sub-006	ses-01	1.3.12.2.1107.5.2.43.166092.2023052509490937747081366.0.0.0	sub-006_ses-01_task-movie_run-05	True	False	True	False
sub-006	ses-01	1.3.12.2.1107.5.2.43.166092.2023052509532297127256491.0.0.0	sub-006_ses-01_task-movie_run-07	True	False	True	False
sub-006	ses-01	1.3.12.2.1107.5.2.43.166092.2023052510004322114231616.0.0.0	sub-006_ses-01_task-rest_run-01	True	False	True	False
sub-010	ses-01	1.3.12.2.1107.5.2.43.166092.2023070515161845176270618.0.0.0	sub-010_ses-01_task-control_run-01	True	False	True	False
sub-010	ses-01	1.3.12.2.1107.5.2.43.166092.202307051609349300789009.0.0.0	sub-010_ses-01_task-control_run-03	True	False	True	False
sub-010	ses-01	1.3.12.2.1107.5.2.43.166092.2023070516113536584196511.0.0.0	sub-010_ses-01_task-control_run-05	True	False	True	False
sub-010	ses-01	1.3.12.2.1107.5.2.43.166092.2023070515064729559808976.0.0.0	sub-010_ses-01_task-fmri_run-05	True	False	True	False
sub-010	ses-01	1.3.12.2.1107.5.2.43.166092.2023070515103516321789797.0.0.0	sub-010_ses-01_task-fmri_run-07	True	False	True	False
sub-010	ses-01	1.3.12.2.1107.5.2.43.166092.202307051517276111278103.0.0.0	sub-010_ses-01_task-fmri_run-01	True	False	True	False
sub-010	ses-01	1.3.12.2.1107.5.2.43.166092.2023070515212441866958924.0.0.0	sub-010_ses-01_task-fmri_run-03	True	False	True	False
sub-010	ses-01	1.3.12.2.1107.5.2.43.166092.2023070515275152600240469.0.0.0				True	True
sub-010	ses-01	1.3.12.2.1107.5.2.43.166092.2023070515312342276859992.0.0.0				True	True
sub-010	ses-01	1.3.12.2.1107.5.2.43.166092.2023070515402414141672817.0.0.0	sub-010_ses-01_task-rest_run-01	True	False	True	False
sub-011	ses-01	1.3.12.2.1107.5.2.43.166092.2023071112340453825661990.0.0.0	sub-011_ses-01_task-control_run-01	True	False	True	False
sub-011	ses-01	1.3.12.2.1107.5.2.43.166092.2023071113343859344050128.0.0.0	sub-011_ses-01_task-control_run-03	True	False	True	False
sub-011	ses-01	1.3.12.2.1107.5.2.43.166092.2023071113365347799957616.0.0.0	sub-011_ses-01_task-control_run-05	True	False	True	False
sub-011	ses-01	1.3.12.2.1107.5.2.43.166092.2023071112253351050800348.0.0.0	sub-011_ses-01_task-fmri_run-07	True	False	True	False
sub-011	ses-01	1.3.12.2.1107.5.2.43.166092.2023071112295831428881169.0.0.0	sub-011_ses-01_task-fmri_run-09	True	False	True	False
sub-011	ses-01	1.3.12.2.1107.5.2.43.166092.2023071112351847085369475.0.0.0	sub-011_ses-01_task-fmri_run-01	True	False	True	False
sub-011	ses-01	1.3.12.2.1107.5.2.43.166092.2023071112404744670151020.0.0.0				True	True
sub-011	ses-01	1.3.12.2.1107.5.2.43.166092.2023071112414254918652615.0.0.0				True	True
sub-011	ses-01	1.3.12.2.1107.5.2.43.166092.2023071112532133537333436.0.0.0	sub-011_ses-01_task-movie_run-01	True	False	True	False
sub-011	ses-01	1.3.12.2.1107.5.2.43.166092.2023071113021360198008561.0.0.0	sub-011_ses-01_task-movie_run-03	True	False	True	False
sub-011	ses-01	1.3.12.2.1107.5.2.43.166092.2023071113063598001683686.0.0.0	sub-011_ses-01_task-movie_run-05	True	False	True	False
sub-011	ses-01	1.3.12.2.1107.5.2.43.166092.202307111311001253258811.0.0.0	sub-011_ses-01_task-movie_run-07	True	False	True	False
sub-011	ses-01	1.3.12.2.1107.5.2.43.166092.2023071113152945374433936.0.0.0	sub-011_ses-01_task-rest_run-01	True	False	True	False
sub-011	ses-02	1.3.12.2.1107.5.2.43.166092.2024011011454026457257007.0.0.0	sub-011_ses-02_task-control_run-03	True	False	True	False
sub-011	ses-02	1.3.12.2.1107.5.2.43.166092.2024011011475749911164496.0.0.0	sub-011_ses-02_task-control_run-05	True	False	True	False
sub-012	ses-01	1.3.12.2.1107.5.2.43.166092.2023071210210839982961989.0.0.0	sub-012_ses-01_task-control_run-01	True	False	True	False
sub-012	ses-01	1.3.12.2.1107.5.2.43.166092.2023071211150922077429353.0.0.0	sub-012_ses-01_task-control_run-03	True	False	True	False
sub-012	ses-01	1.3.12.2.1107.5.2.43.166092.2023071211172137969536840.0.0.0	sub-012_ses-01_task-control_run-05	True	False	True	False
sub-012	ses-01	1.3.12.2.1107.5.2.43.166092.2023071210123750720100347.0.0.0	sub-012_ses-01_task-fmri_run-07	True	False	True	False
sub-012	ses-01	1.3.12.2.1107.5.2.43.166092.2023071210162776254081168.0.0.0	sub-012_ses-01_task-fmri_run-09	True	False	True	False
sub-012	ses-01	1.3.12.2.1107.5.2.43.166092.2023071210221579708869474.0.0.0	sub-012_ses-01_task-fmri_run-01	True	False	True	False
sub-012	ses-01	1.3.12.2.1107.5.2.43.166092.202307121026478763451019.0.0.0				True	True
sub-012	ses-01	1.3.12.2.1107.5.2.43.166092.2023071210310380632631840.0.0.0				True	True
sub-012	ses-01	1.3.12.2.1107.5.2.43.166092.2023071210363648136512661.0.0.0	sub-012_ses-01_task-movie_run-01	True	False	True	False
sub-012	ses-01	1.3.12.2.1107.5.2.43.166092.2023071210401127320387786.0.0.0	sub-012_ses-01_task-movie_run-03	True	False	True	False
sub-012	ses-01	1.3.12.2.1107.5.2.43.166092.2023071210441312004162911.0.0.0	sub-012_ses-01_task-movie_run-05	True	False	True	False
sub-012	ses-01	1.3.12.2.1107.5.2.43.166092.2023071210482264084338036.0.0.0	sub-012_ses-01_task-movie_run-07	True	False	True	False
sub-012	ses-01	1.3.12.2.1107.5.2.43.166092.2023071210532235523313161.0.0.0	sub-012_ses-01_task-rest_run-01	True	False	True	False
sub-013	ses-01	1.3.12.2.1107.5.2.43.166092.2023071710422893894261990.0.0.0	sub-013_ses-01_task-control_run-01	True	False	True	False
sub-013	ses-01	1.3.12.2.1107.5.2.43.166092.2023071711285297902748533.0.0.0	sub-013_ses-01_task-control_run-03	True	False	True	False
sub-013	ses-01	1.3.12.2.1107.5.2.43.166092.2023071711310478731056022.0.0.0	sub-013_ses-01_task-control_run-05	True	False	True	False
sub-013	ses-01	1.3.12.2.1107.5.2.43.166092.2023071710322310913700348.0.0.0	sub-013_ses-01_task-fmri_run-05	True	False	True	False
sub-013	ses-01	1.3.12.2.1107.5.2.43.166092.202307171036123526781169.0.0.0	sub-013_ses-01_task-fmri_run-07	True	False	True	False
sub-013	ses-01	1.3.12.2.1107.5.2.43.166092.2023071710434459364069475.0.0.0	sub-013_ses-01_task-fmri_run-01	True	False	True	False
sub-013	ses-01	1.3.12.2.1107.5.2.43.166092.2023071710475633544450296.0.0.0	sub-013_ses-01_task-fmri_run-03	True	False	True	False
sub-013	ses-01	1.3.12.2.1107.5.2.43.166092.2023071710530847912531117.0.0.0	sub-013_ses-01_task-movie_run-01	True	False	True	False
sub-013	ses-01	1.3.12.2.1107.5.2.43.166092.2023071710564136348306242.0.0.0	sub-013_ses-01_task-movie_run-03	True	False	True	False
sub-013	ses-01	1.3.12.2.1107.5.2.43.166092.2023071711011779109781367.0.0.0	sub-013_ses-01_task-movie_run-05	True	False	True	False
sub-013	ses-01	1.3.12.2.1107.5.2.43.166092.2023071711045445439656492.0.0.0	sub-013_ses-01_task-movie_run-07	True	False	True	False
sub-013	ses-01	1.3.12.2.1107.5.2.43.166092.2023071711095579795931617.0.0.0	sub-013_ses-01_task-rest_run-01	True	False	True	False
sub-014	ses-01	1.3.12.2.1107.5.2.43.166092.2023071913411333607086070.0.0.0	sub-014_ses-01_task-control_run-01	True	False	True	False
sub-014	ses-01	1.3.12.2.1107.5.2.43.166092.2023071914340839672672613.0.0.0	sub-014_ses-01_task-control_run-03	True	False	True	False
sub-014	ses-01	1.3.12.2.1107.5.2.43.166092.2023071914361941909480100.0.0.0	sub-014_ses-01_task-control_run-05	True	False	True	False
sub-014	ses-01	1.3.12.2.1107.5.2.43.166092.2023071913321385095124428.0.0.0	sub-014_ses-01_task-fmri_run-05	True	False	True	False
sub-014	ses-01	1.3.12.2.1107.5.2.43.166092.2023071913360176988505249.0.0.0	sub-014_ses-01_task-fmri_run-07	True	False	True	False
sub-014	ses-01	1.3.12.2.1107.5.2.43.166092.2023071913422896109593555.0.0.0	sub-014_ses-01_task-fmri_run-01	True	False	True	False
sub-014	ses-01	1.3.12.2.1107.5.2.43.166092.2023071913461845147074376.0.0.0	sub-014_ses-01_task-fmri_run-03	True	False	True	False
sub-014	ses-01	1.3.12.2.1107.5.2.43.166092.202307191352047537555197.0.0.0	sub-014_ses-01_task-movie_run-01	True	False	True	False
sub-014	ses-01	1.3.12.2.1107.5.2.43.166092.2023071913553812941930322.0.0.0	sub-014_ses-01_task-movie_run-03	True	False	True	False
sub-014	ses-01	1.3.12.2.1107.5.2.43.166092.2023071914004398061506171.0.0.0	sub-014_ses-01_task-movie_run-05	True	False	True	False
sub-014	ses-01	1.3.12.2.1107.5.2.43.166092.2023071914045239962881296.0.0.0	sub-014_ses-01_task-movie_run-07	True	False	True	False
sub-014	ses-01	1.3.12.2.1107.5.2.43.166092.2023071914104413660956421.0.0.0	sub-014_ses-01_task-rest_run-01	True	False	True	False
sub-015	ses-02	1.3.12.2.1107.5.2.43.166092.2024020817413823354643218.0.0.0	sub-015_ses-02_task-control_run-03	True	False	True	False
sub-015	ses-02	1.3.12.2.1107.5.2.43.166092.2024020817435975104550707.0.0.0	sub-015_ses-02_task-control_run-05	True	False	True	False
sub-016	ses-02	1.3.12.2.1107.5.2.43.166092.2024020710545929993057452.0.0.0	sub-016_ses-02_task-control_run-03	True	False	True	False
sub-016	ses-02	1.3.12.2.1107.5.2.43.166092.2024020710571465213464941.0.0.0	sub-016_ses-02_task-control_run-05	True	False	True	False
sub-017	ses-02	1.3.12.2.1107.5.2.43.166092.2024040910531297440248532.0.0.0	sub-017_ses-02_task-control_run-03	True	False	True	False
sub-017	ses-02	1.3.12.2.1107.5.2.43.166092.20240409105529427756021.0.0.0	sub-017_ses-02_task-control_run-05	True	False	True	False
sub-021	ses-02	1.3.12.2.1107.5.2.43.166092.2024032512342548531614002.0.0.0	sub-021_ses-02_task-control_run-03	True	False	True	False
sub-021	ses-02	1.3.12.2.1107.5.2.43.166092.202403251236428872522039.0.0.0	sub-021_ses-02_task-control_run-05	True	False	True	False
sub-021	ses-02	1.3.12.2.1107.5.2.43.166092.2024032512165220937997810.0.0.0				True	True
sub-022	ses-02	1.3.12.2.1107.5.2.43.166092.2024042216103398661093557.0.0.0	sub-022_ses-02_task-control_run-03	True	False	True	False
sub-022	ses-02	1.3.12.2.1107.5.2.43.166092.2024042216124952612501046.0.0.0	sub-022_ses-02_task-control_run-05	True	False	True	False
sub-024	ses-02	1.3.12.2.1107.5.2.43.166092.2024042311374017299110191.0.0.0	sub-024_ses-02_task-control_run-03	True	False	True	False
sub-024	ses-02	1.3.12.2.1107.5.2.43.166092.2024042311395271538717680.0.0.0	sub-024_ses-02_task-control_run-05	True	False	True	False
sub-026	ses-01	1.3.12.2.1107.5.2.43.166092.2023120110320349626348533.0.0.0	sub-026_ses-01_task-control_run-03	True	False	True	False
sub-026	ses-01	1.3.12.2.1107.5.2.43.166092.2023120110341875705656022.0.0.0	sub-026_ses-01_task-control_run-05	True	False	True	False
sub-028	ses-02	1.3.12.2.1107.5.2.43.166092.2024071413081138849248562.0.0.0	sub-028_ses-02_task-control_run-03	True	False	True	False
sub-028	ses-02	1.3.12.2.1107.5.2.43.166092.2024071413123152345156051.0.0.0	sub-028_ses-02_task-control_run-05	True	False	True	False
sub-032	ses-01	1.3.12.2.1107.5.2.43.166092.2024020915354260424968814.0.0.0	sub-032_ses-01_task-control_run-03	True	False	True	False
sub-032	ses-01	1.3.12.2.1107.5.2.43.166092.202402091538053177876303.0.0.0	sub-032_ses-01_task-control_run-05	True	False	True	False
sub-034	ses-01	1.3.12.2.1107.5.2.43.166092.2024022019004142553848531.0.0.0				True	True
sub-034	ses-01	1.3.12.2.1107.5.2.43.166092.2024022019025742570756022.0.0.0				True	True
sub-034	ses-02	1.3.12.2.1107.5.2.43.166092.2024082719094338666245253.0.0.0	sub-034_ses-02_task-control_run-03	True	False	True	False
sub-034	ses-02	1.3.12.2.1107.5.2.43.166092.2024082719115668164252742.0.0.0	sub-034_ses-02_task-control_run-05	True	False	True	False
sub-035	ses-01	1.3.12.2.1107.5.2.43.166092.2024022716094174651127211.0.0.0	sub-035_ses-01_task-control_run-03	True	False	True	False
sub-035	ses-01	1.3.12.2.1107.5.2.43.166092.2024022716115559415634700.0.0.0	sub-035_ses-01_task-control_run-05	True	False	True	False
sub-038	ses-01	1.3.12.2.1107.5.2.43.166092.2024031010552233644648533.0.0.0	sub-038_ses-01_task-control_run-03	True	False	True	False
sub-038	ses-01	1.3.12.2.1107.5.2.43.166092.202403101057379044556022.0.0.0	sub-038_ses-01_task-control_run-05	True	False	True	False
sub-039	ses-01	1.3.12.2.1107.5.2.43.166092.2024031818172329153404521.0.0.0	sub-039_ses-01_task-control_run-03	True	False	True	False
sub-039	ses-01	1.3.12.2.1107.5.2.43.166092.2024031818193497662612010.0.0.0	sub-039_ses-01_task-control_run-05	True	False	True	False
sub-040	ses-01	1.3.12.2.1107.5.2.43.166092.2024032117145638894241904.0.0.0	sub-040_ses-01_task-control_run-03	True	False	True	False
sub-040	ses-01	1.3.12.2.1107.5.2.43.166092.2024032117170892266949393.0.0.0	sub-040_ses-01_task-control_run-05	True	False	True	False
sub-041	ses-01	1.3.12.2.1107.5.2.43.166092.2024050610591785530558767.0.0.0	sub-041_ses-01_task-control_run-03	True	False	True	False
sub-041	ses-01	1.3.12.2.1107.5.2.43.166092.2024050611013760210966256.0.0.0	sub-041_ses-01_task-control_run-05	True	False	True	False
sub-041	ses-02	1.3.12.2.1107.5.2.43.166092.2024110814191617806763538.0.0.0	sub-041_ses-02_task-control_run-05	True	False	True	False
sub-041	ses-02	1.3.12.2.1107.5.2.43.166092.2024110814213096006471575.0.0.0	sub-041_ses-02_task-control_run-01	True	False	True	False
sub-043	ses-02	1.3.12.2.1107.5.2.43.166092.2025021915290675350309730.0.0.0				True	True
sub-043	ses-02	1.3.12.2.1107.5.2.43.166092.202502191531238229417219.0.0.0				True	True
sub-044	ses-02	1.3.12.2.1107.5.2.43.166092.2025021011302491694948532.0.0.0	sub-044_ses-02_task-control_run-03	True	False	True	False
sub-044	ses-02	1.3.12.2.1107.5.2.43.166092.202502101132415645256021.0.0.0	sub-044_ses-02_task-control_run-05	True	False	True	False
sub-045	ses-01	1.3.12.2.1107.5.2.43.166092.2024082315053327554948538.0.0.0	sub-045_ses-01_task-control_run-03	True	False	True	False
sub-045	ses-01	1.3.12.2.1107.5.2.43.166092.2024082315075052842756027.0.0.0	sub-045_ses-01_task-control_run-05	True	False	True	False
sub-046	ses-01	1.3.12.2.1107.5.2.43.166092.2024082712290276893086751.0.0.0	sub-046_ses-01_task-control_run-03	True	False	True	False
sub-046	ses-01	1.3.12.2.1107.5.2.43.166092.2024082712311051323094241.0.0.0	sub-046_ses-01_task-control_run-05	True	False	True	False
sub-046	ses-02	1.3.12.2.1107.5.2.43.166092.2025022311575676055948533.0.0.0	sub-046_ses-02_task-control_run-03	True	False	True	False
sub-046	ses-02	1.3.12.2.1107.5.2.43.166092.2025022312001743961856022.0.0.0	sub-046_ses-02_task-control_run-05	True	False	True	False
sub-050	ses-01	1.3.12.2.1107.5.2.43.166092.202410151432481241622492.0.0.0	sub-050_ses-01_task-control_run-03	True	False	True	False
sub-050	ses-01	1.3.12.2.1107.5.2.43.166092.2024101514350325151629994.0.0.0	sub-050_ses-01_task-control_run-05	True	False	True	False
sub-051	ses-01	1.3.12.2.1107.5.2.43.166092.2024110511213820666948532.0.0.0	sub-051_ses-01_task-control_run-03	True	False	True	False
sub-051	ses-01	1.3.12.2.1107.5.2.43.166092.202411051123575876556021.0.0.0	sub-051_ses-01_task-control_run-05	True	False	True	False
sub-054	ses-01	1.3.12.2.1107.5.2.43.166092.2025021115524296876160767.0.0.0	sub-054_ses-01_task-control_run-03	True	False	True	False
sub-054	ses-01	1.3.12.2.1107.5.2.43.166092.2025021115524296876160767.0.0.0	sub-054_ses-01_task-control_run-03	True	False	True	False
sub-054	ses-01	1.3.12.2.1107.5.2.43.166092.2025021115544560719068804.0.0.0	sub-054_ses-01_task-control_run-05	True	False	True	False
sub-057	ses-01	1.3.12.2.1107.5.2.43.166092.2024052817515777332852501.0.0.0	sub-057_ses-01_task-control_run-03	True	False	True	False
sub-057	ses-01	1.3.12.2.1107.5.2.43.166092.2024052817541153329060538.0.0.0	sub-057_ses-01_task-control_run-05	True	False	True	False
sub-059	ses-01	1.3.12.2.1107.5.2.43.166092.2025050310561098638048532.0.0.0	sub-059_ses-01_task-control_run-03	True	False	True	False
sub-059	ses-01	1.3.12.2.1107.5.2.43.166092.2025050310582368079656021.0.0.0	sub-059_ses-01_task-control_run-05	True	False	True	False
sub-060	ses-01	1.3.12.2.1107.5.2.43.166092.2025051712423737588023665.0.0.0	sub-060_ses-01_task-control_run-03	True	False	True	False
sub-060	ses-01	1.3.12.2.1107.5.2.43.166092.202505171244533502131154.0.0.0	sub-060_ses-01_task-control_run-05	True	False	True	False
sub-065	ses-01	1.3.12.2.1107.5.2.43.166092.2025030712001326395248869.0.0.0	sub-065_ses-01_task-control_run-03	True	False	True	False
sub-065	ses-01	1.3.12.2.1107.5.2.43.166092.202503071202321064256358.0.0.0	sub-065_ses-01_task-control_run-05	True	False	True	False
sub-065	ses-01	1.3.12.2.1107.5.2.43.166092.2025030711401815599532677.0.0.0	sub-065_ses-01_task-rest_run-01	True	False	True	False
sub-068	ses-01	1.3.12.2.1107.5.2.43.166092.2023101415410723628948549.0.0.0	sub-068_ses-01_task-control_run-03	True	False	True	False
sub-068	ses-01	1.3.12.2.1107.5.2.43.166092.2023101415432128710656038.0.0.0	sub-068_ses-01_task-control_run-05	True	False	True	False
sub-068	ses-02	1.3.12.2.1107.5.2.43.166092.2024041415512875746448531.0.0.0	sub-068_ses-02_task-control_run-03	True	False	True	False
sub-068	ses-02	1.3.12.2.1107.5.2.43.166092.2024041415512875746448531.0.0.0	sub-068_ses-02_task-control_run-03	True	False	True	False
sub-068	ses-02	1.3.12.2.1107.5.2.43.166092.2024041415534951607756020.0.0.0	sub-068_ses-02_task-control_run-05	True	False	True	False
sub-068	ses-02	1.3.12.2.1107.5.2.43.166092.2024041415534951607756020.0.0.0	sub-068_ses-02_task-control_run-05	True	False	True	False
sub-069	ses-02	1.3.12.2.1107.5.2.43.166092.2024041311180224303148532.0.0.0	sub-069_ses-02_task-control_run-03	True	False	True	False
sub-069	ses-02	1.3.12.2.1107.5.2.43.166092.2024041311201841870656021.0.0.0	sub-069_ses-02_task-control_run-05	True	False	True	False
sub-071	ses-01	1.3.12.2.1107.5.2.43.166092.2023111418554495840248532.0.0.0	sub-071_ses-01_task-control_run-03	True	False	True	False
sub-071	ses-01	1.3.12.2.1107.5.2.43.166092.2023111418575886213356022.0.0.0	sub-071_ses-01_task-control_run-05	True	False	True	False
sub-074	ses-01	1.3.12.2.1107.5.2.43.166092.2024052312092932044048532.0.0.0	sub-074_ses-01_task-control_run-03	True	False	True	False
sub-074	ses-01	1.3.12.2.1107.5.2.43.166092.2024052312114697568856021.0.0.0	sub-074_ses-01_task-control_run-05	True	False	True	False
sub-075	ses-01	1.3.12.2.1107.5.2.43.166092.2024091318393037994148532.0.0.0	sub-075_ses-01_task-control_run-03	True	False	True	False
sub-075	ses-01	1.3.12.2.1107.5.2.43.166092.2024091318413620665756034.0.0.0	sub-075_ses-01_task-control_run-05	True	False	True	False
sub-076	ses-01	1.3.12.2.1107.5.2.43.166092.2024100615261710343548532.0.0.0	sub-076_ses-01_task-control_run-03	True	False	True	False
sub-076	ses-01	1.3.12.2.1107.5.2.43.166092.2024100615282432416556022.0.0.0	sub-076_ses-01_task-control_run-05	True	False	True	False
sub-078	ses-01	1.3.12.2.1107.5.2.43.166092.2024112517293391412889712.0.0.0	sub-078_ses-01_task-control_run-03	True	False	True	False
sub-078	ses-01	1.3.12.2.1107.5.2.43.166092.2024112517314789689997201.0.0.0	sub-078_ses-01_task-control_run-05	True	False	True	False
sub-079	ses-01	1.3.12.2.1107.5.2.43.166092.2024120116022957802948532.0.0.0	sub-079_ses-01_task-control_run-03	True	False	True	False
sub-079	ses-01	1.3.12.2.1107.5.2.43.166092.2024120116044966809356021.0.0.0	sub-079_ses-01_task-control_run-05	True	False	True	False
sub-080	ses-01	1.3.12.2.1107.5.2.43.166092.2024120812060655558548532.0.0.0	sub-080_ses-01_task-control_run-03	True	False	True	False
sub-080	ses-01	1.3.12.2.1107.5.2.43.166092.202412081208208654956034.0.0.0	sub-080_ses-01_task-control_run-05	True	False	True	False
sub-082	ses-01	1.3.12.2.1107.5.2.43.166092.2025020615165630077080666.0.0.0	sub-082_ses-01_task-control_run-03	True	False	True	False
sub-082	ses-01	1.3.12.2.1107.5.2.43.166092.2025020615191716129688155.0.0.0	sub-082_ses-01_task-control_run-05	True	False	True	False
sub-083	ses-01	1.3.12.2.1107.5.2.43.166092.2025031412492137030367618.0.0.0	sub-083_ses-01_task-control_run-03	True	False	True	False
sub-083	ses-01	1.3.12.2.1107.5.2.43.166092.2025031412513522713375107.0.0.0	sub-083_ses-01_task-control_run-05	True	False	True	False
