subject	session	protocol_name	embedded_logs	ext_only	verdict	n	n_hi
sub-002	ses-01	fMRI1_AP	EXT	1	UNUSABLE_FLATLINE	10	0
sub-001	ses-01	Control2_PA	EXT	1	UNUSABLE_FLATLINE	44	0
sub-001	ses-01	Control1_PA	EXT	1	UNUSABLE_FLATLINE	43	0
sub-002	ses-01	Control1_PA	EXT	1	UNUSABLE_FLATLINE	43	0
sub-001	ses-01	Control3_AP	EXT	1	UNUSABLE_FLATLINE	43	0
sub-002	ses-01	Control3_AP	EXT	1	UNUSABLE_FLATLINE	43	0
sub-002	ses-01	Control2_PA	EXT	1	UNUSABLE_FLATLINE	43	0
sub-001	ses-01	Movie3_AP	EXT	1	UNUSABLE_FLATLINE	457	0
sub-002	ses-01	Movie1_AP	EXT	1	UNUSABLE_FLATLINE	451	0
sub-001	ses-01	fMRI4_AP	EXT	1	UNUSABLE_FLATLINE	486	0
sub-002	ses-01	Movie4_AP	EXT	1	UNUSABLE_FLATLINE	451	0
sub-002	ses-01	fMRI1_AP	EXT	1	UNUSABLE_FLATLINE	486	0
sub-001	ses-01	Movie1_AP	EXT	1	UNUSABLE_FLATLINE	451	0
sub-001	ses-01	fMRI1_AP	EXT	1	UNUSABLE_FLATLINE	486	0
sub-001	ses-01	fMRI2_AP	EXT	1	UNUSABLE_FLATLINE	486	0
sub-002	ses-01	Movie3_AP	EXT	1	UNUSABLE_FLATLINE	451	0
sub-001	ses-01	Movie4_AP	EXT	1	UNUSABLE_FLATLINE	451	0
sub-002	ses-01	fMRI4_AP	EXT	1	UNUSABLE_FLATLINE	497	0
sub-002	ses-01	fMRI3_AP	EXT	1	UNUSABLE_FLATLINE	486	0
sub-001	ses-01	Movie2_AP	EXT	1	UNUSABLE_FLATLINE	452	0
sub-002	ses-01	Movie2_AP	EXT	1	UNUSABLE_FLATLINE	451	0
sub-003	ses-01	Control3_AP	EXT	1	UNUSABLE_FLATLINE	44	0
sub-003	ses-01	Control2_PA	EXT	1	UNUSABLE_FLATLINE	44	0
sub-003	ses-01	Control1_PA	EXT	1	UNUSABLE_FLATLINE	44	0
sub-002	ses-01	fMRI2_AP	EXT	1	UNUSABLE_FLATLINE	486	0
sub-001	ses-01	fMRI3_AP	EXT	1	UNUSABLE_FLATLINE	486	0
sub-001	ses-01	REST1_AP	EXT	1	UNUSABLE_FLATLINE	688	0
sub-002	ses-01	REST1_AP	EXT	1	UNUSABLE_FLATLINE	697	0
sub-003	ses-01	fMRI3_AP	EXT	1	UNUSABLE_FLATLINE	486	0
sub-003	ses-01	fMRI1_AP	EXT	1	UNUSABLE_FLATLINE	486	0
sub-003	ses-01	fMRI4_AP	EXT	1	UNUSABLE_FLATLINE	486	0
sub-003	ses-01	Movie2_AP	EXT	1	UNUSABLE_FLATLINE	451	0
sub-003	ses-01	Movie3_AP	EXT	1	UNUSABLE_FLATLINE	451	0
sub-003	ses-01	Movie1_AP	EXT	1	UNUSABLE_FLATLINE	460	0
sub-003	ses-01	fMRI2_AP	EXT	1	UNUSABLE_FLATLINE	497	0
sub-003	ses-01	Movie4_AP	EXT	1	UNUSABLE_FLATLINE	451	0
sub-034	ses-02	Control2_AP	EXT	1	UNUSABLE_FLATLINE	45	0
sub-034	ses-02	Control3_PA	EXT	1	UNUSABLE_FLATLINE	45	0
sub-003	ses-01	REST1_AP	EXT	1	UNUSABLE_FLATLINE	688	0
sub-004	ses-01	Control1_PA	EXT	1	UNUSABLE_FLATLINE	43	0
sub-004	ses-01	Control2_PA	EXT	1	UNUSABLE_FLATLINE	43	0
sub-004	ses-01	Control3_AP	EXT	1	UNUSABLE_FLATLINE	43	0
sub-004	ses-01	fMRI2_AP	EXT	1	UNUSABLE_FLATLINE	498	0
sub-005	ses-01	Control1_PA	EXT	1	UNUSABLE_FLATLINE	43	0
sub-005	ses-01	Control2_AP	EXT	1	UNUSABLE_FLATLINE	44	0
sub-004	ses-01	Movie1_AP	EXT	1	UNUSABLE_FLATLINE	451	0
sub-004	ses-01	Movie2_AP	EXT	1	UNUSABLE_FLATLINE	451	0
sub-004	ses-01	fMRI3_AP	EXT	1	UNUSABLE_FLATLINE	497	0
sub-004	ses-01	fMRI4_AP	EXT	1	UNUSABLE_FLATLINE	492	0
sub-004	ses-01	fMRI1_AP	EXT	1	UNUSABLE_FLATLINE	497	0
sub-004	ses-01	Movie3_AP	EXT	1	UNUSABLE_FLATLINE	451	0
sub-005	ses-01	Control3_PA	EXT	1	UNUSABLE_FLATLINE	43	0
sub-005	ses-01	Control2_AP_redo	EXT	1	UNUSABLE_FLATLINE	43	0
sub-004	ses-01	Movie4_AP	EXT	1	UNUSABLE_FLATLINE	451	0
sub-006	ses-01	Control3_AP	EXT	1	UNUSABLE_FLATLINE	43	0
sub-006	ses-01	Control2_PA	EXT	1	UNUSABLE_FLATLINE	43	0
sub-006	ses-01	Control1_PA	EXT	1	UNUSABLE_FLATLINE	44	0
sub-004	ses-01	REST1_AP	EXT	1	UNUSABLE_FLATLINE	688	0
sub-005	ses-01	fMRI3_AP	EXT	1	UNUSABLE_FLATLINE	487	0
sub-005	ses-01	Movie1_AP	EXT	1	UNUSABLE_FLATLINE	451	0
sub-005	ses-01	fMRI2_AP	EXT	1	UNUSABLE_FLATLINE	490	0
sub-005	ses-01	Movie2_AP	EXT	1	UNUSABLE_FLATLINE	451	0
sub-005	ses-01	fMRI4_AP	EXT	1	UNUSABLE_FLATLINE	486	0
sub-005	ses-01	fMRI1_AP	EXT	1	UNUSABLE_FLATLINE	486	0
sub-005	ses-01	Movie4_AP	EXT	1	UNUSABLE_FLATLINE	451	0
sub-006	ses-01	fMRI2_AP	EXT	1	UNUSABLE_FLATLINE	486	0
sub-006	ses-01	fMRI1_AP	EXT	1	UNUSABLE_FLATLINE	486	0
sub-006	ses-01	fMRI3_AP	EXT	1	UNUSABLE_FLATLINE	492	0
sub-005	ses-01	REST1_AP	EXT	1	UNUSABLE_FLATLINE	688	0
sub-006	ses-01	fMRI4_AP	EXT	1	UNUSABLE_FLATLINE	486	0
sub-006	ses-01	Movie4_AP	EXT	1	UNUSABLE_FLATLINE	451	0
sub-006	ses-01	Movie2_AP	EXT	1	UNUSABLE_FLATLINE	451	0
sub-006	ses-01	Movie1_AP	EXT	1	UNUSABLE_FLATLINE	451	0
sub-006	ses-01	Movie3_AP	EXT	1	UNUSABLE_FLATLINE	451	0
sub-006	ses-01	REST1_AP	EXT	1	UNUSABLE_FLATLINE	688	0
sub-010	ses-01	Control1_PA	EXT	1	UNUSABLE_FLATLINE	44	0
sub-010	ses-01	Control3_PA	EXT	1	UNUSABLE_FLATLINE	44	0
sub-010	ses-01	Control2_AP	EXT	1	UNUSABLE_FLATLINE	44	0
sub-011	ses-01	Control3_PA	EXT	1	UNUSABLE_FLATLINE	44	0
sub-011	ses-01	Control2_AP	EXT	1	UNUSABLE_FLATLINE	44	0
sub-051	ses-01	Control1_PA	PULS;RESP;EXT	0	UNUSABLE_FLATLINE	43	0
sub-052	ses-02	fMRI4_AP	PULS;RESP;EXT	0	UNUSABLE_FLATLINE	475	0
sub-004	ses-02	Movie4_AP	PULS;RESP;EXT	0	UNUSABLE_FLATLINE	451	0
sub-035	ses-02	fMRI2_AP	PULS;RESP;EXT	0	UNUSABLE_FLATLINE	498	0
sub-067	ses-01	fMRI4_AP	PULS;RESP;EXT	0	UNUSABLE_FLATLINE	497	0
sub-066	ses-01	fMRI4_AP	RESP;EXT	0	UNUSABLE_FLATLINE	498	0
sub-052	ses-02	Control3_PA	PULS;RESP;EXT	0	UNUSABLE_FLATLINE	42	0
sub-041	ses-01	fMRI3_AP	RESP;EXT	0	UNUSABLE_FLATLINE	486	0
sub-067	ses-01	Control3_PA	PULS;RESP;EXT	0	UNUSABLE_FLATLINE	44	0
sub-047	ses-01	Control2_AP	PULS;RESP;EXT	0	UNUSABLE_FLATLINE	44	0
sub-074	ses-01	REST1_AP	PULS;RESP;EXT	0	UNUSABLE_FLATLINE	704	0
sub-031	ses-01	Movie1_AP	RESP;EXT	0	UNUSABLE_FLATLINE	455	0
sub-067	ses-01	Movie1_AP	PULS;RESP;EXT	0	UNUSABLE_FLATLINE	461	0
sub-023	ses-01	Control1_PA	PULS;RESP;EXT	0	UNUSABLE_FLATLINE	44	0
sub-039	ses-01	Movie4_AP	PULS;RESP;EXT	0	UNUSABLE_FLATLINE	451	0
sub-023	ses-01	Control3_PA	PULS;RESP;EXT	0	UNUSABLE_FLATLINE	43	0
sub-017	ses-01	Movie4_AP	PULS;RESP;EXT	0	UNUSABLE_FLATLINE	467	0
sub-081	ses-01	fMRI2_AP	PULS;RESP;EXT	0	UNUSABLE_FLATLINE	474	0
sub-034	ses-01	Movie4_AP	PULS;RESP;EXT	0	UNUSABLE_FLATLINE	451	0
sub-068	ses-02	REST1_AP	PULS;RESP;EXT	0	UNUSABLE_FLATLINE	688	0
sub-078	ses-01	Movie4_AP	PULS;RESP;EXT	0	UNUSABLE_FLATLINE	451	0
sub-022	ses-01	Movie3_AP	PULS;RESP;EXT	0	UNUSABLE_FLATLINE	462	0
sub-040	ses-01	fMRI2_AP	PULS;RESP;EXT	0	UNUSABLE_FLATLINE	486	0
sub-017	ses-02	Movie3_AP	PULS;RESP;EXT	0	UNUSABLE_FLATLINE	451	0
sub-015	ses-02	Movie3_AP	PULS;RESP;EXT	0	UNUSABLE_FLATLINE	451	0
sub-041	ses-02	REST1_AP	PULS;RESP;EXT	0	UNUSABLE_FLATLINE	702	0
sub-066	ses-01	Control2_AP	PULS;RESP;EXT	0	UNUSABLE_FLATLINE	44	0
sub-070	ses-01	fMRI1_AP	PULS;RESP;EXT	0	UNUSABLE_FLATLINE	486	0
sub-019	ses-02	Control3_PA	RESP;EXT	0	UNUSABLE_FLATLINE	43	0
sub-047	ses-01	Control3_PA	PULS;RESP;EXT	0	UNUSABLE_FLATLINE	45	0
sub-052	ses-01	REST1_AP	PULS;RESP;EXT	0	UNUSABLE_FLATLINE	688	0
sub-040	ses-02	fMRI2_AP	PULS;RESP;EXT	0	UNUSABLE_FLATLINE	486	0
sub-080	ses-01	Movie4_AP	PULS;EXT	0	UNUSABLE_FLATLINE	451	0
sub-031	ses-01	Control2_AP	RESP;EXT	0	UNUSABLE_FLATLINE	44	0
sub-071	ses-01	fMRI2_AP	PULS;RESP;EXT	0	UNUSABLE_FLATLINE	486	0
sub-055	ses-01	fMRI3_AP	PULS;RESP;EXT	0	UNUSABLE_FLATLINE	486	0
sub-068	ses-02	fMRI2_AP	PULS;RESP;EXT	0	UNUSABLE_FLATLINE	497	0
sub-035	ses-02	fMRI1_AP	PULS;RESP;EXT	0	UNUSABLE_FLATLINE	497	0
sub-015	ses-02	Control1_PA	PULS;RESP;EXT	0	UNUSABLE_FLATLINE	43	0
sub-069	ses-02	Movie3_AP	PULS;RESP;EXT	0	UNUSABLE_FLATLINE	451	0
sub-034	ses-02	Movie3_AP	RESP;EXT	0	UNUSABLE_FLATLINE	472	0
sub-016	ses-02	fMRI4_AP	PULS;RESP;EXT	0	UNUSABLE_FLATLINE	486	0
sub-050	ses-01	Movie3_AP	PULS;RESP;EXT	0	UNUSABLE_FLATLINE	461	0
sub-083	ses-01	Control1_PA	PULS;RESP;EXT	0	UNUSABLE_FLATLINE	41	0
sub-001	ses-02	Control2_AP	PULS;RESP;EXT	0	UNUSABLE_FLATLINE	43	0
sub-080	ses-01	REST1_AP	PULS;EXT	0	UNUSABLE_FLATLINE	672	0
sub-066	ses-02	Movie1_AP	PULS;RESP;EXT	0	UNUSABLE_FLATLINE	455	0
sub-043	ses-02	fMRI2_AP	PULS;RESP;EXT	0	UNUSABLE_FLATLINE	493	0
sub-033	ses-01	fMRI3_AP	PULS;RESP;EXT	0	UNUSABLE_FLATLINE	486	0
sub-044	ses-02	Movie3_AP	RESP;EXT	0	UNUSABLE_FLATLINE	440	0
sub-016	ses-02	Control1_PA	PULS;RESP;EXT	0	UNUSABLE_FLATLINE	43	0
sub-025	ses-02	fMRI2_AP	PULS;RESP;EXT	0	UNUSABLE_FLATLINE	486	0
sub-077	ses-01	Control1_PA	PULS;RESP;EXT	0	UNUSABLE_FLATLINE	43	0
sub-033	ses-01	Control1_PA	PULS;RESP;EXT	0	UNUSABLE_FLATLINE	44	0
sub-030	ses-01	REST1_AP	PULS;RESP;EXT	0	UNUSABLE_FLATLINE	688	0
sub-019	ses-02	REST1_AP	PULS;RESP;EXT	0	UNUSABLE_FLATLINE	703	0
sub-072	ses-02	Movie4_AP	PULS;RESP;EXT	0	UNUSABLE_FLATLINE	462	0
sub-058	ses-01	Control3_PA	PULS;RESP;EXT	0	UNUSABLE_FLATLINE	41	0
sub-016	ses-01	Movie1_AP	PULS;RESP;EXT	0	UNUSABLE_FLATLINE	461	0
sub-015	ses-02	fMRI4_AP	PULS;RESP;EXT	0	UNUSABLE_FLATLINE	486	0
sub-041	ses-02	Movie1_AP	PULS;RESP;EXT	0	UNUSABLE_FLATLINE	461	0
sub-067	ses-01	Movie4_AP	PULS;RESP;EXT	0	UNUSABLE_FLATLINE	462	0
sub-065	ses-01	Movie2_AP	PULS;RESP;EXT	0	UNUSABLE_FLATLINE	430	0
sub-017	ses-02	Movie2_AP	PULS;RESP;EXT	0	UNUSABLE_FLATLINE	451	0
sub-041	ses-01	Movie4_AP	RESP;EXT	0	UNUSABLE_FLATLINE	451	0
sub-072	ses-01	Movie2_AP	PULS;RESP;EXT	0	UNUSABLE_FLATLINE	447	0
sub-038	ses-02	Movie2_AP	PULS;RESP;EXT	0	UNUSABLE_FLATLINE	461	0
sub-019	ses-02	fMRI3_AP	PULS;RESP;EXT	0	UNUSABLE_FLATLINE	486	0
sub-071	ses-01	fMRI1_AP	PULS;RESP;EXT	0	UNUSABLE_FLATLINE	486	0
sub-043	ses-02	Movie2_AP	PULS;RESP;EXT	0	UNUSABLE_FLATLINE	430	0
sub-071	ses-01	Movie1_AP	PULS;RESP;EXT	0	UNUSABLE_FLATLINE	451	0
sub-031	ses-01	Control3_PA	RESP;EXT	0	UNUSABLE_FLATLINE	44	0
sub-077	ses-01	Movie4_AP	PULS;RESP;EXT	0	UNUSABLE_FLATLINE	451	0
sub-069	ses-02	Movie1_AP	PULS;RESP;EXT	0	UNUSABLE_FLATLINE	451	0
sub-076	ses-01	fMRI3_AP	PULS;EXT	0	UNUSABLE_FLATLINE	497	0
sub-038	ses-02	fMRI2_AP	PULS;RESP;EXT	0	UNUSABLE_FLATLINE	498	0
sub-059	ses-01	Control1_PA	RESP;EXT	0	UNUSABLE_FLATLINE	43	0
sub-016	ses-02	Movie4_AP	PULS;RESP;EXT	0	UNUSABLE_FLATLINE	454	0
sub-077	ses-01	fMRI1_AP	PULS;RESP;EXT	0	UNUSABLE_FLATLINE	486	0
sub-041	ses-02	Movie4_AP	PULS;RESP;EXT	0	UNUSABLE_FLATLINE	451	0
