participant	session	bids_run	run_id	stimulus	protocol_name	mapping_confidence
sub-001	ses-01	run-01	1	Movie1A.mp4	Movie1_AP	high_protocolname
sub-001	ses-01	run-03	2	Movie2A.mp4	Movie2_AP	high_protocolname
sub-001	ses-01	run-05	3	Movie1B.mp4	Movie3_AP	high_protocolname
sub-001	ses-01	run-07	4	Movie2B.mp4	Movie4_AP	high_protocolname
sub-001	ses-02	run-01	1	Movie1A.mp4	Movie1_AP	high_protocolname
sub-001	ses-02	run-03	2	Movie2A.mp4	Movie2_AP	high_protocolname
sub-001	ses-02	run-05	3	Movie1B.mp4	Movie3_AP	high_protocolname
sub-001	ses-02	run-07	4	Movie2B.mp4	Movie4_AP	high_protocolname
sub-002	ses-01	run-01	1	Movie1A.mp4	Movie1_AP	high_protocolname
sub-002	ses-01	run-03	2	Movie2A.mp4	Movie2_AP	high_protocolname
sub-002	ses-01	run-05	3	Movie1B.mp4	Movie3_AP	high_protocolname
sub-002	ses-01	run-07	4	Movie2B.mp4	Movie4_AP	high_protocolname
sub-002	ses-02	run-01	1	Movie1A.mp4	Movie1_AP	high_protocolname
sub-002	ses-02	run-03	2	Movie2A.mp4	Movie2_AP	high_protocolname
sub-002	ses-02	run-05	3	Movie1B.mp4	Movie3_AP	high_protocolname
sub-002	ses-02	run-07	4	Movie2B.mp4	Movie4_AP	high_protocolname
sub-003	ses-01	run-01	1	Movie1A.mp4	Movie1_AP	high_protocolname
sub-003	ses-01	run-03	2	Movie2A.mp4	Movie2_AP	high_protocolname
sub-003	ses-01	run-05	3	Movie1B.mp4	Movie3_AP	high_protocolname
sub-003	ses-01	run-07	4	Movie2B.mp4	Movie4_AP	high_protocolname
sub-003	ses-02	run-01	1	Movie1A.mp4	Movie1_AP	high_protocolname
sub-003	ses-02	run-03	2	Movie2A.mp4	Movie2_AP	high_protocolname
sub-003	ses-02	run-05	3	Movie1B.mp4	Movie3_AP	high_protocolname
sub-003	ses-02	run-07	4	Movie2B.mp4	Movie4_AP	high_protocolname
sub-004	ses-01	run-01	1	Movie1A.mp4	Movie1_AP	high_protocolname
sub-004	ses-01	run-03	2	Movie2A.mp4	Movie2_AP	high_protocolname
sub-004	ses-01	run-05	3	Movie1B.mp4	Movie3_AP	high_protocolname
sub-004	ses-01	run-07	4	Movie2B.mp4	Movie4_AP	high_protocolname
sub-004	ses-02	run-01	1	Movie1A.mp4	Movie1_AP	high_protocolname
sub-004	ses-02	run-03	2	Movie2A.mp4	Movie2_AP	high_protocolname
sub-004	ses-02	run-05	3	Movie1B.mp4	Movie3_AP	high_protocolname
sub-004	ses-02	run-07	4	Movie2B.mp4	Movie4_AP	high_protocolname
sub-005	ses-01	run-01	1	Movie1A.mp4	Movie1_AP	high_protocolname
sub-005	ses-01	run-03	2	Movie2A.mp4	Movie2_AP	high_protocolname
sub-005	ses-01	run-05	3	Movie1B.mp4	Movie3_AP	high_protocolname
sub-005	ses-01	run-07	4	Movie2B.mp4	Movie4_AP	high_protocolname
sub-005	ses-02	run-01	1	Movie1A.mp4	Movie1_AP	high_protocolname
sub-005	ses-02	run-03	2	Movie2A.mp4	Movie2_AP	high_protocolname
sub-005	ses-02	run-05	3	Movie1B.mp4	Movie3_AP	high_protocolname
sub-005	ses-02	run-07	4	Movie2B.mp4	Movie4_AP	high_protocolname
sub-006	ses-01	run-01	1	Movie1A.mp4	Movie1_AP	high_protocolname
sub-006	ses-01	run-03	2	Movie2A.mp4	Movie2_AP	high_protocolname
sub-006	ses-01	run-05	3	Movie1B.mp4	Movie3_AP	high_protocolname
sub-006	ses-01	run-07	4	Movie2B.mp4	Movie4_AP	high_protocolname
sub-006	ses-02	run-01	1	Movie1A.mp4	Movie1_AP	high_protocolname
sub-006	ses-02	run-03	2	Movie2A.mp4	Movie2_AP	high_protocolname
sub-006	ses-02	run-05	3	Movie1B.mp4	Movie3_AP	high_protocolname
sub-006	ses-02	run-07	4	Movie2B.mp4	Movie4_AP	high_protocolname
sub-007	ses-01	run-01	1	Movie1A.mp4	Movie1_AP	high_protocolname
sub-007	ses-01	run-03	2	Movie2A.mp4	Movie2_AP	high_protocolname
sub-007	ses-01	run-05	3	Movie1B.mp4	Movie3_AP	high_protocolname
sub-007	ses-01	run-07	4	Movie2B.mp4	Movie4_AP	high_protocolname
sub-007	ses-01	run-09	4	Movie2B.mp4	Movie4_AP_redo_cuz_gogle_moved	high_protocolname
sub-007	ses-02	run-01	1	Movie1A.mp4	Movie1_AP	high_protocolname
sub-007	ses-02	run-03	2	Movie2A.mp4	Movie2_AP	high_protocolname
sub-007	ses-02	run-05	3	Movie1B.mp4	Movie3_AP	high_protocolname
sub-007	ses-02	run-07	4	Movie2B.mp4	Movie4_AP	high_protocolname
sub-008	ses-01	run-01	1	Movie1A.mp4	Movie1_AP	high_protocolname
sub-008	ses-01	run-03	2	Movie2A.mp4	Movie2_AP	high_protocolname
sub-008	ses-01	run-05	3	Movie1B.mp4	Movie3_AP	high_protocolname
sub-008	ses-01	run-07	4	Movie2B.mp4	Movie4_AP	high_protocolname
sub-008	ses-02	run-01	1	Movie1A.mp4	Movie1_AP	high_protocolname
sub-008	ses-02	run-03	2	Movie2A.mp4	Movie2_AP	high_protocolname
sub-008	ses-02	run-05	3	Movie1B.mp4	Movie3_AP	high_protocolname
sub-008	ses-02	run-07	4	Movie2B.mp4	Movie4_AP	high_protocolname
sub-009	ses-01	run-01	1	Movie1A.mp4	Movie1_AP	high_protocolname
sub-009	ses-01	run-03	2	Movie2A.mp4	Movie2_AP	high_protocolname
sub-009	ses-01	run-05	3	Movie1B.mp4	Movie3_AP	high_protocolname
sub-009	ses-01	run-07	4	Movie2B.mp4	Movie4_AP	high_protocolname
sub-009	ses-02	run-01	1	Movie1A.mp4	Movie1_AP	high_protocolname
sub-009	ses-02	run-03	2	Movie2A.mp4	Movie2_AP	high_protocolname
sub-009	ses-02	run-05	3	Movie1B.mp4	Movie3_AP	high_protocolname
sub-009	ses-02	run-07	4	Movie2B.mp4	Movie4_AP	high_protocolname
sub-010	ses-01	run-01	1	Movie1A.mp4	Movie1_AP	high_protocolname
sub-010	ses-01	run-03	1	Movie1A.mp4	Movie1_AP	high_protocolname
sub-011	ses-01	run-01	1	Movie1A.mp4	Movie1_AP	high_protocolname
sub-011	ses-01	run-03	2	Movie2A.mp4	Movie2_AP	high_protocolname
sub-011	ses-01	run-05	3	Movie1B.mp4	Movie3_AP	high_protocolname
sub-011	ses-01	run-07	4	Movie2B.mp4	Movie4_AP	high_protocolname
sub-011	ses-02	run-01	1	Movie1A.mp4	Movie1_AP	high_protocolname
sub-011	ses-02	run-03	2	Movie2A.mp4	Movie2_AP	high_protocolname
sub-011	ses-02	run-05	3	Movie1B.mp4	Movie3_AP	high_protocolname
sub-011	ses-02	run-07	4	Movie2B.mp4	Movie4_AP	high_protocolname
sub-012	ses-01	run-01	1	Movie1A.mp4	Movie1_AP	high_protocolname
sub-012	ses-01	run-03	2	Movie2A.mp4	Movie2_AP	high_protocolname
sub-012	ses-01	run-05	3	Movie1B.mp4	Movie3_AP	high_protocolname
sub-012	ses-01	run-07	4	Movie2B.mp4	Movie4_AP	high_protocolname
sub-012	ses-02	run-01	1	Movie1A.mp4	Movie1_AP	high_protocolname
sub-012	ses-02	run-03	2	Movie2A.mp4	Movie2_AP	high_protocolname
sub-012	ses-02	run-05	3	Movie1B.mp4	Movie3_AP	high_protocolname
sub-012	ses-02	run-07	4	Movie2B.mp4	Movie4_AP	high_protocolname
sub-013	ses-01	run-01	1	Movie1A.mp4	Movie1_AP	high_protocolname
sub-013	ses-01	run-03	2	Movie2A.mp4	Movie2_AP	high_protocolname
sub-013	ses-01	run-05	3	Movie1B.mp4	Movie3_AP	high_protocolname
sub-013	ses-01	run-07	4	Movie2B.mp4	Movie4_AP	high_protocolname
sub-014	ses-01	run-01	1	Movie1A.mp4	Movie1_AP	high_protocolname
sub-014	ses-01	run-03	2	Movie2A.mp4	Movie2_AP	high_protocolname
sub-014	ses-01	run-05	3	Movie1B.mp4	Movie3_AP	high_protocolname
sub-014	ses-01	run-07	4	Movie2B.mp4	Movie4_AP	high_protocolname
sub-015	ses-01	run-01	1	Movie1A.mp4	Movie1_AP	high_protocolname
sub-015	ses-01	run-03	2	Movie2A.mp4	Movie2_AP	high_protocolname
sub-015	ses-01	run-05	3	Movie1B.mp4	Movie3_AP	high_protocolname
sub-015	ses-01	run-07	4	Movie2B.mp4	Movie4_AP	high_protocolname
sub-015	ses-02	run-01	1	Movie1A.mp4	Movie1_AP	high_protocolname
sub-015	ses-02	run-03	2	Movie2A.mp4	Movie2_AP	high_protocolname
sub-015	ses-02	run-05	3	Movie1B.mp4	Movie3_AP	high_protocolname
sub-015	ses-02	run-07	4	Movie2B.mp4	Movie4_AP	high_protocolname
sub-016	ses-01	run-01	1	Movie1A.mp4	Movie1_AP	high_protocolname
sub-016	ses-01	run-03	2	Movie2A.mp4	Movie2_AP	high_protocolname
sub-016	ses-01	run-05	3	Movie1B.mp4	Movie3_AP	high_protocolname
sub-016	ses-01	run-07	4	Movie2B.mp4	Movie4_AP	high_protocolname
sub-016	ses-02	run-01	1	Movie1A.mp4	Movie1_AP	high_protocolname
sub-016	ses-02	run-03	2	Movie2A.mp4	Movie2_AP	high_protocolname
sub-016	ses-02	run-05	3	Movie1B.mp4	Movie3_AP	high_protocolname
sub-016	ses-02	run-07	4	Movie2B.mp4	Movie4_AP	high_protocolname
sub-017	ses-01	run-01	1	Movie1A.mp4	Movie1_AP	high_protocolname
sub-017	ses-01	run-03	2	Movie2A.mp4	Movie2_AP	high_protocolname
sub-017	ses-01	run-05	3	Movie1B.mp4	Movie3_AP	high_protocolname
sub-017	ses-01	run-07	4	Movie2B.mp4	Movie4_AP	high_protocolname
sub-017	ses-02	run-01	1	Movie1A.mp4	Movie1_AP	high_protocolname
sub-017	ses-02	run-03	2	Movie2A.mp4	Movie2_AP	high_protocolname
sub-017	ses-02	run-05	3	Movie1B.mp4	Movie3_AP	high_protocolname
sub-017	ses-02	run-07	4	Movie2B.mp4	Movie4_AP	high_protocolname
sub-018	ses-01	run-01	1	Movie1A.mp4	Movie1_AP	high_protocolname
sub-018	ses-01	run-03	2	Movie2A.mp4	Movie2_AP	high_protocolname
sub-018	ses-01	run-05	3	Movie1B.mp4	Movie3_AP	high_protocolname
sub-018	ses-01	run-07	4	Movie2B.mp4	Movie4_AP	high_protocolname
sub-019	ses-01	run-01	1	Movie1A.mp4	Movie1_AP	high_protocolname
sub-019	ses-01	run-03	2	Movie2A.mp4	Movie2_AP	high_protocolname
sub-019	ses-01	run-05	3	Movie1B.mp4	Movie3_AP	high_protocolname
sub-019	ses-01	run-07	4	Movie2B.mp4	Movie4_AP	high_protocolname
sub-019	ses-02	run-01	1	Movie1A.mp4	Movie1_AP	high_protocolname
sub-019	ses-02	run-03	2	Movie2A.mp4	Movie2_AP	high_protocolname
sub-019	ses-02	run-05	3	Movie1B.mp4	Movie3_AP	high_protocolname
sub-019	ses-02	run-07	4	Movie2B.mp4	Movie4_AP	high_protocolname
sub-020	ses-01	run-01	1	Movie1A.mp4	Movie1_AP	high_protocolname
sub-020	ses-01	run-03	2	Movie2A.mp4	Movie2_AP	high_protocolname
sub-020	ses-01	run-05	3	Movie1B.mp4	Movie3_AP	high_protocolname
sub-020	ses-01	run-07	4	Movie2B.mp4	Movie4_AP	high_protocolname
sub-021	ses-01	run-01	1	Movie1A.mp4	Movie1_AP	high_protocolname
sub-021	ses-01	run-03	2	Movie2A.mp4	Movie2_AP	high_protocolname
sub-021	ses-01	run-05	3	Movie1B.mp4	Movie3_AP	high_protocolname
sub-021	ses-01	run-07	4	Movie2B.mp4	Movie4_AP	high_protocolname
sub-021	ses-02	run-01	1	Movie1A.mp4	Movie1_AP	high_protocolname
sub-021	ses-02	run-03	2	Movie2A.mp4	Movie2_AP	high_protocolname
sub-021	ses-02	run-05	3	Movie1B.mp4	Movie3_AP	high_protocolname
sub-021	ses-02	run-07	4	Movie2B.mp4	Movie4_AP	high_protocolname
sub-022	ses-01	run-01	1	Movie1A.mp4	Movie1_AP	high_protocolname
sub-022	ses-01	run-03	2	Movie2A.mp4	Movie2_AP	high_protocolname
sub-022	ses-01	run-05	3	Movie1B.mp4	Movie3_AP	high_protocolname
sub-022	ses-01	run-07	4	Movie2B.mp4	Movie4_AP	high_protocolname
sub-022	ses-02	run-01	1	Movie1A.mp4	Movie1_AP	high_protocolname
sub-022	ses-02	run-03	2	Movie2A.mp4	Movie2_AP	high_protocolname
sub-022	ses-02	run-05	3	Movie1B.mp4	Movie3_AP	high_protocolname
sub-022	ses-02	run-07	4	Movie2B.mp4	Movie4_AP	high_protocolname
sub-023	ses-01	run-01	1	Movie1A.mp4	Movie1_AP	high_protocolname
sub-023	ses-01	run-03	2	Movie2A.mp4	Movie2_AP	high_protocolname
sub-023	ses-01	run-05	3	Movie1B.mp4	Movie3_AP	high_protocolname
sub-023	ses-01	run-07	4	Movie2B.mp4	Movie4_AP	high_protocolname
sub-023	ses-02	run-01	1	Movie1A.mp4	Movie1_AP	high_protocolname
sub-023	ses-02	run-03	2	Movie2A.mp4	Movie2_AP	high_protocolname
sub-023	ses-02	run-05	3	Movie1B.mp4	Movie3_AP	high_protocolname
sub-023	ses-02	run-07	4	Movie2B.mp4	Movie4_AP	high_protocolname
sub-024	ses-01	run-01	1	Movie1A.mp4	Movie1_AP	high_protocolname
sub-024	ses-01	run-03	2	Movie2A.mp4	Movie2_AP	high_protocolname
sub-024	ses-01	run-05	3	Movie1B.mp4	Movie3_AP	high_protocolname
sub-024	ses-01	run-07	4	Movie2B.mp4	Movie4_AP	high_protocolname
sub-024	ses-02	run-01	1	Movie1A.mp4	Movie1_AP	high_protocolname
sub-024	ses-02	run-03	2	Movie2A.mp4	Movie2_AP	high_protocolname
sub-024	ses-02	run-05	3	Movie1B.mp4	Movie3_AP	high_protocolname
sub-024	ses-02	run-07	4	Movie2B.mp4	Movie4_AP	high_protocolname
sub-025	ses-01	run-01	1	Movie1A.mp4	Movie1_AP	high_protocolname
sub-025	ses-01	run-03	2	Movie2A.mp4	Movie2_AP	high_protocolname
sub-025	ses-01	run-05	3	Movie1B.mp4	Movie3_AP	high_protocolname
sub-025	ses-01	run-07	4	Movie2B.mp4	Movie4_AP	high_protocolname
sub-025	ses-02	run-01	1	Movie1A.mp4	Movie1_AP	high_protocolname
sub-025	ses-02	run-03	2	Movie2A.mp4	Movie2_AP	high_protocolname
sub-025	ses-02	run-05	3	Movie1B.mp4	Movie3_AP	high_protocolname
sub-025	ses-02	run-07	4	Movie2B.mp4	Movie4_AP	high_protocolname
sub-026	ses-01	run-01	1	Movie1A.mp4	Movie1_AP	high_protocolname
sub-026	ses-01	run-03	2	Movie2A.mp4	Movie2_AP	high_protocolname
sub-026	ses-01	run-05	3	Movie1B.mp4	Movie3_AP	high_protocolname
sub-026	ses-01	run-07	4	Movie2B.mp4	Movie4_AP	high_protocolname
sub-026	ses-02	run-01	1	Movie1A.mp4	Movie1_AP	high_protocolname
sub-026	ses-02	run-03	2	Movie2A.mp4	Movie2_AP	high_protocolname
sub-026	ses-02	run-05	3	Movie1B.mp4	Movie3_AP	high_protocolname
sub-026	ses-02	run-07	4	Movie2B.mp4	Movie4_AP	high_protocolname
sub-027	ses-01	run-01	1	Movie1A.mp4	Movie1_AP	high_protocolname
sub-027	ses-01	run-03	2	Movie2A.mp4	Movie2_AP	high_protocolname
sub-027	ses-01	run-05	3	Movie1B.mp4	Movie3_AP	high_protocolname
sub-027	ses-01	run-07	4	Movie2B.mp4	Movie4_AP	high_protocolname
sub-027	ses-02	run-01	1	Movie1A.mp4	Movie1_AP	high_protocolname
sub-027	ses-02	run-03	2	Movie2A.mp4	Movie2_AP	high_protocolname
sub-027	ses-02	run-05	3	Movie1B.mp4	Movie3_AP	high_protocolname
sub-027	ses-02	run-07	4	Movie2B.mp4	Movie4_AP	high_protocolname
sub-028	ses-01	run-01	1	Movie1A.mp4	Movie1_AP	high_protocolname
sub-028	ses-01	run-03	2	Movie2A.mp4	Movie2_AP	high_protocolname
sub-028	ses-01	run-05	3	Movie1B.mp4	Movie3_AP	high_protocolname
sub-028	ses-01	run-07	4	Movie2B.mp4	Movie4_AP	high_protocolname
sub-028	ses-02	run-01	1	Movie1A.mp4	Movie1_AP	high_protocolname
sub-028	ses-02	run-03	2	Movie2A.mp4	Movie2_AP	high_protocolname
sub-028	ses-02	run-05	3	Movie1B.mp4	Movie3_AP	high_protocolname
sub-028	ses-02	run-07	4	Movie2B.mp4	Movie4_AP	high_protocolname
sub-029	ses-01	run-01	1	Movie1A.mp4	Movie1_AP	high_protocolname
sub-029	ses-01	run-03	2	Movie2A.mp4	Movie2_AP	high_protocolname
sub-029	ses-01	run-05	3	Movie1B.mp4	Movie3_AP	high_protocolname
sub-029	ses-01	run-07	4	Movie2B.mp4	Movie4_AP	high_protocolname
sub-029	ses-02	run-01	1	Movie1A.mp4	Movie1_AP	high_protocolname
sub-029	ses-02	run-03	2	Movie2A.mp4	Movie2_AP	high_protocolname
sub-029	ses-02	run-05	3	Movie1B.mp4	Movie3_AP	high_protocolname
sub-029	ses-02	run-07	4	Movie2B.mp4	Movie4_AP	high_protocolname
sub-030	ses-01	run-01	1	Movie1A.mp4	Movie1_AP	high_protocolname
sub-030	ses-01	run-03	2	Movie2A.mp4	Movie2_AP	high_protocolname
sub-030	ses-01	run-05	3	Movie1B.mp4	Movie3_AP	high_protocolname
sub-030	ses-01	run-07	4	Movie2B.mp4	Movie4_AP	high_protocolname
sub-030	ses-02	run-01	1	Movie1A.mp4	Movie1_AP	high_protocolname
sub-030	ses-02	run-03	2	Movie2A.mp4	Movie2_AP	high_protocolname
sub-030	ses-02	run-05	3	Movie1B.mp4	Movie3_AP	high_protocolname
sub-030	ses-02	run-07	4	Movie2B.mp4	Movie4_AP	high_protocolname
sub-031	ses-01	run-01	1	Movie1A.mp4	Movie1_AP	high_protocolname
sub-031	ses-01	run-03	2	Movie2A.mp4	Movie2_AP	high_protocolname
sub-031	ses-01	run-05	3	Movie1B.mp4	Movie3_AP	high_protocolname
sub-031	ses-01	run-07	4	Movie2B.mp4	Movie4_AP	high_protocolname
sub-031	ses-02	run-01	1	Movie1A.mp4	Movie1_AP	high_protocolname
sub-031	ses-02	run-03	2	Movie2A.mp4	Movie2_AP	high_protocolname
sub-031	ses-02	run-05	3	Movie1B.mp4	Movie3_AP	high_protocolname
sub-031	ses-02	run-07	4	Movie2B.mp4	Movie4_AP	high_protocolname
sub-032	ses-01	run-01	1	Movie1A.mp4	Movie1_AP	high_protocolname
sub-032	ses-01	run-03	2	Movie2A.mp4	Movie2_AP	high_protocolname
sub-032	ses-01	run-05	3	Movie1B.mp4	Movie3_AP	high_protocolname
sub-032	ses-01	run-07	4	Movie2B.mp4	Movie4_AP	high_protocolname
sub-033	ses-01	run-01	1	Movie1A.mp4	Movie1_AP	high_protocolname
sub-033	ses-01	run-03	2	Movie2A.mp4	Movie2_AP	high_protocolname
sub-033	ses-01	run-05	3	Movie1B.mp4	Movie3_AP	high_protocolname
sub-033	ses-01	run-07	4	Movie2B.mp4	Movie4_AP	high_protocolname
sub-034	ses-01	run-01	1	Movie1A.mp4	Movie1_AP	high_protocolname
sub-034	ses-01	run-03	2	Movie2A.mp4	Movie2_AP	high_protocolname
sub-034	ses-01	run-05	3	Movie1B.mp4	Movie3_AP	high_protocolname
sub-034	ses-01	run-07	4	Movie2B.mp4	Movie4_AP	high_protocolname
sub-034	ses-02	run-01	1	Movie1A.mp4	Movie1_AP	high_protocolname
sub-034	ses-02	run-03	2	Movie2A.mp4	Movie2_AP	high_protocolname
sub-034	ses-02	run-05	3	Movie1B.mp4	Movie3_AP	high_protocolname
sub-034	ses-02	run-07	4	Movie2B.mp4	Movie4_AP	high_protocolname
sub-035	ses-01	run-01	1	Movie1A.mp4	Movie1_AP	high_protocolname
sub-035	ses-01	run-03	2	Movie2A.mp4	Movie2_AP	high_protocolname
sub-035	ses-01	run-05	3	Movie1B.mp4	Movie3_AP	high_protocolname
sub-035	ses-01	run-07	4	Movie2B.mp4	Movie4_AP	high_protocolname
sub-035	ses-02	run-01	1	Movie1A.mp4	Movie1_AP	high_protocolname
sub-035	ses-02	run-03	2	Movie2A.mp4	Movie2_AP	high_protocolname
sub-035	ses-02	run-05	3	Movie1B.mp4	Movie3_AP	high_protocolname
sub-035	ses-02	run-07	4	Movie2B.mp4	Movie4_AP	high_protocolname
sub-036	ses-01	run-01	1	Movie1A.mp4	Movie1_AP	high_protocolname
sub-036	ses-01	run-03	2	Movie2A.mp4	Movie2_AP	high_protocolname
sub-036	ses-01	run-05	3	Movie1B.mp4	Movie3_AP	high_protocolname
sub-036	ses-01	run-07	4	Movie2B.mp4	Movie4_AP	high_protocolname
sub-036	ses-02	run-01	1	Movie1A.mp4	Movie1_AP	high_protocolname
sub-036	ses-02	run-03	2	Movie2A.mp4	Movie2_AP	high_protocolname
sub-036	ses-02	run-05	3	Movie1B.mp4	Movie3_AP	high_protocolname
sub-036	ses-02	run-07	4	Movie2B.mp4	Movie4_AP	high_protocolname
sub-037	ses-01	run-01	1	Movie1A.mp4	Movie1_AP	high_protocolname
sub-037	ses-01	run-03	2	Movie2A.mp4	Movie2_AP	high_protocolname
sub-037	ses-01	run-05	3	Movie1B.mp4	Movie3_AP	high_protocolname
sub-037	ses-01	run-07	4	Movie2B.mp4	Movie4_AP	high_protocolname
sub-038	ses-01	run-01	1	Movie1A.mp4	Movie1_AP	high_protocolname
sub-038	ses-01	run-03	2	Movie2A.mp4	Movie2_AP	high_protocolname
sub-038	ses-01	run-05	3	Movie1B.mp4	Movie3_AP	high_protocolname
sub-038	ses-01	run-07	4	Movie2B.mp4	Movie4_AP	high_protocolname
sub-038	ses-02	run-01	1	Movie1A.mp4	Movie1_AP	high_protocolname
sub-038	ses-02	run-03	2	Movie2A.mp4	Movie2_AP	high_protocolname
sub-038	ses-02	run-05	3	Movie1B.mp4	Movie3_AP	high_protocolname
sub-038	ses-02	run-07	4	Movie2B.mp4	Movie4_AP	high_protocolname
sub-039	ses-01	run-01	1	Movie1A.mp4	Movie1_AP	high_protocolname
sub-039	ses-01	run-03	2	Movie2A.mp4	Movie2_AP	high_protocolname
sub-039	ses-01	run-05	3	Movie1B.mp4	Movie3_AP	high_protocolname
sub-039	ses-01	run-07	4	Movie2B.mp4	Movie4_AP	high_protocolname
sub-039	ses-02	run-01	1	Movie1A.mp4	Movie1_AP	high_protocolname
sub-039	ses-02	run-03	2	Movie2A.mp4	Movie2_AP	high_protocolname
sub-039	ses-02	run-05	3	Movie1B.mp4	Movie3_AP	high_protocolname
sub-039	ses-02	run-07	4	Movie2B.mp4	Movie4_AP	high_protocolname
sub-040	ses-01	run-01	1	Movie1A.mp4	Movie1_AP	high_protocolname
sub-040	ses-01	run-03	2	Movie2A.mp4	Movie2_AP	high_protocolname
sub-040	ses-01	run-05	3	Movie1B.mp4	Movie3_AP	high_protocolname
sub-040	ses-01	run-07	4	Movie2B.mp4	Movie4_AP	high_protocolname
sub-040	ses-02	run-01	1	Movie1A.mp4	Movie1_AP	high_protocolname
sub-040	ses-02	run-03	2	Movie2A.mp4	Movie2_AP	high_protocolname
sub-040	ses-02	run-05	3	Movie1B.mp4	Movie3_AP	high_protocolname
sub-040	ses-02	run-07	4	Movie2B.mp4	Movie4_AP	high_protocolname
sub-041	ses-01	run-01	1	Movie1A.mp4	Movie1_AP	high_protocolname
sub-041	ses-01	run-03	2	Movie2A.mp4	Movie2_AP	high_protocolname
sub-041	ses-01	run-05	3	Movie1B.mp4	Movie3_AP	high_protocolname
sub-041	ses-01	run-07	4	Movie2B.mp4	Movie4_AP	high_protocolname
sub-041	ses-02	run-01	1	Movie1A.mp4	Movie1_AP	high_protocolname
sub-041	ses-02	run-03	2	Movie2A.mp4	Movie2_AP	high_protocolname
sub-041	ses-02	run-05	3	Movie1B.mp4	Movie3_AP	high_protocolname
sub-041	ses-02	run-07	4	Movie2B.mp4	Movie4_AP	high_protocolname
sub-042	ses-01	run-01	1	Movie1A.mp4	Movie1_AP	high_protocolname
sub-042	ses-01	run-03	2	Movie2A.mp4	Movie2_AP	high_protocolname
sub-042	ses-01	run-05	3	Movie1B.mp4	Movie3_AP	high_protocolname
sub-042	ses-01	run-07	4	Movie2B.mp4	Movie4_AP	high_protocolname
sub-043	ses-02	run-01	1	Movie1A.mp4	Movie1_AP	high_protocolname
sub-043	ses-02	run-02	1	Movie1A.mp4	Movie1_AP	high_protocolname
sub-043	ses-02	run-05	2	Movie2A.mp4	Movie2_AP	high_protocolname
sub-043	ses-02	run-06	2	Movie2A.mp4	Movie2_AP	high_protocolname
sub-043	ses-02	run-09	3	Movie1B.mp4	Movie3_AP	high_protocolname
sub-043	ses-02	run-10	3	Movie1B.mp4	Movie3_AP	high_protocolname
sub-043	ses-02	run-13	4	Movie2B.mp4	Movie4_AP	high_protocolname
sub-043	ses-02	run-14	4	Movie2B.mp4	Movie4_AP	high_protocolname
sub-044	ses-01	run-01	1	Movie1A.mp4	Movie1_AP	high_protocolname
sub-044	ses-01	run-03	2	Movie2A.mp4	Movie2_AP	high_protocolname
sub-044	ses-01	run-05	3	Movie1B.mp4	Movie3_AP	high_protocolname
sub-044	ses-01	run-07	4	Movie2B.mp4	Movie4_AP	high_protocolname
sub-044	ses-02	run-01	1	Movie1A.mp4	Movie1_AP	high_protocolname
sub-044	ses-02	run-03	2	Movie2A.mp4	Movie2_AP	high_protocolname
sub-044	ses-02	run-05	3	Movie1B.mp4	Movie3_AP	high_protocolname
sub-044	ses-02	run-07	4	Movie2B.mp4	Movie4_AP	high_protocolname
sub-045	ses-01	run-01	1	Movie1A.mp4	Movie1_AP	high_protocolname
sub-045	ses-01	run-03	2	Movie2A.mp4	Movie2_AP	high_protocolname
sub-045	ses-01	run-05	3	Movie1B.mp4	Movie3_AP	high_protocolname
sub-045	ses-01	run-07	4	Movie2B.mp4	Movie4_AP	high_protocolname
sub-046	ses-01	run-01	1	Movie1A.mp4	Movie1_AP	high_protocolname
sub-046	ses-01	run-03	2	Movie2A.mp4	Movie2_AP	high_protocolname
sub-046	ses-01	run-05	3	Movie1B.mp4	Movie3_AP	high_protocolname
sub-046	ses-01	run-07	4	Movie2B.mp4	Movie4_AP	high_protocolname
sub-046	ses-02	run-01	1	Movie1A.mp4	Movie1_AP	high_protocolname
sub-046	ses-02	run-03	2	Movie2A.mp4	Movie2_AP	high_protocolname
sub-046	ses-02	run-05	3	Movie1B.mp4	Movie3_AP	high_protocolname
sub-046	ses-02	run-07	4	Movie2B.mp4	Movie4_AP	high_protocolname
sub-047	ses-01	run-01	1	Movie1A.mp4	Movie1_AP	high_protocolname
sub-047	ses-01	run-03	2	Movie2A.mp4	Movie2_AP	high_protocolname
sub-047	ses-01	run-05	3	Movie1B.mp4	Movie3_AP	high_protocolname
sub-047	ses-01	run-07	4	Movie2B.mp4	Movie4_AP	high_protocolname
sub-047	ses-02	run-01	1	Movie1A.mp4	Movie1_AP	high_protocolname
sub-047	ses-02	run-03	2	Movie2A.mp4	Movie2_AP	high_protocolname
sub-047	ses-02	run-05	3	Movie1B.mp4	Movie3_AP	high_protocolname
sub-047	ses-02	run-07	4	Movie2B.mp4	Movie4_AP	high_protocolname
sub-048	ses-01	run-01	1	Movie1A.mp4	Movie1_AP	high_protocolname
sub-048	ses-01	run-03	2	Movie2A.mp4	Movie2_AP	high_protocolname
sub-048	ses-01	run-05	3	Movie1B.mp4	Movie3_AP	high_protocolname
sub-048	ses-01	run-07	4	Movie2B.mp4	Movie4_AP	high_protocolname
sub-048	ses-02	run-01	1	Movie1A.mp4	Movie1_AP	high_protocolname
sub-048	ses-02	run-03	2	Movie2A.mp4	Movie2_AP	high_protocolname
sub-048	ses-02	run-05	3	Movie1B.mp4	Movie3_AP	high_protocolname
sub-048	ses-02	run-07	4	Movie2B.mp4	Movie4_AP	high_protocolname
sub-049	ses-01	run-01	1	Movie1A.mp4	Movie1_AP	high_protocolname
sub-049	ses-01	run-03	2	Movie2A.mp4	Movie2_AP	high_protocolname
sub-049	ses-01	run-05	3	Movie1B.mp4	Movie3_AP	high_protocolname
sub-049	ses-01	run-07	4	Movie2B.mp4	Movie4_AP	high_protocolname
sub-049	ses-02	run-01	1	Movie1A.mp4	Movie1_AP	high_protocolname
sub-049	ses-02	run-03	2	Movie2A.mp4	Movie2_AP	high_protocolname
sub-049	ses-02	run-05	3	Movie1B.mp4	Movie3_AP	high_protocolname
sub-050	ses-01	run-01	1	Movie1A.mp4	Movie1_AP	high_protocolname
sub-050	ses-01	run-03	2	Movie2A.mp4	Movie2_AP	high_protocolname
sub-050	ses-01	run-05	3	Movie1B.mp4	Movie3_AP	high_protocolname
sub-050	ses-01	run-07	4	Movie2B.mp4	Movie4_AP	high_protocolname
sub-051	ses-01	run-01	1	Movie1A.mp4	Movie1_AP	high_protocolname
sub-051	ses-01	run-03	2	Movie2A.mp4	Movie2_AP	high_protocolname
sub-051	ses-01	run-05	3	Movie1B.mp4	Movie3_AP	high_protocolname
sub-051	ses-01	run-07	4	Movie2B.mp4	Movie4_AP	high_protocolname
sub-052	ses-01	run-01	1	Movie1A.mp4	Movie1_AP	high_protocolname
sub-052	ses-01	run-03	2	Movie2A.mp4	Movie2_AP	high_protocolname
sub-052	ses-01	run-05	3	Movie1B.mp4	Movie3_AP	high_protocolname
sub-052	ses-01	run-07	4	Movie2B.mp4	Movie4_AP	high_protocolname
sub-052	ses-02	run-01	1	Movie1A.mp4	Movie1_AP	high_protocolname
sub-052	ses-02	run-03	2	Movie2A.mp4	Movie2_AP	high_protocolname
sub-052	ses-02	run-05	3	Movie1B.mp4	Movie3_AP	high_protocolname
sub-052	ses-02	run-07	4	Movie2B.mp4	Movie4_AP	high_protocolname
sub-053	ses-01	run-01	1	Movie1A.mp4	Movie1_AP	high_protocolname
sub-053	ses-01	run-03	2	Movie2A.mp4	Movie2_AP	high_protocolname
sub-053	ses-01	run-05	3	Movie1B.mp4	Movie3_AP	high_protocolname
sub-053	ses-01	run-07	4	Movie2B.mp4	Movie4_AP	high_protocolname
sub-054	ses-01	run-01	1	Movie1A.mp4	Movie1_AP	high_protocolname
sub-054	ses-01	run-03	2	Movie2A.mp4	Movie2_AP	high_protocolname
sub-054	ses-01	run-05	3	Movie1B.mp4	Movie3_AP	high_protocolname
sub-054	ses-01	run-07	4	Movie2B.mp4	Movie4_AP	high_protocolname
sub-054	ses-02	run-01	1	Movie1A.mp4	Movie1_AP	high_protocolname
sub-054	ses-02	run-03	2	Movie2A.mp4	Movie2_AP	high_protocolname
sub-054	ses-02	run-05	3	Movie1B.mp4	Movie3_AP	high_protocolname
sub-054	ses-02	run-07	4	Movie2B.mp4	Movie4_AP	high_protocolname
sub-055	ses-01	run-01	1	Movie1A.mp4	Movie1_AP	high_protocolname
sub-055	ses-01	run-03	2	Movie2A.mp4	Movie2_AP	high_protocolname
sub-055	ses-01	run-05	3	Movie1B.mp4	Movie3_AP	high_protocolname
sub-056	ses-01	run-01	1	Movie1A.mp4	Movie1_AP	high_protocolname
sub-056	ses-01	run-03	2	Movie2A.mp4	Movie2_AP	high_protocolname
sub-056	ses-01	run-05	3	Movie1B.mp4	Movie3_AP	high_protocolname
sub-056	ses-01	run-07	4	Movie2B.mp4	Movie4_AP	high_protocolname
sub-057	ses-01	run-01	1	Movie1A.mp4	Movie1_AP	high_protocolname
sub-057	ses-01	run-03	2	Movie2A.mp4	Movie2_AP	high_protocolname
sub-057	ses-01	run-05	3	Movie1B.mp4	Movie3_AP	high_protocolname
sub-057	ses-01	run-07	4	Movie2B.mp4	Movie4_AP	high_protocolname
sub-057	ses-02	run-01	1	Movie1A.mp4	Movie1_AP	high_protocolname
sub-057	ses-02	run-03	2	Movie2A.mp4	Movie2_AP	high_protocolname
sub-057	ses-02	run-05	3	Movie1B.mp4	Movie3_AP	high_protocolname
sub-057	ses-02	run-07	4	Movie2B.mp4	Movie4_AP	high_protocolname
sub-058	ses-01	run-01	1	Movie1A.mp4	Movie1_AP	high_protocolname
sub-058	ses-01	run-03	2	Movie2A.mp4	Movie2_AP	high_protocolname
sub-058	ses-01	run-05	3	Movie1B.mp4	Movie3_AP	high_protocolname
sub-058	ses-01	run-07	4	Movie2B.mp4	Movie4_AP	high_protocolname
sub-059	ses-01	run-01	1	Movie1A.mp4	Movie1_AP	high_protocolname
sub-059	ses-01	run-03	2	Movie2A.mp4	Movie2_AP	high_protocolname
sub-059	ses-01	run-05	3	Movie1B.mp4	Movie3_AP	high_protocolname
sub-059	ses-01	run-07	4	Movie2B.mp4	Movie4_AP	high_protocolname
sub-060	ses-01	run-01	1	Movie1A.mp4	Movie1_AP	high_protocolname
sub-060	ses-01	run-03	1	Movie1A.mp4	Movie1_AP	high_protocolname
sub-060	ses-01	run-05	2	Movie2A.mp4	Movie2_AP	high_protocolname
sub-060	ses-01	run-07	3	Movie1B.mp4	Movie3_AP	high_protocolname
sub-060	ses-01	run-09	4	Movie2B.mp4	Movie4_AP	high_protocolname
sub-061	ses-01	run-01	1	Movie1A.mp4	Movie1_AP	high_protocolname
sub-061	ses-01	run-03	2	Movie2A.mp4	Movie2_AP	high_protocolname
sub-061	ses-01	run-05	3	Movie1B.mp4	Movie3_AP	high_protocolname
sub-061	ses-01	run-07	4	Movie2B.mp4	Movie4_AP	high_protocolname
sub-062	ses-01	run-01	1	Movie1A.mp4	Movie1_AP	high_protocolname
sub-062	ses-01	run-03	2	Movie2A.mp4	Movie2_AP	high_protocolname
sub-062	ses-01	run-05	3	Movie1B.mp4	Movie3_AP	high_protocolname
sub-062	ses-01	run-07	4	Movie2B.mp4	Movie4_AP	high_protocolname
sub-064	ses-01	run-01	1	Movie1A.mp4	Movie1_AP	high_protocolname
sub-064	ses-01	run-03	2	Movie2A.mp4	Movie2_AP	high_protocolname
sub-064	ses-01	run-05	3	Movie1B.mp4	Movie3_AP	high_protocolname
sub-064	ses-01	run-07	4	Movie2B.mp4	Movie4_AP	high_protocolname
sub-064	ses-02	run-01	1	Movie1A.mp4	Movie1_AP	high_protocolname
sub-064	ses-02	run-03	2	Movie2A.mp4	Movie2_AP	high_protocolname
sub-064	ses-02	run-05	3	Movie1B.mp4	Movie3_AP	high_protocolname
sub-064	ses-02	run-07	4	Movie2B.mp4	Movie4_AP	high_protocolname
sub-065	ses-01	run-01	1	Movie1A.mp4	Movie1_AP	high_protocolname
sub-065	ses-01	run-03	2	Movie2A.mp4	Movie2_AP	high_protocolname
sub-065	ses-01	run-05	3	Movie1B.mp4	Movie3_AP	high_protocolname
sub-065	ses-01	run-07	4	Movie2B.mp4	Movie4_AP	high_protocolname
sub-066	ses-01	run-01	1	Movie1A.mp4	Movie1_AP	high_protocolname
sub-066	ses-01	run-03	2	Movie2A.mp4	Movie2_AP	high_protocolname
sub-066	ses-01	run-05	3	Movie1B.mp4	Movie3_AP	high_protocolname
sub-066	ses-01	run-07	4	Movie2B.mp4	Movie4_AP	high_protocolname
sub-066	ses-02	run-01	1	Movie1A.mp4	Movie1_AP	high_protocolname
sub-066	ses-02	run-03	2	Movie2A.mp4	Movie2_AP	high_protocolname
sub-066	ses-02	run-05	3	Movie1B.mp4	Movie3_AP	high_protocolname
sub-066	ses-02	run-07	4	Movie2B.mp4	Movie4_AP	high_protocolname
sub-067	ses-01	run-01	1	Movie1A.mp4	Movie1_AP	high_protocolname
sub-067	ses-01	run-03	2	Movie2A.mp4	Movie2_AP	high_protocolname
sub-067	ses-01	run-05	3	Movie1B.mp4	Movie3_AP	high_protocolname
sub-067	ses-01	run-07	4	Movie2B.mp4	Movie4_AP	high_protocolname
sub-067	ses-02	run-01	1	Movie1A.mp4	Movie1_AP	high_protocolname
sub-067	ses-02	run-03	2	Movie2A.mp4	Movie2_AP	high_protocolname
sub-067	ses-02	run-05	3	Movie1B.mp4	Movie3_AP	high_protocolname
sub-067	ses-02	run-07	4	Movie2B.mp4	Movie4_AP	high_protocolname
sub-068	ses-01	run-01	1	Movie1A.mp4	Movie1_AP	high_protocolname
sub-068	ses-01	run-03	2	Movie2A.mp4	Movie2_AP	high_protocolname
sub-068	ses-01	run-05	3	Movie1B.mp4	Movie3_AP	high_protocolname
sub-068	ses-01	run-07	4	Movie2B.mp4	Movie4_AP	high_protocolname
sub-068	ses-02	run-01	1	Movie1A.mp4	Movie1_AP	high_protocolname
sub-068	ses-02	run-03	2	Movie2A.mp4	Movie2_AP	high_protocolname
sub-068	ses-02	run-05	3	Movie1B.mp4	Movie3_AP	high_protocolname
sub-068	ses-02	run-07	4	Movie2B.mp4	Movie4_AP	high_protocolname
sub-069	ses-01	run-01	1	Movie1A.mp4	Movie1_AP	high_protocolname
sub-069	ses-01	run-03	2	Movie2A.mp4	Movie2_AP	high_protocolname
sub-069	ses-01	run-05	3	Movie1B.mp4	Movie3_AP	high_protocolname
sub-069	ses-01	run-07	4	Movie2B.mp4	Movie4_AP	high_protocolname
sub-069	ses-02	run-01	1	Movie1A.mp4	Movie1_AP	high_protocolname
sub-069	ses-02	run-03	2	Movie2A.mp4	Movie2_AP	high_protocolname
sub-069	ses-02	run-05	3	Movie1B.mp4	Movie3_AP	high_protocolname
sub-069	ses-02	run-07	4	Movie2B.mp4	Movie4_AP	high_protocolname
sub-070	ses-01	run-01	1	Movie1A.mp4	Movie1_AP	high_protocolname
sub-070	ses-01	run-03	2	Movie2A.mp4	Movie2_AP	high_protocolname
sub-070	ses-01	run-05	3	Movie1B.mp4	Movie3_AP	high_protocolname
sub-070	ses-01	run-07	4	Movie2B.mp4	Movie4_AP	high_protocolname
sub-071	ses-01	run-01	1	Movie1A.mp4	Movie1_AP	high_protocolname
sub-071	ses-01	run-03	2	Movie2A.mp4	Movie2_AP	high_protocolname
sub-071	ses-01	run-05	3	Movie1B.mp4	Movie3_AP	high_protocolname
sub-071	ses-01	run-07	4	Movie2B.mp4	Movie4_AP	high_protocolname
sub-072	ses-01	run-01	1	Movie1A.mp4	Movie1_AP	high_protocolname
sub-072	ses-01	run-03	2	Movie2A.mp4	Movie2_AP	high_protocolname
sub-072	ses-01	run-05	3	Movie1B.mp4	Movie3_AP	high_protocolname
sub-072	ses-01	run-07	4	Movie2B.mp4	Movie4_AP	high_protocolname
sub-072	ses-02	run-01	1	Movie1A.mp4	Movie1_AP	high_protocolname
sub-072	ses-02	run-03	2	Movie2A.mp4	Movie2_AP	high_protocolname
sub-072	ses-02	run-05	3	Movie1B.mp4	Movie3_AP	high_protocolname
sub-072	ses-02	run-07	4	Movie2B.mp4	Movie4_AP	high_protocolname
sub-073	ses-01	run-01	1	Movie1A.mp4	Movie1_AP	high_protocolname
sub-073	ses-01	run-03	2	Movie2A.mp4	Movie2_AP	high_protocolname
sub-073	ses-01	run-05	3	Movie1B.mp4	Movie3_AP	high_protocolname
sub-073	ses-01	run-07	4	Movie2B.mp4	Movie4_AP	high_protocolname
sub-073	ses-02	run-01	1	Movie1A.mp4	Movie1_AP	high_protocolname
sub-073	ses-02	run-03	2	Movie2A.mp4	Movie2_AP	high_protocolname
sub-073	ses-02	run-05	3	Movie1B.mp4	Movie3_AP	high_protocolname
sub-073	ses-02	run-07	4	Movie2B.mp4	Movie4_AP	high_protocolname
sub-074	ses-01	run-01	1	Movie1A.mp4	Movie1_AP	high_protocolname
sub-074	ses-01	run-03	2	Movie2A.mp4	Movie2_AP	high_protocolname
sub-074	ses-01	run-05	3	Movie1B.mp4	Movie3_AP	high_protocolname
sub-074	ses-01	run-07	4	Movie2B.mp4	Movie4_AP	high_protocolname
sub-074	ses-02	run-01	1	Movie1A.mp4	Movie1_AP	high_protocolname
sub-074	ses-02	run-03	2	Movie2A.mp4	Movie2_AP	high_protocolname
sub-074	ses-02	run-05	3	Movie1B.mp4	Movie3_AP	high_protocolname
sub-074	ses-02	run-07	4	Movie2B.mp4	Movie4_AP	high_protocolname
sub-075	ses-01	run-01	1	Movie1A.mp4	Movie1_AP	high_protocolname
sub-075	ses-01	run-03	2	Movie2A.mp4	Movie2_AP	high_protocolname
sub-075	ses-01	run-05	3	Movie1B.mp4	Movie3_AP	high_protocolname
sub-075	ses-01	run-07	4	Movie2B.mp4	Movie4_AP	high_protocolname
sub-076	ses-01	run-01	1	Movie1A.mp4	Movie1_AP	high_protocolname
sub-076	ses-01	run-03	2	Movie2A.mp4	Movie2_AP	high_protocolname
sub-076	ses-01	run-05	3	Movie1B.mp4	Movie3_AP	high_protocolname
sub-076	ses-01	run-07	4	Movie2B.mp4	Movie4_AP	high_protocolname
sub-077	ses-01	run-01	1	Movie1A.mp4	Movie1_AP	high_protocolname
sub-077	ses-01	run-03	2	Movie2A.mp4	Movie2_AP	high_protocolname
sub-077	ses-01	run-05	3	Movie1B.mp4	Movie3_AP	high_protocolname
sub-077	ses-01	run-07	4	Movie2B.mp4	Movie4_AP	high_protocolname
sub-078	ses-01	run-01	1	Movie1A.mp4	Movie1_AP	high_protocolname
sub-078	ses-01	run-03	2	Movie2A.mp4	Movie2_AP	high_protocolname
sub-078	ses-01	run-05	3	Movie1B.mp4	Movie3_AP	high_protocolname
sub-078	ses-01	run-07	4	Movie2B.mp4	Movie4_AP	high_protocolname
sub-078	ses-02	run-01	1	Movie1A.mp4	Movie1_AP	high_protocolname
sub-079	ses-01	run-01	1	Movie1A.mp4	Movie1_AP	high_protocolname
sub-079	ses-01	run-03	2	Movie2A.mp4	Movie2_AP	high_protocolname
sub-079	ses-01	run-05	3	Movie1B.mp4	Movie3_AP	high_protocolname
sub-079	ses-01	run-07	4	Movie2B.mp4	Movie4_AP	high_protocolname
sub-080	ses-01	run-01	1	Movie1A.mp4	Movie1_AP	high_protocolname
sub-080	ses-01	run-03	2	Movie2A.mp4	Movie2_AP	high_protocolname
sub-080	ses-01	run-05	3	Movie1B.mp4	Movie3_AP	high_protocolname
sub-080	ses-01	run-07	4	Movie2B.mp4	Movie4_AP	high_protocolname
sub-081	ses-01	run-01	1	Movie1A.mp4	Movie1_AP	high_protocolname
sub-081	ses-01	run-03	2	Movie2A.mp4	Movie2_AP	high_protocolname
sub-081	ses-01	run-05	3	Movie1B.mp4	Movie3_AP	high_protocolname
sub-081	ses-01	run-07	4	Movie2B.mp4	Movie4_AP	high_protocolname
sub-081	ses-02	run-01	1	Movie1A.mp4	Movie1_AP	high_protocolname
sub-081	ses-02	run-03	2	Movie2A.mp4	Movie2_AP	high_protocolname
sub-081	ses-02	run-05	3	Movie1B.mp4	Movie3_AP	high_protocolname
sub-081	ses-02	run-07	4	Movie2B.mp4	Movie4_AP	high_protocolname
sub-082	ses-01	run-01	1	Movie1A.mp4	Movie1_AP	high_protocolname
sub-082	ses-01	run-03	2	Movie2A.mp4	Movie2_AP	high_protocolname
sub-082	ses-01	run-05	3	Movie1B.mp4	Movie3_AP	high_protocolname
sub-082	ses-01	run-07	3	Movie1B.mp4	Movie3_AP	high_protocolname
sub-082	ses-01	run-09	4	Movie2B.mp4	Movie4_AP	high_protocolname
sub-083	ses-01	run-01	1	Movie1A.mp4	Movie1_AP	high_protocolname
sub-083	ses-01	run-03	2	Movie2A.mp4	Movie2_AP	high_protocolname
sub-083	ses-01	run-05	3	Movie1B.mp4	Movie3_AP	high_protocolname
sub-083	ses-01	run-07	4	Movie2B.mp4	Movie4_AP	high_protocolname
sub-084	ses-01	run-01	1	Movie1A.mp4	Movie1_AP	high_protocolname
sub-084	ses-01	run-03	2	Movie2A.mp4	Movie2_AP	high_protocolname
sub-084	ses-01	run-05	3	Movie1B.mp4	Movie3_AP	high_protocolname
sub-084	ses-01	run-07	4	Movie2B.mp4	Movie4_AP	high_protocolname
